<<<<<<< HEAD
2025-05-22T13:24:53.714+05:30  INFO 5268 --- [customer] [restartedMain] c.app.ClmsCustomerApiModuleApplication   : Starting ClmsCustomerApiModuleApplication using Java 17.0.8.1 with PID 5268 (C:\Users\Dell\git\CarLoan_Customer\CLMS-Customer-API-Module\target\classes started by Dell in C:\Users\Dell\git\CarLoan_Customer\CLMS-Customer-API-Module)
2025-05-22T13:24:53.721+05:30  INFO 5268 --- [customer] [restartedMain] c.app.ClmsCustomerApiModuleApplication   : No active profile set, falling back to 1 default profile: "default"
2025-05-22T13:24:53.798+05:30  INFO 5268 --- [customer] [restartedMain] .e.DevToolsPropertyDefaultsPostProcessor : Devtools property defaults active! Set 'spring.devtools.add-properties' to 'false' to disable
2025-05-22T13:24:53.799+05:30  INFO 5268 --- [customer] [restartedMain] .e.DevToolsPropertyDefaultsPostProcessor : For additional web related logging consider setting the 'logging.level.web' property to 'DEBUG'
2025-05-22T13:24:54.870+05:30  INFO 5268 --- [customer] [restartedMain] .s.d.r.c.RepositoryConfigurationDelegate : Bootstrapping Spring Data JPA repositories in DEFAULT mode.
2025-05-22T13:24:54.946+05:30  INFO 5268 --- [customer] [restartedMain] .s.d.r.c.RepositoryConfigurationDelegate : Finished Spring Data repository scanning in 61 ms. Found 1 JPA repository interface.
2025-05-22T13:24:55.657+05:30  INFO 5268 --- [customer] [restartedMain] o.s.b.w.embedded.tomcat.TomcatWebServer  : Tomcat initialized with port 7777 (http)
2025-05-22T13:24:55.678+05:30  INFO 5268 --- [customer] [restartedMain] o.apache.catalina.core.StandardService   : Starting service [Tomcat]
2025-05-22T13:24:55.678+05:30  INFO 5268 --- [customer] [restartedMain] o.apache.catalina.core.StandardEngine    : Starting Servlet engine: [Apache Tomcat/10.1.40]
2025-05-22T13:24:55.761+05:30  INFO 5268 --- [customer] [restartedMain] o.a.c.c.C.[Tomcat].[localhost].[/]       : Initializing Spring embedded WebApplicationContext
2025-05-22T13:24:55.763+05:30  INFO 5268 --- [customer] [restartedMain] w.s.c.ServletWebServerApplicationContext : Root WebApplicationContext: initialization completed in 1961 ms
2025-05-22T13:24:55.988+05:30  INFO 5268 --- [customer] [restartedMain] o.hibernate.jpa.internal.util.LogHelper  : HHH000204: Processing PersistenceUnitInfo [name: default]
2025-05-22T13:24:56.083+05:30  INFO 5268 --- [customer] [restartedMain] org.hibernate.Version                    : HHH000412: Hibernate ORM core version 6.6.13.Final
2025-05-22T13:24:56.139+05:30  INFO 5268 --- [customer] [restartedMain] o.h.c.internal.RegionFactoryInitiator    : HHH000026: Second-level cache disabled
2025-05-22T13:24:56.718+05:30  INFO 5268 --- [customer] [restartedMain] o.s.o.j.p.SpringPersistenceUnitInfo      : No LoadTimeWeaver setup: ignoring JPA class transformer
2025-05-22T13:24:56.766+05:30  INFO 5268 --- [customer] [restartedMain] com.zaxxer.hikari.HikariDataSource       : HikariPool-1 - Starting...
2025-05-22T13:24:57.193+05:30  INFO 5268 --- [customer] [restartedMain] com.zaxxer.hikari.pool.HikariPool        : HikariPool-1 - Added connection com.mysql.cj.jdbc.ConnectionImpl@8e7d47e
2025-05-22T13:24:57.196+05:30  INFO 5268 --- [customer] [restartedMain] com.zaxxer.hikari.HikariDataSource       : HikariPool-1 - Start completed.
2025-05-22T13:24:57.279+05:30  WARN 5268 --- [customer] [restartedMain] org.hibernate.orm.deprecation            : HHH90000025: MySQLDialect does not need to be specified explicitly using 'hibernate.dialect' (remove the property setting and it will be selected by default)
2025-05-22T13:24:57.324+05:30  INFO 5268 --- [customer] [restartedMain] org.hibernate.orm.connections.pooling    : HHH10001005: Database info:
	Database JDBC URL [Connecting through datasource 'HikariDataSource (HikariPool-1)']
	Database driver: undefined/unknown
	Database version: 8.0.37
	Autocommit mode: undefined/unknown
	Isolation level: undefined/unknown
	Minimum pool size: undefined/unknown
	Maximum pool size: undefined/unknown
2025-05-22T13:24:58.569+05:30  INFO 5268 --- [customer] [restartedMain] o.h.e.t.j.p.i.JtaPlatformInitiator       : HHH000489: No JTA platform available (set 'hibernate.transaction.jta.platform' to enable JTA platform integration)
2025-05-22T13:24:58.676+05:30  INFO 5268 --- [customer] [restartedMain] j.LocalContainerEntityManagerFactoryBean : Initialized JPA EntityManagerFactory for persistence unit 'default'
2025-05-22T13:24:59.215+05:30  WARN 5268 --- [customer] [restartedMain] JpaBaseConfiguration$JpaWebConfiguration : spring.jpa.open-in-view is enabled by default. Therefore, database queries may be performed during view rendering. Explicitly configure spring.jpa.open-in-view to disable this warning
2025-05-22T13:24:59.291+05:30  INFO 5268 --- [customer] [restartedMain] o.s.v.b.OptionalValidatorFactoryBean     : Failed to set up a Bean Validation provider: jakarta.validation.NoProviderFoundException: Unable to create a Configuration, because no Jakarta Bean Validation provider could be found. Add a provider like Hibernate Validator (RI) to your classpath.
2025-05-22T13:24:59.846+05:30  INFO 5268 --- [customer] [restartedMain] o.s.b.d.a.OptionalLiveReloadServer       : LiveReload server is running on port 35729
2025-05-22T13:24:59.914+05:30  INFO 5268 --- [customer] [restartedMain] o.s.b.w.embedded.tomcat.TomcatWebServer  : Tomcat started on port 7777 (http) with context path '/'
2025-05-22T13:24:59.935+05:30  INFO 5268 --- [customer] [restartedMain] c.app.ClmsCustomerApiModuleApplication   : Started ClmsCustomerApiModuleApplication in 6.865 seconds (process running for 8.128)
2025-05-22T13:26:16.340+05:30  INFO 5268 --- [customer] [http-nio-7777-exec-4] o.a.c.c.C.[Tomcat].[localhost].[/]       : Initializing Spring DispatcherServlet 'dispatcherServlet'
2025-05-22T13:26:16.341+05:30  INFO 5268 --- [customer] [http-nio-7777-exec-4] o.s.web.servlet.DispatcherServlet        : Initializing Servlet 'dispatcherServlet'
2025-05-22T13:26:16.343+05:30  INFO 5268 --- [customer] [http-nio-7777-exec-4] o.s.web.servlet.DispatcherServlet        : Completed initialization in 2 ms
2025-05-22T13:31:08.888+05:30  INFO 5268 --- [customer] [File Watcher] rtingClassPathChangeChangedEventListener : Restarting due to 1 class path change (0 additions, 0 deletions, 1 modification)
2025-05-22T13:31:08.894+05:30  INFO 5268 --- [customer] [Thread-5] o.s.b.w.e.tomcat.GracefulShutdown        : Commencing graceful shutdown. Waiting for active requests to complete
2025-05-22T13:31:08.974+05:30  INFO 5268 --- [customer] [tomcat-shutdown] o.s.b.w.e.tomcat.GracefulShutdown        : Graceful shutdown complete
2025-05-22T13:31:08.984+05:30  INFO 5268 --- [customer] [Thread-5] j.LocalContainerEntityManagerFactoryBean : Closing JPA EntityManagerFactory for persistence unit 'default'
2025-05-22T13:31:08.989+05:30  INFO 5268 --- [customer] [Thread-5] com.zaxxer.hikari.HikariDataSource       : HikariPool-1 - Shutdown initiated...
2025-05-22T13:31:09.008+05:30  INFO 5268 --- [customer] [Thread-5] com.zaxxer.hikari.HikariDataSource       : HikariPool-1 - Shutdown completed.
2025-05-22T13:31:09.171+05:30  INFO 5268 --- [customer] [restartedMain] c.app.ClmsCustomerApiModuleApplication   : Starting ClmsCustomerApiModuleApplication using Java 17.0.8.1 with PID 5268 (C:\Users\Dell\git\CarLoan_Customer\CLMS-Customer-API-Module\target\classes started by Dell in C:\Users\Dell\git\CarLoan_Customer\CLMS-Customer-API-Module)
2025-05-22T13:31:09.175+05:30  INFO 5268 --- [customer] [restartedMain] c.app.ClmsCustomerApiModuleApplication   : No active profile set, falling back to 1 default profile: "default"
2025-05-22T13:31:09.675+05:30  INFO 5268 --- [customer] [restartedMain] .s.d.r.c.RepositoryConfigurationDelegate : Bootstrapping Spring Data JPA repositories in DEFAULT mode.
2025-05-22T13:31:09.701+05:30  INFO 5268 --- [customer] [restartedMain] .s.d.r.c.RepositoryConfigurationDelegate : Finished Spring Data repository scanning in 20 ms. Found 1 JPA repository interface.
2025-05-22T13:31:09.907+05:30  INFO 5268 --- [customer] [restartedMain] o.s.b.w.embedded.tomcat.TomcatWebServer  : Tomcat initialized with port 7777 (http)
2025-05-22T13:31:09.909+05:30  INFO 5268 --- [customer] [restartedMain] o.apache.catalina.core.StandardService   : Starting service [Tomcat]
2025-05-22T13:31:09.910+05:30  INFO 5268 --- [customer] [restartedMain] o.apache.catalina.core.StandardEngine    : Starting Servlet engine: [Apache Tomcat/10.1.40]
2025-05-22T13:31:09.942+05:30  INFO 5268 --- [customer] [restartedMain] o.a.c.c.C.[Tomcat].[localhost].[/]       : Initializing Spring embedded WebApplicationContext
2025-05-22T13:31:09.942+05:30  INFO 5268 --- [customer] [restartedMain] w.s.c.ServletWebServerApplicationContext : Root WebApplicationContext: initialization completed in 764 ms
2025-05-22T13:31:10.008+05:30  INFO 5268 --- [customer] [restartedMain] o.hibernate.jpa.internal.util.LogHelper  : HHH000204: Processing PersistenceUnitInfo [name: default]
2025-05-22T13:31:10.014+05:30  INFO 5268 --- [customer] [restartedMain] o.h.c.internal.RegionFactoryInitiator    : HHH000026: Second-level cache disabled
2025-05-22T13:31:10.032+05:30  INFO 5268 --- [customer] [restartedMain] o.s.o.j.p.SpringPersistenceUnitInfo      : No LoadTimeWeaver setup: ignoring JPA class transformer
2025-05-22T13:31:10.034+05:30  INFO 5268 --- [customer] [restartedMain] com.zaxxer.hikari.HikariDataSource       : HikariPool-2 - Starting...
2025-05-22T13:31:10.058+05:30  INFO 5268 --- [customer] [restartedMain] com.zaxxer.hikari.pool.HikariPool        : HikariPool-2 - Added connection com.mysql.cj.jdbc.ConnectionImpl@12ed6700
2025-05-22T13:31:10.058+05:30  INFO 5268 --- [customer] [restartedMain] com.zaxxer.hikari.HikariDataSource       : HikariPool-2 - Start completed.
2025-05-22T13:31:10.060+05:30  WARN 5268 --- [customer] [restartedMain] org.hibernate.orm.deprecation            : HHH90000025: MySQLDialect does not need to be specified explicitly using 'hibernate.dialect' (remove the property setting and it will be selected by default)
2025-05-22T13:31:10.060+05:30  INFO 5268 --- [customer] [restartedMain] org.hibernate.orm.connections.pooling    : HHH10001005: Database info:
	Database JDBC URL [Connecting through datasource 'HikariDataSource (HikariPool-2)']
	Database driver: undefined/unknown
	Database version: 8.0.37
	Autocommit mode: undefined/unknown
	Isolation level: undefined/unknown
	Minimum pool size: undefined/unknown
	Maximum pool size: undefined/unknown
2025-05-22T13:31:10.259+05:30  INFO 5268 --- [customer] [restartedMain] o.h.e.t.j.p.i.JtaPlatformInitiator       : HHH000489: No JTA platform available (set 'hibernate.transaction.jta.platform' to enable JTA platform integration)
2025-05-22T13:31:10.320+05:30  INFO 5268 --- [customer] [restartedMain] j.LocalContainerEntityManagerFactoryBean : Initialized JPA EntityManagerFactory for persistence unit 'default'
2025-05-22T13:31:10.536+05:30  WARN 5268 --- [customer] [restartedMain] JpaBaseConfiguration$JpaWebConfiguration : spring.jpa.open-in-view is enabled by default. Therefore, database queries may be performed during view rendering. Explicitly configure spring.jpa.open-in-view to disable this warning
2025-05-22T13:31:10.567+05:30  INFO 5268 --- [customer] [restartedMain] o.s.v.b.OptionalValidatorFactoryBean     : Failed to set up a Bean Validation provider: jakarta.validation.NoProviderFoundException: Unable to create a Configuration, because no Jakarta Bean Validation provider could be found. Add a provider like Hibernate Validator (RI) to your classpath.
2025-05-22T13:31:10.886+05:30  INFO 5268 --- [customer] [restartedMain] o.s.b.d.a.OptionalLiveReloadServer       : LiveReload server is running on port 35729
2025-05-22T13:31:10.926+05:30  INFO 5268 --- [customer] [restartedMain] o.s.b.w.embedded.tomcat.TomcatWebServer  : Tomcat started on port 7777 (http) with context path '/'
2025-05-22T13:31:10.942+05:30  INFO 5268 --- [customer] [restartedMain] c.app.ClmsCustomerApiModuleApplication   : Started ClmsCustomerApiModuleApplication in 1.835 seconds (process running for 379.134)
2025-05-22T13:31:10.956+05:30  INFO 5268 --- [customer] [restartedMain] .ConditionEvaluationDeltaLoggingListener : Condition evaluation unchanged
2025-05-22T13:33:40.485+05:30  INFO 5268 --- [customer] [File Watcher] rtingClassPathChangeChangedEventListener : Restarting due to 1 class path change (0 additions, 0 deletions, 1 modification)
2025-05-22T13:33:40.487+05:30  INFO 5268 --- [customer] [Thread-7] o.s.b.w.e.tomcat.GracefulShutdown        : Commencing graceful shutdown. Waiting for active requests to complete
2025-05-22T13:33:40.547+05:30  INFO 5268 --- [customer] [tomcat-shutdown] o.s.b.w.e.tomcat.GracefulShutdown        : Graceful shutdown complete
2025-05-22T13:33:40.550+05:30  INFO 5268 --- [customer] [Thread-7] j.LocalContainerEntityManagerFactoryBean : Closing JPA EntityManagerFactory for persistence unit 'default'
2025-05-22T13:33:40.552+05:30  INFO 5268 --- [customer] [Thread-7] com.zaxxer.hikari.HikariDataSource       : HikariPool-2 - Shutdown initiated...
2025-05-22T13:33:40.565+05:30  INFO 5268 --- [customer] [Thread-7] com.zaxxer.hikari.HikariDataSource       : HikariPool-2 - Shutdown completed.
2025-05-22T13:33:40.687+05:30  INFO 5268 --- [customer] [restartedMain] c.app.ClmsCustomerApiModuleApplication   : Starting ClmsCustomerApiModuleApplication using Java 17.0.8.1 with PID 5268 (C:\Users\Dell\git\CarLoan_Customer\CLMS-Customer-API-Module\target\classes started by Dell in C:\Users\Dell\git\CarLoan_Customer\CLMS-Customer-API-Module)
2025-05-22T13:33:40.687+05:30  INFO 5268 --- [customer] [restartedMain] c.app.ClmsCustomerApiModuleApplication   : No active profile set, falling back to 1 default profile: "default"
2025-05-22T13:33:40.908+05:30  INFO 5268 --- [customer] [restartedMain] .s.d.r.c.RepositoryConfigurationDelegate : Bootstrapping Spring Data JPA repositories in DEFAULT mode.
2025-05-22T13:33:40.918+05:30  INFO 5268 --- [customer] [restartedMain] .s.d.r.c.RepositoryConfigurationDelegate : Finished Spring Data repository scanning in 8 ms. Found 1 JPA repository interface.
2025-05-22T13:33:41.023+05:30  INFO 5268 --- [customer] [restartedMain] o.s.b.w.embedded.tomcat.TomcatWebServer  : Tomcat initialized with port 7777 (http)
2025-05-22T13:33:41.024+05:30  INFO 5268 --- [customer] [restartedMain] o.apache.catalina.core.StandardService   : Starting service [Tomcat]
2025-05-22T13:33:41.025+05:30  INFO 5268 --- [customer] [restartedMain] o.apache.catalina.core.StandardEngine    : Starting Servlet engine: [Apache Tomcat/10.1.40]
2025-05-22T13:33:41.044+05:30  INFO 5268 --- [customer] [restartedMain] o.a.c.c.C.[Tomcat].[localhost].[/]       : Initializing Spring embedded WebApplicationContext
2025-05-22T13:33:41.045+05:30  INFO 5268 --- [customer] [restartedMain] w.s.c.ServletWebServerApplicationContext : Root WebApplicationContext: initialization completed in 355 ms
2025-05-22T13:33:41.100+05:30  INFO 5268 --- [customer] [restartedMain] o.hibernate.jpa.internal.util.LogHelper  : HHH000204: Processing PersistenceUnitInfo [name: default]
2025-05-22T13:33:41.103+05:30  INFO 5268 --- [customer] [restartedMain] o.h.c.internal.RegionFactoryInitiator    : HHH000026: Second-level cache disabled
2025-05-22T13:33:41.114+05:30  INFO 5268 --- [customer] [restartedMain] o.s.o.j.p.SpringPersistenceUnitInfo      : No LoadTimeWeaver setup: ignoring JPA class transformer
2025-05-22T13:33:41.116+05:30  INFO 5268 --- [customer] [restartedMain] com.zaxxer.hikari.HikariDataSource       : HikariPool-3 - Starting...
2025-05-22T13:33:41.132+05:30  INFO 5268 --- [customer] [restartedMain] com.zaxxer.hikari.pool.HikariPool        : HikariPool-3 - Added connection com.mysql.cj.jdbc.ConnectionImpl@2cc46d47
2025-05-22T13:33:41.132+05:30  INFO 5268 --- [customer] [restartedMain] com.zaxxer.hikari.HikariDataSource       : HikariPool-3 - Start completed.
2025-05-22T13:33:41.134+05:30  WARN 5268 --- [customer] [restartedMain] org.hibernate.orm.deprecation            : HHH90000025: MySQLDialect does not need to be specified explicitly using 'hibernate.dialect' (remove the property setting and it will be selected by default)
2025-05-22T13:33:41.134+05:30  INFO 5268 --- [customer] [restartedMain] org.hibernate.orm.connections.pooling    : HHH10001005: Database info:
	Database JDBC URL [Connecting through datasource 'HikariDataSource (HikariPool-3)']
	Database driver: undefined/unknown
	Database version: 8.0.37
	Autocommit mode: undefined/unknown
	Isolation level: undefined/unknown
	Minimum pool size: undefined/unknown
	Maximum pool size: undefined/unknown
2025-05-22T13:33:41.269+05:30  INFO 5268 --- [customer] [restartedMain] o.h.e.t.j.p.i.JtaPlatformInitiator       : HHH000489: No JTA platform available (set 'hibernate.transaction.jta.platform' to enable JTA platform integration)
2025-05-22T13:33:41.317+05:30  INFO 5268 --- [customer] [restartedMain] j.LocalContainerEntityManagerFactoryBean : Initialized JPA EntityManagerFactory for persistence unit 'default'
2025-05-22T13:33:41.435+05:30  WARN 5268 --- [customer] [restartedMain] JpaBaseConfiguration$JpaWebConfiguration : spring.jpa.open-in-view is enabled by default. Therefore, database queries may be performed during view rendering. Explicitly configure spring.jpa.open-in-view to disable this warning
2025-05-22T13:33:41.464+05:30  INFO 5268 --- [customer] [restartedMain] o.s.v.b.OptionalValidatorFactoryBean     : Failed to set up a Bean Validation provider: jakarta.validation.NoProviderFoundException: Unable to create a Configuration, because no Jakarta Bean Validation provider could be found. Add a provider like Hibernate Validator (RI) to your classpath.
2025-05-22T13:33:41.621+05:30  INFO 5268 --- [customer] [restartedMain] o.s.b.d.a.OptionalLiveReloadServer       : LiveReload server is running on port 35729
2025-05-22T13:33:41.638+05:30  INFO 5268 --- [customer] [restartedMain] o.s.b.w.embedded.tomcat.TomcatWebServer  : Tomcat started on port 7777 (http) with context path '/'
2025-05-22T13:33:41.645+05:30  INFO 5268 --- [customer] [restartedMain] c.app.ClmsCustomerApiModuleApplication   : Started ClmsCustomerApiModuleApplication in 1.009 seconds (process running for 529.838)
2025-05-22T13:33:41.648+05:30  INFO 5268 --- [customer] [restartedMain] .ConditionEvaluationDeltaLoggingListener : Condition evaluation unchanged
2025-05-22T13:34:58.059+05:30  INFO 5268 --- [customer] [http-nio-7777-exec-1] o.a.c.c.C.[Tomcat].[localhost].[/]       : Initializing Spring DispatcherServlet 'dispatcherServlet'
2025-05-22T13:34:58.059+05:30  INFO 5268 --- [customer] [http-nio-7777-exec-1] o.s.web.servlet.DispatcherServlet        : Initializing Servlet 'dispatcherServlet'
2025-05-22T13:34:58.061+05:30  INFO 5268 --- [customer] [http-nio-7777-exec-1] o.s.web.servlet.DispatcherServlet        : Completed initialization in 2 ms
2025-05-22T13:35:31.633+05:30  INFO 5268 --- [customer] [RMI TCP Connection(15)-127.0.0.1] inMXBeanRegistrar$SpringApplicationAdmin : Application shutdown requested.
2025-05-22T13:35:31.634+05:30  INFO 5268 --- [customer] [RMI TCP Connection(15)-127.0.0.1] o.s.b.w.e.tomcat.GracefulShutdown        : Commencing graceful shutdown. Waiting for active requests to complete
2025-05-22T13:35:31.692+05:30  INFO 5268 --- [customer] [tomcat-shutdown] o.s.b.w.e.tomcat.GracefulShutdown        : Graceful shutdown complete
2025-05-22T13:35:31.695+05:30  INFO 5268 --- [customer] [RMI TCP Connection(15)-127.0.0.1] j.LocalContainerEntityManagerFactoryBean : Closing JPA EntityManagerFactory for persistence unit 'default'
2025-05-22T13:35:31.696+05:30  INFO 5268 --- [customer] [RMI TCP Connection(15)-127.0.0.1] com.zaxxer.hikari.HikariDataSource       : HikariPool-3 - Shutdown initiated...
2025-05-22T13:35:31.702+05:30  INFO 5268 --- [customer] [RMI TCP Connection(15)-127.0.0.1] com.zaxxer.hikari.HikariDataSource       : HikariPool-3 - Shutdown completed.
2025-05-22T13:35:38.449+05:30  INFO 4320 --- [customer] [restartedMain] c.app.ClmsCustomerApiModuleApplication   : Starting ClmsCustomerApiModuleApplication using Java 17.0.8.1 with PID 4320 (C:\Users\Dell\git\CarLoan_Customer\CLMS-Customer-API-Module\target\classes started by Dell in C:\Users\Dell\git\CarLoan_Customer\CLMS-Customer-API-Module)
2025-05-22T13:35:38.452+05:30  INFO 4320 --- [customer] [restartedMain] c.app.ClmsCustomerApiModuleApplication   : No active profile set, falling back to 1 default profile: "default"
2025-05-22T13:35:38.527+05:30  INFO 4320 --- [customer] [restartedMain] .e.DevToolsPropertyDefaultsPostProcessor : Devtools property defaults active! Set 'spring.devtools.add-properties' to 'false' to disable
2025-05-22T13:35:38.528+05:30  INFO 4320 --- [customer] [restartedMain] .e.DevToolsPropertyDefaultsPostProcessor : For additional web related logging consider setting the 'logging.level.web' property to 'DEBUG'
2025-05-22T13:35:39.400+05:30  INFO 4320 --- [customer] [restartedMain] .s.d.r.c.RepositoryConfigurationDelegate : Bootstrapping Spring Data JPA repositories in DEFAULT mode.
2025-05-22T13:35:39.463+05:30  INFO 4320 --- [customer] [restartedMain] .s.d.r.c.RepositoryConfigurationDelegate : Finished Spring Data repository scanning in 51 ms. Found 1 JPA repository interface.
2025-05-22T13:35:39.965+05:30  INFO 4320 --- [customer] [restartedMain] o.s.b.w.embedded.tomcat.TomcatWebServer  : Tomcat initialized with port 7777 (http)
2025-05-22T13:35:39.981+05:30  INFO 4320 --- [customer] [restartedMain] o.apache.catalina.core.StandardService   : Starting service [Tomcat]
2025-05-22T13:35:39.982+05:30  INFO 4320 --- [customer] [restartedMain] o.apache.catalina.core.StandardEngine    : Starting Servlet engine: [Apache Tomcat/10.1.40]
2025-05-22T13:35:40.045+05:30  INFO 4320 --- [customer] [restartedMain] o.a.c.c.C.[Tomcat].[localhost].[/]       : Initializing Spring embedded WebApplicationContext
2025-05-22T13:35:40.046+05:30  INFO 4320 --- [customer] [restartedMain] w.s.c.ServletWebServerApplicationContext : Root WebApplicationContext: initialization completed in 1517 ms
2025-05-22T13:35:40.255+05:30  INFO 4320 --- [customer] [restartedMain] o.hibernate.jpa.internal.util.LogHelper  : HHH000204: Processing PersistenceUnitInfo [name: default]
2025-05-22T13:35:40.316+05:30  INFO 4320 --- [customer] [restartedMain] org.hibernate.Version                    : HHH000412: Hibernate ORM core version 6.6.13.Final
2025-05-22T13:35:40.381+05:30  INFO 4320 --- [customer] [restartedMain] o.h.c.internal.RegionFactoryInitiator    : HHH000026: Second-level cache disabled
2025-05-22T13:35:40.679+05:30  INFO 4320 --- [customer] [restartedMain] o.s.o.j.p.SpringPersistenceUnitInfo      : No LoadTimeWeaver setup: ignoring JPA class transformer
2025-05-22T13:35:40.715+05:30  INFO 4320 --- [customer] [restartedMain] com.zaxxer.hikari.HikariDataSource       : HikariPool-1 - Starting...
2025-05-22T13:35:41.116+05:30  INFO 4320 --- [customer] [restartedMain] com.zaxxer.hikari.pool.HikariPool        : HikariPool-1 - Added connection com.mysql.cj.jdbc.ConnectionImpl@529f6ba2
2025-05-22T13:35:41.119+05:30  INFO 4320 --- [customer] [restartedMain] com.zaxxer.hikari.HikariDataSource       : HikariPool-1 - Start completed.
2025-05-22T13:35:41.196+05:30  WARN 4320 --- [customer] [restartedMain] org.hibernate.orm.deprecation            : HHH90000025: MySQLDialect does not need to be specified explicitly using 'hibernate.dialect' (remove the property setting and it will be selected by default)
2025-05-22T13:35:41.229+05:30  INFO 4320 --- [customer] [restartedMain] org.hibernate.orm.connections.pooling    : HHH10001005: Database info:
	Database JDBC URL [Connecting through datasource 'HikariDataSource (HikariPool-1)']
	Database driver: undefined/unknown
	Database version: 8.0.37
	Autocommit mode: undefined/unknown
	Isolation level: undefined/unknown
	Minimum pool size: undefined/unknown
	Maximum pool size: undefined/unknown
2025-05-22T13:35:42.229+05:30  INFO 4320 --- [customer] [restartedMain] o.h.e.t.j.p.i.JtaPlatformInitiator       : HHH000489: No JTA platform available (set 'hibernate.transaction.jta.platform' to enable JTA platform integration)
2025-05-22T13:35:42.324+05:30  INFO 4320 --- [customer] [restartedMain] j.LocalContainerEntityManagerFactoryBean : Initialized JPA EntityManagerFactory for persistence unit 'default'
2025-05-22T13:35:42.767+05:30  WARN 4320 --- [customer] [restartedMain] JpaBaseConfiguration$JpaWebConfiguration : spring.jpa.open-in-view is enabled by default. Therefore, database queries may be performed during view rendering. Explicitly configure spring.jpa.open-in-view to disable this warning
2025-05-22T13:35:42.819+05:30  INFO 4320 --- [customer] [restartedMain] o.s.v.b.OptionalValidatorFactoryBean     : Failed to set up a Bean Validation provider: jakarta.validation.NoProviderFoundException: Unable to create a Configuration, because no Jakarta Bean Validation provider could be found. Add a provider like Hibernate Validator (RI) to your classpath.
2025-05-22T13:35:43.300+05:30  INFO 4320 --- [customer] [restartedMain] o.s.b.d.a.OptionalLiveReloadServer       : LiveReload server is running on port 35729
2025-05-22T13:35:43.354+05:30  INFO 4320 --- [customer] [restartedMain] o.s.b.w.embedded.tomcat.TomcatWebServer  : Tomcat started on port 7777 (http) with context path '/'
2025-05-22T13:35:43.369+05:30  INFO 4320 --- [customer] [restartedMain] c.app.ClmsCustomerApiModuleApplication   : Started ClmsCustomerApiModuleApplication in 5.436 seconds (process running for 6.69)
2025-05-22T13:35:50.059+05:30  INFO 4320 --- [customer] [http-nio-7777-exec-2] o.a.c.c.C.[Tomcat].[localhost].[/]       : Initializing Spring DispatcherServlet 'dispatcherServlet'
2025-05-22T13:35:50.060+05:30  INFO 4320 --- [customer] [http-nio-7777-exec-2] o.s.web.servlet.DispatcherServlet        : Initializing Servlet 'dispatcherServlet'
2025-05-22T13:35:50.061+05:30  INFO 4320 --- [customer] [http-nio-7777-exec-2] o.s.web.servlet.DispatcherServlet        : Completed initialization in 1 ms
2025-05-22T13:39:16.380+05:30  INFO 4320 --- [customer] [File Watcher] rtingClassPathChangeChangedEventListener : Restarting due to 1 class path change (0 additions, 0 deletions, 1 modification)
2025-05-22T13:39:16.391+05:30  INFO 4320 --- [customer] [Thread-5] o.s.b.w.e.tomcat.GracefulShutdown        : Commencing graceful shutdown. Waiting for active requests to complete
2025-05-22T13:39:16.467+05:30  INFO 4320 --- [customer] [tomcat-shutdown] o.s.b.w.e.tomcat.GracefulShutdown        : Graceful shutdown complete
2025-05-22T13:39:16.473+05:30  INFO 4320 --- [customer] [Thread-5] j.LocalContainerEntityManagerFactoryBean : Closing JPA EntityManagerFactory for persistence unit 'default'
2025-05-22T13:39:16.479+05:30  INFO 4320 --- [customer] [Thread-5] com.zaxxer.hikari.HikariDataSource       : HikariPool-1 - Shutdown initiated...
2025-05-22T13:39:16.493+05:30  INFO 4320 --- [customer] [Thread-5] com.zaxxer.hikari.HikariDataSource       : HikariPool-1 - Shutdown completed.
2025-05-22T13:39:16.624+05:30  INFO 4320 --- [customer] [restartedMain] c.app.ClmsCustomerApiModuleApplication   : Starting ClmsCustomerApiModuleApplication using Java 17.0.8.1 with PID 4320 (C:\Users\Dell\git\CarLoan_Customer\CLMS-Customer-API-Module\target\classes started by Dell in C:\Users\Dell\git\CarLoan_Customer\CLMS-Customer-API-Module)
2025-05-22T13:39:16.625+05:30  INFO 4320 --- [customer] [restartedMain] c.app.ClmsCustomerApiModuleApplication   : No active profile set, falling back to 1 default profile: "default"
2025-05-22T13:39:16.877+05:30  INFO 4320 --- [customer] [restartedMain] .s.d.r.c.RepositoryConfigurationDelegate : Bootstrapping Spring Data JPA repositories in DEFAULT mode.
2025-05-22T13:39:16.888+05:30  INFO 4320 --- [customer] [restartedMain] .s.d.r.c.RepositoryConfigurationDelegate : Finished Spring Data repository scanning in 10 ms. Found 1 JPA repository interface.
2025-05-22T13:39:17.003+05:30  INFO 4320 --- [customer] [restartedMain] o.s.b.w.embedded.tomcat.TomcatWebServer  : Tomcat initialized with port 7777 (http)
2025-05-22T13:39:17.004+05:30  INFO 4320 --- [customer] [restartedMain] o.apache.catalina.core.StandardService   : Starting service [Tomcat]
2025-05-22T13:39:17.005+05:30  INFO 4320 --- [customer] [restartedMain] o.apache.catalina.core.StandardEngine    : Starting Servlet engine: [Apache Tomcat/10.1.40]
2025-05-22T13:39:17.031+05:30  INFO 4320 --- [customer] [restartedMain] o.a.c.c.C.[Tomcat].[localhost].[/]       : Initializing Spring embedded WebApplicationContext
2025-05-22T13:39:17.032+05:30  INFO 4320 --- [customer] [restartedMain] w.s.c.ServletWebServerApplicationContext : Root WebApplicationContext: initialization completed in 406 ms
2025-05-22T13:39:17.083+05:30  INFO 4320 --- [customer] [restartedMain] o.hibernate.jpa.internal.util.LogHelper  : HHH000204: Processing PersistenceUnitInfo [name: default]
2025-05-22T13:39:17.088+05:30  INFO 4320 --- [customer] [restartedMain] o.h.c.internal.RegionFactoryInitiator    : HHH000026: Second-level cache disabled
2025-05-22T13:39:17.109+05:30  INFO 4320 --- [customer] [restartedMain] o.s.o.j.p.SpringPersistenceUnitInfo      : No LoadTimeWeaver setup: ignoring JPA class transformer
2025-05-22T13:39:17.110+05:30  INFO 4320 --- [customer] [restartedMain] com.zaxxer.hikari.HikariDataSource       : HikariPool-2 - Starting...
2025-05-22T13:39:17.132+05:30  INFO 4320 --- [customer] [restartedMain] com.zaxxer.hikari.pool.HikariPool        : HikariPool-2 - Added connection com.mysql.cj.jdbc.ConnectionImpl@a1d8f1a
2025-05-22T13:39:17.132+05:30  INFO 4320 --- [customer] [restartedMain] com.zaxxer.hikari.HikariDataSource       : HikariPool-2 - Start completed.
2025-05-22T13:39:17.134+05:30  WARN 4320 --- [customer] [restartedMain] org.hibernate.orm.deprecation            : HHH90000025: MySQLDialect does not need to be specified explicitly using 'hibernate.dialect' (remove the property setting and it will be selected by default)
2025-05-22T13:39:17.134+05:30  INFO 4320 --- [customer] [restartedMain] org.hibernate.orm.connections.pooling    : HHH10001005: Database info:
	Database JDBC URL [Connecting through datasource 'HikariDataSource (HikariPool-2)']
	Database driver: undefined/unknown
	Database version: 8.0.37
	Autocommit mode: undefined/unknown
	Isolation level: undefined/unknown
	Minimum pool size: undefined/unknown
	Maximum pool size: undefined/unknown
2025-05-22T13:39:17.261+05:30  INFO 4320 --- [customer] [restartedMain] o.h.e.t.j.p.i.JtaPlatformInitiator       : HHH000489: No JTA platform available (set 'hibernate.transaction.jta.platform' to enable JTA platform integration)
2025-05-22T13:39:17.299+05:30  INFO 4320 --- [customer] [restartedMain] j.LocalContainerEntityManagerFactoryBean : Initialized JPA EntityManagerFactory for persistence unit 'default'
2025-05-22T13:39:17.399+05:30  WARN 4320 --- [customer] [restartedMain] JpaBaseConfiguration$JpaWebConfiguration : spring.jpa.open-in-view is enabled by default. Therefore, database queries may be performed during view rendering. Explicitly configure spring.jpa.open-in-view to disable this warning
2025-05-22T13:39:17.419+05:30  INFO 4320 --- [customer] [restartedMain] o.s.v.b.OptionalValidatorFactoryBean     : Failed to set up a Bean Validation provider: jakarta.validation.NoProviderFoundException: Unable to create a Configuration, because no Jakarta Bean Validation provider could be found. Add a provider like Hibernate Validator (RI) to your classpath.
2025-05-22T13:39:17.573+05:30  INFO 4320 --- [customer] [restartedMain] o.s.b.d.a.OptionalLiveReloadServer       : LiveReload server is running on port 35729
2025-05-22T13:39:17.597+05:30  INFO 4320 --- [customer] [restartedMain] o.s.b.w.embedded.tomcat.TomcatWebServer  : Tomcat started on port 7777 (http) with context path '/'
2025-05-22T13:39:17.613+05:30  INFO 4320 --- [customer] [restartedMain] c.app.ClmsCustomerApiModuleApplication   : Started ClmsCustomerApiModuleApplication in 1.036 seconds (process running for 220.934)
2025-05-22T13:39:17.621+05:30  INFO 4320 --- [customer] [restartedMain] .ConditionEvaluationDeltaLoggingListener : Condition evaluation unchanged
2025-05-22T13:39:58.027+05:30  INFO 4320 --- [customer] [File Watcher] rtingClassPathChangeChangedEventListener : Restarting due to 1 class path change (0 additions, 0 deletions, 1 modification)
2025-05-22T13:39:58.040+05:30  INFO 4320 --- [customer] [Thread-7] o.s.b.w.e.tomcat.GracefulShutdown        : Commencing graceful shutdown. Waiting for active requests to complete
2025-05-22T13:39:58.155+05:30  INFO 4320 --- [customer] [tomcat-shutdown] o.s.b.w.e.tomcat.GracefulShutdown        : Graceful shutdown complete
2025-05-22T13:39:58.158+05:30  INFO 4320 --- [customer] [Thread-7] j.LocalContainerEntityManagerFactoryBean : Closing JPA EntityManagerFactory for persistence unit 'default'
2025-05-22T13:39:58.159+05:30  INFO 4320 --- [customer] [Thread-7] com.zaxxer.hikari.HikariDataSource       : HikariPool-2 - Shutdown initiated...
2025-05-22T13:39:58.166+05:30  INFO 4320 --- [customer] [Thread-7] com.zaxxer.hikari.HikariDataSource       : HikariPool-2 - Shutdown completed.
2025-05-22T13:39:58.276+05:30  INFO 4320 --- [customer] [restartedMain] c.app.ClmsCustomerApiModuleApplication   : Starting ClmsCustomerApiModuleApplication using Java 17.0.8.1 with PID 4320 (C:\Users\Dell\git\CarLoan_Customer\CLMS-Customer-API-Module\target\classes started by Dell in C:\Users\Dell\git\CarLoan_Customer\CLMS-Customer-API-Module)
2025-05-22T13:39:58.277+05:30  INFO 4320 --- [customer] [restartedMain] c.app.ClmsCustomerApiModuleApplication   : No active profile set, falling back to 1 default profile: "default"
2025-05-22T13:39:58.501+05:30  INFO 4320 --- [customer] [restartedMain] .s.d.r.c.RepositoryConfigurationDelegate : Bootstrapping Spring Data JPA repositories in DEFAULT mode.
2025-05-22T13:39:58.512+05:30  INFO 4320 --- [customer] [restartedMain] .s.d.r.c.RepositoryConfigurationDelegate : Finished Spring Data repository scanning in 10 ms. Found 1 JPA repository interface.
2025-05-22T13:39:58.611+05:30  INFO 4320 --- [customer] [restartedMain] o.s.b.w.embedded.tomcat.TomcatWebServer  : Tomcat initialized with port 7777 (http)
2025-05-22T13:39:58.612+05:30  INFO 4320 --- [customer] [restartedMain] o.apache.catalina.core.StandardService   : Starting service [Tomcat]
2025-05-22T13:39:58.613+05:30  INFO 4320 --- [customer] [restartedMain] o.apache.catalina.core.StandardEngine    : Starting Servlet engine: [Apache Tomcat/10.1.40]
2025-05-22T13:39:58.636+05:30  INFO 4320 --- [customer] [restartedMain] o.a.c.c.C.[Tomcat].[localhost].[/]       : Initializing Spring embedded WebApplicationContext
2025-05-22T13:39:58.636+05:30  INFO 4320 --- [customer] [restartedMain] w.s.c.ServletWebServerApplicationContext : Root WebApplicationContext: initialization completed in 357 ms
2025-05-22T13:39:58.735+05:30  INFO 4320 --- [customer] [restartedMain] o.hibernate.jpa.internal.util.LogHelper  : HHH000204: Processing PersistenceUnitInfo [name: default]
2025-05-22T13:39:58.748+05:30  INFO 4320 --- [customer] [restartedMain] o.h.c.internal.RegionFactoryInitiator    : HHH000026: Second-level cache disabled
2025-05-22T13:39:58.856+05:30  INFO 4320 --- [customer] [restartedMain] o.s.o.j.p.SpringPersistenceUnitInfo      : No LoadTimeWeaver setup: ignoring JPA class transformer
2025-05-22T13:39:58.859+05:30  INFO 4320 --- [customer] [restartedMain] com.zaxxer.hikari.HikariDataSource       : HikariPool-3 - Starting...
2025-05-22T13:39:58.881+05:30  INFO 4320 --- [customer] [restartedMain] com.zaxxer.hikari.pool.HikariPool        : HikariPool-3 - Added connection com.mysql.cj.jdbc.ConnectionImpl@7a39e319
2025-05-22T13:39:58.881+05:30  INFO 4320 --- [customer] [restartedMain] com.zaxxer.hikari.HikariDataSource       : HikariPool-3 - Start completed.
2025-05-22T13:39:58.882+05:30  WARN 4320 --- [customer] [restartedMain] org.hibernate.orm.deprecation            : HHH90000025: MySQLDialect does not need to be specified explicitly using 'hibernate.dialect' (remove the property setting and it will be selected by default)
2025-05-22T13:39:58.885+05:30  INFO 4320 --- [customer] [restartedMain] org.hibernate.orm.connections.pooling    : HHH10001005: Database info:
	Database JDBC URL [Connecting through datasource 'HikariDataSource (HikariPool-3)']
	Database driver: undefined/unknown
	Database version: 8.0.37
	Autocommit mode: undefined/unknown
	Isolation level: undefined/unknown
	Minimum pool size: undefined/unknown
	Maximum pool size: undefined/unknown
2025-05-22T13:39:59.101+05:30  INFO 4320 --- [customer] [restartedMain] o.h.e.t.j.p.i.JtaPlatformInitiator       : HHH000489: No JTA platform available (set 'hibernate.transaction.jta.platform' to enable JTA platform integration)
2025-05-22T13:39:59.150+05:30  INFO 4320 --- [customer] [restartedMain] j.LocalContainerEntityManagerFactoryBean : Initialized JPA EntityManagerFactory for persistence unit 'default'
2025-05-22T13:39:59.265+05:30  WARN 4320 --- [customer] [restartedMain] JpaBaseConfiguration$JpaWebConfiguration : spring.jpa.open-in-view is enabled by default. Therefore, database queries may be performed during view rendering. Explicitly configure spring.jpa.open-in-view to disable this warning
2025-05-22T13:39:59.283+05:30  INFO 4320 --- [customer] [restartedMain] o.s.v.b.OptionalValidatorFactoryBean     : Failed to set up a Bean Validation provider: jakarta.validation.NoProviderFoundException: Unable to create a Configuration, because no Jakarta Bean Validation provider could be found. Add a provider like Hibernate Validator (RI) to your classpath.
2025-05-22T13:39:59.562+05:30  INFO 4320 --- [customer] [restartedMain] o.s.b.d.a.OptionalLiveReloadServer       : LiveReload server is running on port 35729
2025-05-22T13:39:59.591+05:30  INFO 4320 --- [customer] [restartedMain] o.s.b.w.embedded.tomcat.TomcatWebServer  : Tomcat started on port 7777 (http) with context path '/'
2025-05-22T13:39:59.598+05:30  INFO 4320 --- [customer] [restartedMain] c.app.ClmsCustomerApiModuleApplication   : Started ClmsCustomerApiModuleApplication in 1.361 seconds (process running for 262.92)
2025-05-22T13:39:59.601+05:30  INFO 4320 --- [customer] [restartedMain] .ConditionEvaluationDeltaLoggingListener : Condition evaluation unchanged
2025-05-22T13:40:07.219+05:30  INFO 4320 --- [customer] [File Watcher] rtingClassPathChangeChangedEventListener : Restarting due to 1 class path change (0 additions, 0 deletions, 1 modification)
2025-05-22T13:40:07.222+05:30  INFO 4320 --- [customer] [Thread-11] o.s.b.w.e.tomcat.GracefulShutdown        : Commencing graceful shutdown. Waiting for active requests to complete
2025-05-22T13:40:07.358+05:30  INFO 4320 --- [customer] [tomcat-shutdown] o.s.b.w.e.tomcat.GracefulShutdown        : Graceful shutdown complete
2025-05-22T13:40:07.361+05:30  INFO 4320 --- [customer] [Thread-11] j.LocalContainerEntityManagerFactoryBean : Closing JPA EntityManagerFactory for persistence unit 'default'
2025-05-22T13:40:07.362+05:30  INFO 4320 --- [customer] [Thread-11] com.zaxxer.hikari.HikariDataSource       : HikariPool-3 - Shutdown initiated...
2025-05-22T13:40:07.368+05:30  INFO 4320 --- [customer] [Thread-11] com.zaxxer.hikari.HikariDataSource       : HikariPool-3 - Shutdown completed.
2025-05-22T13:40:07.465+05:30  INFO 4320 --- [customer] [restartedMain] c.app.ClmsCustomerApiModuleApplication   : Starting ClmsCustomerApiModuleApplication using Java 17.0.8.1 with PID 4320 (C:\Users\Dell\git\CarLoan_Customer\CLMS-Customer-API-Module\target\classes started by Dell in C:\Users\Dell\git\CarLoan_Customer\CLMS-Customer-API-Module)
2025-05-22T13:40:07.465+05:30  INFO 4320 --- [customer] [restartedMain] c.app.ClmsCustomerApiModuleApplication   : No active profile set, falling back to 1 default profile: "default"
2025-05-22T13:40:07.670+05:30  INFO 4320 --- [customer] [restartedMain] .s.d.r.c.RepositoryConfigurationDelegate : Bootstrapping Spring Data JPA repositories in DEFAULT mode.
2025-05-22T13:40:07.684+05:30  INFO 4320 --- [customer] [restartedMain] .s.d.r.c.RepositoryConfigurationDelegate : Finished Spring Data repository scanning in 12 ms. Found 1 JPA repository interface.
2025-05-22T13:40:07.784+05:30  INFO 4320 --- [customer] [restartedMain] o.s.b.w.embedded.tomcat.TomcatWebServer  : Tomcat initialized with port 7777 (http)
2025-05-22T13:40:07.785+05:30  INFO 4320 --- [customer] [restartedMain] o.apache.catalina.core.StandardService   : Starting service [Tomcat]
2025-05-22T13:40:07.785+05:30  INFO 4320 --- [customer] [restartedMain] o.apache.catalina.core.StandardEngine    : Starting Servlet engine: [Apache Tomcat/10.1.40]
2025-05-22T13:40:07.812+05:30  INFO 4320 --- [customer] [restartedMain] o.a.c.c.C.[Tomcat].[localhost].[/]       : Initializing Spring embedded WebApplicationContext
2025-05-22T13:40:07.812+05:30  INFO 4320 --- [customer] [restartedMain] w.s.c.ServletWebServerApplicationContext : Root WebApplicationContext: initialization completed in 344 ms
2025-05-22T13:40:07.863+05:30  INFO 4320 --- [customer] [restartedMain] o.hibernate.jpa.internal.util.LogHelper  : HHH000204: Processing PersistenceUnitInfo [name: default]
2025-05-22T13:40:07.866+05:30  INFO 4320 --- [customer] [restartedMain] o.h.c.internal.RegionFactoryInitiator    : HHH000026: Second-level cache disabled
2025-05-22T13:40:07.876+05:30  INFO 4320 --- [customer] [restartedMain] o.s.o.j.p.SpringPersistenceUnitInfo      : No LoadTimeWeaver setup: ignoring JPA class transformer
2025-05-22T13:40:07.878+05:30  INFO 4320 --- [customer] [restartedMain] com.zaxxer.hikari.HikariDataSource       : HikariPool-4 - Starting...
2025-05-22T13:40:07.894+05:30  INFO 4320 --- [customer] [restartedMain] com.zaxxer.hikari.pool.HikariPool        : HikariPool-4 - Added connection com.mysql.cj.jdbc.ConnectionImpl@65587ea9
2025-05-22T13:40:07.894+05:30  INFO 4320 --- [customer] [restartedMain] com.zaxxer.hikari.HikariDataSource       : HikariPool-4 - Start completed.
2025-05-22T13:40:07.896+05:30  WARN 4320 --- [customer] [restartedMain] org.hibernate.orm.deprecation            : HHH90000025: MySQLDialect does not need to be specified explicitly using 'hibernate.dialect' (remove the property setting and it will be selected by default)
2025-05-22T13:40:07.896+05:30  INFO 4320 --- [customer] [restartedMain] org.hibernate.orm.connections.pooling    : HHH10001005: Database info:
	Database JDBC URL [Connecting through datasource 'HikariDataSource (HikariPool-4)']
	Database driver: undefined/unknown
	Database version: 8.0.37
	Autocommit mode: undefined/unknown
	Isolation level: undefined/unknown
	Minimum pool size: undefined/unknown
	Maximum pool size: undefined/unknown
2025-05-22T13:40:07.992+05:30  INFO 4320 --- [customer] [restartedMain] o.h.e.t.j.p.i.JtaPlatformInitiator       : HHH000489: No JTA platform available (set 'hibernate.transaction.jta.platform' to enable JTA platform integration)
2025-05-22T13:40:08.029+05:30  INFO 4320 --- [customer] [restartedMain] j.LocalContainerEntityManagerFactoryBean : Initialized JPA EntityManagerFactory for persistence unit 'default'
2025-05-22T13:40:08.131+05:30  WARN 4320 --- [customer] [restartedMain] JpaBaseConfiguration$JpaWebConfiguration : spring.jpa.open-in-view is enabled by default. Therefore, database queries may be performed during view rendering. Explicitly configure spring.jpa.open-in-view to disable this warning
2025-05-22T13:40:08.155+05:30  INFO 4320 --- [customer] [restartedMain] o.s.v.b.OptionalValidatorFactoryBean     : Failed to set up a Bean Validation provider: jakarta.validation.NoProviderFoundException: Unable to create a Configuration, because no Jakarta Bean Validation provider could be found. Add a provider like Hibernate Validator (RI) to your classpath.
2025-05-22T13:40:08.273+05:30  INFO 4320 --- [customer] [restartedMain] o.s.b.d.a.OptionalLiveReloadServer       : LiveReload server is running on port 35729
2025-05-22T13:40:08.290+05:30  INFO 4320 --- [customer] [restartedMain] o.s.b.w.embedded.tomcat.TomcatWebServer  : Tomcat started on port 7777 (http) with context path '/'
2025-05-22T13:40:08.299+05:30  INFO 4320 --- [customer] [restartedMain] c.app.ClmsCustomerApiModuleApplication   : Started ClmsCustomerApiModuleApplication in 0.871 seconds (process running for 271.62)
2025-05-22T13:40:08.300+05:30  INFO 4320 --- [customer] [restartedMain] .ConditionEvaluationDeltaLoggingListener : Condition evaluation unchanged
2025-05-22T13:40:16.149+05:30  INFO 4320 --- [customer] [http-nio-7777-exec-2] o.a.c.c.C.[Tomcat].[localhost].[/]       : Initializing Spring DispatcherServlet 'dispatcherServlet'
2025-05-22T13:40:16.150+05:30  INFO 4320 --- [customer] [http-nio-7777-exec-2] o.s.web.servlet.DispatcherServlet        : Initializing Servlet 'dispatcherServlet'
2025-05-22T13:40:16.153+05:30  INFO 4320 --- [customer] [http-nio-7777-exec-2] o.s.web.servlet.DispatcherServlet        : Completed initialization in 3 ms
2025-05-22T13:42:19.483+05:30  INFO 4320 --- [customer] [File Watcher] rtingClassPathChangeChangedEventListener : Restarting due to 1 class path change (0 additions, 0 deletions, 1 modification)
2025-05-22T13:42:19.487+05:30  INFO 4320 --- [customer] [Thread-15] o.s.b.w.e.tomcat.GracefulShutdown        : Commencing graceful shutdown. Waiting for active requests to complete
2025-05-22T13:42:19.584+05:30  INFO 4320 --- [customer] [tomcat-shutdown] o.s.b.w.e.tomcat.GracefulShutdown        : Graceful shutdown complete
2025-05-22T13:42:19.586+05:30  INFO 4320 --- [customer] [Thread-15] j.LocalContainerEntityManagerFactoryBean : Closing JPA EntityManagerFactory for persistence unit 'default'
2025-05-22T13:42:19.587+05:30  INFO 4320 --- [customer] [Thread-15] com.zaxxer.hikari.HikariDataSource       : HikariPool-4 - Shutdown initiated...
2025-05-22T13:42:19.593+05:30  INFO 4320 --- [customer] [Thread-15] com.zaxxer.hikari.HikariDataSource       : HikariPool-4 - Shutdown completed.
2025-05-22T13:42:19.694+05:30  INFO 4320 --- [customer] [restartedMain] c.app.ClmsCustomerApiModuleApplication   : Starting ClmsCustomerApiModuleApplication using Java 17.0.8.1 with PID 4320 (C:\Users\Dell\git\CarLoan_Customer\CLMS-Customer-API-Module\target\classes started by Dell in C:\Users\Dell\git\CarLoan_Customer\CLMS-Customer-API-Module)
2025-05-22T13:42:19.694+05:30  INFO 4320 --- [customer] [restartedMain] c.app.ClmsCustomerApiModuleApplication   : No active profile set, falling back to 1 default profile: "default"
2025-05-22T13:42:19.896+05:30  INFO 4320 --- [customer] [restartedMain] .s.d.r.c.RepositoryConfigurationDelegate : Bootstrapping Spring Data JPA repositories in DEFAULT mode.
2025-05-22T13:42:19.907+05:30  INFO 4320 --- [customer] [restartedMain] .s.d.r.c.RepositoryConfigurationDelegate : Finished Spring Data repository scanning in 9 ms. Found 1 JPA repository interface.
2025-05-22T13:42:20.020+05:30  INFO 4320 --- [customer] [restartedMain] o.s.b.w.embedded.tomcat.TomcatWebServer  : Tomcat initialized with port 7777 (http)
2025-05-22T13:42:20.020+05:30  INFO 4320 --- [customer] [restartedMain] o.apache.catalina.core.StandardService   : Starting service [Tomcat]
2025-05-22T13:42:20.021+05:30  INFO 4320 --- [customer] [restartedMain] o.apache.catalina.core.StandardEngine    : Starting Servlet engine: [Apache Tomcat/10.1.40]
2025-05-22T13:42:20.049+05:30  INFO 4320 --- [customer] [restartedMain] o.a.c.c.C.[Tomcat].[localhost].[/]       : Initializing Spring embedded WebApplicationContext
2025-05-22T13:42:20.049+05:30  INFO 4320 --- [customer] [restartedMain] w.s.c.ServletWebServerApplicationContext : Root WebApplicationContext: initialization completed in 352 ms
2025-05-22T13:42:20.112+05:30  INFO 4320 --- [customer] [restartedMain] o.hibernate.jpa.internal.util.LogHelper  : HHH000204: Processing PersistenceUnitInfo [name: default]
2025-05-22T13:42:20.114+05:30  INFO 4320 --- [customer] [restartedMain] o.h.c.internal.RegionFactoryInitiator    : HHH000026: Second-level cache disabled
2025-05-22T13:42:20.126+05:30  INFO 4320 --- [customer] [restartedMain] o.s.o.j.p.SpringPersistenceUnitInfo      : No LoadTimeWeaver setup: ignoring JPA class transformer
2025-05-22T13:42:20.127+05:30  INFO 4320 --- [customer] [restartedMain] com.zaxxer.hikari.HikariDataSource       : HikariPool-5 - Starting...
2025-05-22T13:42:20.141+05:30  INFO 4320 --- [customer] [restartedMain] com.zaxxer.hikari.pool.HikariPool        : HikariPool-5 - Added connection com.mysql.cj.jdbc.ConnectionImpl@68ae43cc
2025-05-22T13:42:20.141+05:30  INFO 4320 --- [customer] [restartedMain] com.zaxxer.hikari.HikariDataSource       : HikariPool-5 - Start completed.
2025-05-22T13:42:20.143+05:30  WARN 4320 --- [customer] [restartedMain] org.hibernate.orm.deprecation            : HHH90000025: MySQLDialect does not need to be specified explicitly using 'hibernate.dialect' (remove the property setting and it will be selected by default)
2025-05-22T13:42:20.143+05:30  INFO 4320 --- [customer] [restartedMain] org.hibernate.orm.connections.pooling    : HHH10001005: Database info:
	Database JDBC URL [Connecting through datasource 'HikariDataSource (HikariPool-5)']
	Database driver: undefined/unknown
	Database version: 8.0.37
	Autocommit mode: undefined/unknown
	Isolation level: undefined/unknown
	Minimum pool size: undefined/unknown
	Maximum pool size: undefined/unknown
2025-05-22T13:42:20.249+05:30  INFO 4320 --- [customer] [restartedMain] o.h.e.t.j.p.i.JtaPlatformInitiator       : HHH000489: No JTA platform available (set 'hibernate.transaction.jta.platform' to enable JTA platform integration)
2025-05-22T13:42:20.282+05:30  INFO 4320 --- [customer] [restartedMain] j.LocalContainerEntityManagerFactoryBean : Initialized JPA EntityManagerFactory for persistence unit 'default'
2025-05-22T13:42:20.420+05:30  WARN 4320 --- [customer] [restartedMain] JpaBaseConfiguration$JpaWebConfiguration : spring.jpa.open-in-view is enabled by default. Therefore, database queries may be performed during view rendering. Explicitly configure spring.jpa.open-in-view to disable this warning
2025-05-22T13:42:20.441+05:30  INFO 4320 --- [customer] [restartedMain] o.s.v.b.OptionalValidatorFactoryBean     : Failed to set up a Bean Validation provider: jakarta.validation.NoProviderFoundException: Unable to create a Configuration, because no Jakarta Bean Validation provider could be found. Add a provider like Hibernate Validator (RI) to your classpath.
2025-05-22T13:42:20.567+05:30  INFO 4320 --- [customer] [restartedMain] o.s.b.d.a.OptionalLiveReloadServer       : LiveReload server is running on port 35729
2025-05-22T13:42:20.586+05:30  INFO 4320 --- [customer] [restartedMain] o.s.b.w.embedded.tomcat.TomcatWebServer  : Tomcat started on port 7777 (http) with context path '/'
2025-05-22T13:42:20.596+05:30  INFO 4320 --- [customer] [restartedMain] c.app.ClmsCustomerApiModuleApplication   : Started ClmsCustomerApiModuleApplication in 0.933 seconds (process running for 403.917)
2025-05-22T13:42:20.598+05:30  INFO 4320 --- [customer] [restartedMain] .ConditionEvaluationDeltaLoggingListener : Condition evaluation unchanged
2025-05-22T13:42:25.983+05:30  INFO 4320 --- [customer] [http-nio-7777-exec-2] o.a.c.c.C.[Tomcat].[localhost].[/]       : Initializing Spring DispatcherServlet 'dispatcherServlet'
2025-05-22T13:42:25.983+05:30  INFO 4320 --- [customer] [http-nio-7777-exec-2] o.s.web.servlet.DispatcherServlet        : Initializing Servlet 'dispatcherServlet'
2025-05-22T13:42:25.984+05:30  INFO 4320 --- [customer] [http-nio-7777-exec-2] o.s.web.servlet.DispatcherServlet        : Completed initialization in 1 ms
2025-05-22T13:44:47.658+05:30  INFO 4320 --- [customer] [File Watcher] rtingClassPathChangeChangedEventListener : Restarting due to 1 class path change (0 additions, 0 deletions, 1 modification)
2025-05-22T13:44:47.660+05:30  INFO 4320 --- [customer] [Thread-19] o.s.b.w.e.tomcat.GracefulShutdown        : Commencing graceful shutdown. Waiting for active requests to complete
2025-05-22T13:44:47.716+05:30  INFO 4320 --- [customer] [tomcat-shutdown] o.s.b.w.e.tomcat.GracefulShutdown        : Graceful shutdown complete
2025-05-22T13:44:47.718+05:30  INFO 4320 --- [customer] [Thread-19] j.LocalContainerEntityManagerFactoryBean : Closing JPA EntityManagerFactory for persistence unit 'default'
2025-05-22T13:44:47.719+05:30  INFO 4320 --- [customer] [Thread-19] com.zaxxer.hikari.HikariDataSource       : HikariPool-5 - Shutdown initiated...
2025-05-22T13:44:47.725+05:30  INFO 4320 --- [customer] [Thread-19] com.zaxxer.hikari.HikariDataSource       : HikariPool-5 - Shutdown completed.
2025-05-22T13:44:47.824+05:30  INFO 4320 --- [customer] [restartedMain] c.app.ClmsCustomerApiModuleApplication   : Starting ClmsCustomerApiModuleApplication using Java 17.0.8.1 with PID 4320 (C:\Users\Dell\git\CarLoan_Customer\CLMS-Customer-API-Module\target\classes started by Dell in C:\Users\Dell\git\CarLoan_Customer\CLMS-Customer-API-Module)
2025-05-22T13:44:47.824+05:30  INFO 4320 --- [customer] [restartedMain] c.app.ClmsCustomerApiModuleApplication   : No active profile set, falling back to 1 default profile: "default"
2025-05-22T13:44:48.046+05:30  INFO 4320 --- [customer] [restartedMain] .s.d.r.c.RepositoryConfigurationDelegate : Bootstrapping Spring Data JPA repositories in DEFAULT mode.
2025-05-22T13:44:48.056+05:30  INFO 4320 --- [customer] [restartedMain] .s.d.r.c.RepositoryConfigurationDelegate : Finished Spring Data repository scanning in 8 ms. Found 1 JPA repository interface.
2025-05-22T13:44:48.150+05:30  INFO 4320 --- [customer] [restartedMain] o.s.b.w.embedded.tomcat.TomcatWebServer  : Tomcat initialized with port 7777 (http)
2025-05-22T13:44:48.151+05:30  INFO 4320 --- [customer] [restartedMain] o.apache.catalina.core.StandardService   : Starting service [Tomcat]
2025-05-22T13:44:48.151+05:30  INFO 4320 --- [customer] [restartedMain] o.apache.catalina.core.StandardEngine    : Starting Servlet engine: [Apache Tomcat/10.1.40]
2025-05-22T13:44:48.169+05:30  INFO 4320 --- [customer] [restartedMain] o.a.c.c.C.[Tomcat].[localhost].[/]       : Initializing Spring embedded WebApplicationContext
2025-05-22T13:44:48.170+05:30  INFO 4320 --- [customer] [restartedMain] w.s.c.ServletWebServerApplicationContext : Root WebApplicationContext: initialization completed in 344 ms
2025-05-22T13:44:48.212+05:30  INFO 4320 --- [customer] [restartedMain] o.hibernate.jpa.internal.util.LogHelper  : HHH000204: Processing PersistenceUnitInfo [name: default]
2025-05-22T13:44:48.214+05:30  INFO 4320 --- [customer] [restartedMain] o.h.c.internal.RegionFactoryInitiator    : HHH000026: Second-level cache disabled
2025-05-22T13:44:48.224+05:30  INFO 4320 --- [customer] [restartedMain] o.s.o.j.p.SpringPersistenceUnitInfo      : No LoadTimeWeaver setup: ignoring JPA class transformer
2025-05-22T13:44:48.225+05:30  INFO 4320 --- [customer] [restartedMain] com.zaxxer.hikari.HikariDataSource       : HikariPool-6 - Starting...
2025-05-22T13:44:48.241+05:30  INFO 4320 --- [customer] [restartedMain] com.zaxxer.hikari.pool.HikariPool        : HikariPool-6 - Added connection com.mysql.cj.jdbc.ConnectionImpl@33a6a9b6
2025-05-22T13:44:48.241+05:30  INFO 4320 --- [customer] [restartedMain] com.zaxxer.hikari.HikariDataSource       : HikariPool-6 - Start completed.
2025-05-22T13:44:48.243+05:30  WARN 4320 --- [customer] [restartedMain] org.hibernate.orm.deprecation            : HHH90000025: MySQLDialect does not need to be specified explicitly using 'hibernate.dialect' (remove the property setting and it will be selected by default)
2025-05-22T13:44:48.243+05:30  INFO 4320 --- [customer] [restartedMain] org.hibernate.orm.connections.pooling    : HHH10001005: Database info:
	Database JDBC URL [Connecting through datasource 'HikariDataSource (HikariPool-6)']
	Database driver: undefined/unknown
	Database version: 8.0.37
	Autocommit mode: undefined/unknown
	Isolation level: undefined/unknown
	Minimum pool size: undefined/unknown
	Maximum pool size: undefined/unknown
2025-05-22T13:44:48.346+05:30  INFO 4320 --- [customer] [restartedMain] o.h.e.t.j.p.i.JtaPlatformInitiator       : HHH000489: No JTA platform available (set 'hibernate.transaction.jta.platform' to enable JTA platform integration)
2025-05-22T13:44:48.388+05:30  INFO 4320 --- [customer] [restartedMain] j.LocalContainerEntityManagerFactoryBean : Initialized JPA EntityManagerFactory for persistence unit 'default'
2025-05-22T13:44:48.503+05:30  WARN 4320 --- [customer] [restartedMain] JpaBaseConfiguration$JpaWebConfiguration : spring.jpa.open-in-view is enabled by default. Therefore, database queries may be performed during view rendering. Explicitly configure spring.jpa.open-in-view to disable this warning
2025-05-22T13:44:48.526+05:30  INFO 4320 --- [customer] [restartedMain] o.s.v.b.OptionalValidatorFactoryBean     : Failed to set up a Bean Validation provider: jakarta.validation.NoProviderFoundException: Unable to create a Configuration, because no Jakarta Bean Validation provider could be found. Add a provider like Hibernate Validator (RI) to your classpath.
2025-05-22T13:44:48.650+05:30  INFO 4320 --- [customer] [restartedMain] o.s.b.d.a.OptionalLiveReloadServer       : LiveReload server is running on port 35729
2025-05-22T13:44:48.669+05:30  INFO 4320 --- [customer] [restartedMain] o.s.b.w.embedded.tomcat.TomcatWebServer  : Tomcat started on port 7777 (http) with context path '/'
2025-05-22T13:44:48.674+05:30  INFO 4320 --- [customer] [restartedMain] c.app.ClmsCustomerApiModuleApplication   : Started ClmsCustomerApiModuleApplication in 0.884 seconds (process running for 551.997)
2025-05-22T13:44:48.678+05:30  INFO 4320 --- [customer] [restartedMain] .ConditionEvaluationDeltaLoggingListener : Condition evaluation unchanged
2025-05-22T13:44:55.305+05:30  INFO 4320 --- [customer] [File Watcher] rtingClassPathChangeChangedEventListener : Restarting due to 1 class path change (0 additions, 0 deletions, 1 modification)
2025-05-22T13:44:55.314+05:30  INFO 4320 --- [customer] [Thread-23] o.s.b.w.e.tomcat.GracefulShutdown        : Commencing graceful shutdown. Waiting for active requests to complete
2025-05-22T13:44:55.430+05:30  INFO 4320 --- [customer] [tomcat-shutdown] o.s.b.w.e.tomcat.GracefulShutdown        : Graceful shutdown complete
2025-05-22T13:44:55.433+05:30  INFO 4320 --- [customer] [Thread-23] j.LocalContainerEntityManagerFactoryBean : Closing JPA EntityManagerFactory for persistence unit 'default'
2025-05-22T13:44:55.434+05:30  INFO 4320 --- [customer] [Thread-23] com.zaxxer.hikari.HikariDataSource       : HikariPool-6 - Shutdown initiated...
2025-05-22T13:44:55.439+05:30  INFO 4320 --- [customer] [Thread-23] com.zaxxer.hikari.HikariDataSource       : HikariPool-6 - Shutdown completed.
2025-05-22T13:44:55.555+05:30  INFO 4320 --- [customer] [restartedMain] c.app.ClmsCustomerApiModuleApplication   : Starting ClmsCustomerApiModuleApplication using Java 17.0.8.1 with PID 4320 (C:\Users\Dell\git\CarLoan_Customer\CLMS-Customer-API-Module\target\classes started by Dell in C:\Users\Dell\git\CarLoan_Customer\CLMS-Customer-API-Module)
2025-05-22T13:44:55.556+05:30  INFO 4320 --- [customer] [restartedMain] c.app.ClmsCustomerApiModuleApplication   : No active profile set, falling back to 1 default profile: "default"
2025-05-22T13:44:55.795+05:30  INFO 4320 --- [customer] [restartedMain] .s.d.r.c.RepositoryConfigurationDelegate : Bootstrapping Spring Data JPA repositories in DEFAULT mode.
2025-05-22T13:44:55.804+05:30  INFO 4320 --- [customer] [restartedMain] .s.d.r.c.RepositoryConfigurationDelegate : Finished Spring Data repository scanning in 8 ms. Found 1 JPA repository interface.
2025-05-22T13:44:55.900+05:30  INFO 4320 --- [customer] [restartedMain] o.s.b.w.embedded.tomcat.TomcatWebServer  : Tomcat initialized with port 7777 (http)
2025-05-22T13:44:55.901+05:30  INFO 4320 --- [customer] [restartedMain] o.apache.catalina.core.StandardService   : Starting service [Tomcat]
2025-05-22T13:44:55.901+05:30  INFO 4320 --- [customer] [restartedMain] o.apache.catalina.core.StandardEngine    : Starting Servlet engine: [Apache Tomcat/10.1.40]
2025-05-22T13:44:55.925+05:30  INFO 4320 --- [customer] [restartedMain] o.a.c.c.C.[Tomcat].[localhost].[/]       : Initializing Spring embedded WebApplicationContext
2025-05-22T13:44:55.926+05:30  INFO 4320 --- [customer] [restartedMain] w.s.c.ServletWebServerApplicationContext : Root WebApplicationContext: initialization completed in 369 ms
2025-05-22T13:44:55.977+05:30  INFO 4320 --- [customer] [restartedMain] o.hibernate.jpa.internal.util.LogHelper  : HHH000204: Processing PersistenceUnitInfo [name: default]
2025-05-22T13:44:55.981+05:30  INFO 4320 --- [customer] [restartedMain] o.h.c.internal.RegionFactoryInitiator    : HHH000026: Second-level cache disabled
2025-05-22T13:44:55.991+05:30  INFO 4320 --- [customer] [restartedMain] o.s.o.j.p.SpringPersistenceUnitInfo      : No LoadTimeWeaver setup: ignoring JPA class transformer
2025-05-22T13:44:55.992+05:30  INFO 4320 --- [customer] [restartedMain] com.zaxxer.hikari.HikariDataSource       : HikariPool-7 - Starting...
2025-05-22T13:44:56.020+05:30  INFO 4320 --- [customer] [restartedMain] com.zaxxer.hikari.pool.HikariPool        : HikariPool-7 - Added connection com.mysql.cj.jdbc.ConnectionImpl@b313aa7
2025-05-22T13:44:56.021+05:30  INFO 4320 --- [customer] [restartedMain] com.zaxxer.hikari.HikariDataSource       : HikariPool-7 - Start completed.
2025-05-22T13:44:56.025+05:30  WARN 4320 --- [customer] [restartedMain] org.hibernate.orm.deprecation            : HHH90000025: MySQLDialect does not need to be specified explicitly using 'hibernate.dialect' (remove the property setting and it will be selected by default)
2025-05-22T13:44:56.026+05:30  INFO 4320 --- [customer] [restartedMain] org.hibernate.orm.connections.pooling    : HHH10001005: Database info:
	Database JDBC URL [Connecting through datasource 'HikariDataSource (HikariPool-7)']
	Database driver: undefined/unknown
	Database version: 8.0.37
	Autocommit mode: undefined/unknown
	Isolation level: undefined/unknown
	Minimum pool size: undefined/unknown
	Maximum pool size: undefined/unknown
2025-05-22T13:44:56.126+05:30  INFO 4320 --- [customer] [restartedMain] o.h.e.t.j.p.i.JtaPlatformInitiator       : HHH000489: No JTA platform available (set 'hibernate.transaction.jta.platform' to enable JTA platform integration)
2025-05-22T13:44:56.163+05:30  INFO 4320 --- [customer] [restartedMain] j.LocalContainerEntityManagerFactoryBean : Initialized JPA EntityManagerFactory for persistence unit 'default'
2025-05-22T13:44:56.296+05:30  WARN 4320 --- [customer] [restartedMain] JpaBaseConfiguration$JpaWebConfiguration : spring.jpa.open-in-view is enabled by default. Therefore, database queries may be performed during view rendering. Explicitly configure spring.jpa.open-in-view to disable this warning
2025-05-22T13:44:56.316+05:30  INFO 4320 --- [customer] [restartedMain] o.s.v.b.OptionalValidatorFactoryBean     : Failed to set up a Bean Validation provider: jakarta.validation.NoProviderFoundException: Unable to create a Configuration, because no Jakarta Bean Validation provider could be found. Add a provider like Hibernate Validator (RI) to your classpath.
2025-05-22T13:44:56.449+05:30  INFO 4320 --- [customer] [restartedMain] o.s.b.d.a.OptionalLiveReloadServer       : LiveReload server is running on port 35729
2025-05-22T13:44:56.463+05:30  INFO 4320 --- [customer] [restartedMain] o.s.b.w.embedded.tomcat.TomcatWebServer  : Tomcat started on port 7777 (http) with context path '/'
2025-05-22T13:44:56.469+05:30  INFO 4320 --- [customer] [restartedMain] c.app.ClmsCustomerApiModuleApplication   : Started ClmsCustomerApiModuleApplication in 0.948 seconds (process running for 559.791)
2025-05-22T13:44:56.471+05:30  INFO 4320 --- [customer] [restartedMain] .ConditionEvaluationDeltaLoggingListener : Condition evaluation unchanged
2025-05-22T13:47:11.270+05:30  INFO 4320 --- [customer] [File Watcher] rtingClassPathChangeChangedEventListener : Restarting due to 1 class path change (0 additions, 0 deletions, 1 modification)
2025-05-22T13:47:11.272+05:30  INFO 4320 --- [customer] [Thread-27] o.s.b.w.e.tomcat.GracefulShutdown        : Commencing graceful shutdown. Waiting for active requests to complete
2025-05-22T13:47:11.332+05:30  INFO 4320 --- [customer] [tomcat-shutdown] o.s.b.w.e.tomcat.GracefulShutdown        : Graceful shutdown complete
2025-05-22T13:47:11.334+05:30  INFO 4320 --- [customer] [Thread-27] j.LocalContainerEntityManagerFactoryBean : Closing JPA EntityManagerFactory for persistence unit 'default'
2025-05-22T13:47:11.334+05:30  INFO 4320 --- [customer] [Thread-27] com.zaxxer.hikari.HikariDataSource       : HikariPool-7 - Shutdown initiated...
2025-05-22T13:47:11.342+05:30  INFO 4320 --- [customer] [Thread-27] com.zaxxer.hikari.HikariDataSource       : HikariPool-7 - Shutdown completed.
2025-05-22T13:47:11.424+05:30  INFO 4320 --- [customer] [restartedMain] c.app.ClmsCustomerApiModuleApplication   : Starting ClmsCustomerApiModuleApplication using Java 17.0.8.1 with PID 4320 (C:\Users\Dell\git\CarLoan_Customer\CLMS-Customer-API-Module\target\classes started by Dell in C:\Users\Dell\git\CarLoan_Customer\CLMS-Customer-API-Module)
2025-05-22T13:47:11.425+05:30  INFO 4320 --- [customer] [restartedMain] c.app.ClmsCustomerApiModuleApplication   : No active profile set, falling back to 1 default profile: "default"
2025-05-22T13:47:11.708+05:30  INFO 4320 --- [customer] [restartedMain] .s.d.r.c.RepositoryConfigurationDelegate : Bootstrapping Spring Data JPA repositories in DEFAULT mode.
2025-05-22T13:47:11.718+05:30  INFO 4320 --- [customer] [restartedMain] .s.d.r.c.RepositoryConfigurationDelegate : Finished Spring Data repository scanning in 8 ms. Found 1 JPA repository interface.
2025-05-22T13:47:11.799+05:30  INFO 4320 --- [customer] [restartedMain] o.s.b.w.embedded.tomcat.TomcatWebServer  : Tomcat initialized with port 7777 (http)
2025-05-22T13:47:11.799+05:30  INFO 4320 --- [customer] [restartedMain] o.apache.catalina.core.StandardService   : Starting service [Tomcat]
2025-05-22T13:47:11.799+05:30  INFO 4320 --- [customer] [restartedMain] o.apache.catalina.core.StandardEngine    : Starting Servlet engine: [Apache Tomcat/10.1.40]
2025-05-22T13:47:11.816+05:30  INFO 4320 --- [customer] [restartedMain] o.a.c.c.C.[Tomcat].[localhost].[/]       : Initializing Spring embedded WebApplicationContext
2025-05-22T13:47:11.816+05:30  INFO 4320 --- [customer] [restartedMain] w.s.c.ServletWebServerApplicationContext : Root WebApplicationContext: initialization completed in 389 ms
2025-05-22T13:47:11.847+05:30  INFO 4320 --- [customer] [restartedMain] o.hibernate.jpa.internal.util.LogHelper  : HHH000204: Processing PersistenceUnitInfo [name: default]
2025-05-22T13:47:11.850+05:30  INFO 4320 --- [customer] [restartedMain] o.h.c.internal.RegionFactoryInitiator    : HHH000026: Second-level cache disabled
2025-05-22T13:47:11.858+05:30  INFO 4320 --- [customer] [restartedMain] o.s.o.j.p.SpringPersistenceUnitInfo      : No LoadTimeWeaver setup: ignoring JPA class transformer
2025-05-22T13:47:11.860+05:30  INFO 4320 --- [customer] [restartedMain] com.zaxxer.hikari.HikariDataSource       : HikariPool-8 - Starting...
2025-05-22T13:47:11.873+05:30  INFO 4320 --- [customer] [restartedMain] com.zaxxer.hikari.pool.HikariPool        : HikariPool-8 - Added connection com.mysql.cj.jdbc.ConnectionImpl@75a8af8f
2025-05-22T13:47:11.874+05:30  INFO 4320 --- [customer] [restartedMain] com.zaxxer.hikari.HikariDataSource       : HikariPool-8 - Start completed.
2025-05-22T13:47:11.875+05:30  WARN 4320 --- [customer] [restartedMain] org.hibernate.orm.deprecation            : HHH90000025: MySQLDialect does not need to be specified explicitly using 'hibernate.dialect' (remove the property setting and it will be selected by default)
2025-05-22T13:47:11.877+05:30  INFO 4320 --- [customer] [restartedMain] org.hibernate.orm.connections.pooling    : HHH10001005: Database info:
	Database JDBC URL [Connecting through datasource 'HikariDataSource (HikariPool-8)']
	Database driver: undefined/unknown
	Database version: 8.0.37
	Autocommit mode: undefined/unknown
	Isolation level: undefined/unknown
	Minimum pool size: undefined/unknown
	Maximum pool size: undefined/unknown
2025-05-22T13:47:11.940+05:30  INFO 4320 --- [customer] [restartedMain] o.h.e.t.j.p.i.JtaPlatformInitiator       : HHH000489: No JTA platform available (set 'hibernate.transaction.jta.platform' to enable JTA platform integration)
2025-05-22T13:47:11.969+05:30  INFO 4320 --- [customer] [restartedMain] j.LocalContainerEntityManagerFactoryBean : Initialized JPA EntityManagerFactory for persistence unit 'default'
2025-05-22T13:47:12.062+05:30  WARN 4320 --- [customer] [restartedMain] JpaBaseConfiguration$JpaWebConfiguration : spring.jpa.open-in-view is enabled by default. Therefore, database queries may be performed during view rendering. Explicitly configure spring.jpa.open-in-view to disable this warning
2025-05-22T13:47:12.080+05:30  INFO 4320 --- [customer] [restartedMain] o.s.v.b.OptionalValidatorFactoryBean     : Failed to set up a Bean Validation provider: jakarta.validation.NoProviderFoundException: Unable to create a Configuration, because no Jakarta Bean Validation provider could be found. Add a provider like Hibernate Validator (RI) to your classpath.
2025-05-22T13:47:12.231+05:30  INFO 4320 --- [customer] [restartedMain] o.s.b.d.a.OptionalLiveReloadServer       : LiveReload server is running on port 35729
2025-05-22T13:47:12.252+05:30  INFO 4320 --- [customer] [restartedMain] o.s.b.w.embedded.tomcat.TomcatWebServer  : Tomcat started on port 7777 (http) with context path '/'
2025-05-22T13:47:12.267+05:30  INFO 4320 --- [customer] [restartedMain] c.app.ClmsCustomerApiModuleApplication   : Started ClmsCustomerApiModuleApplication in 0.867 seconds (process running for 695.589)
2025-05-22T13:47:12.270+05:30  INFO 4320 --- [customer] [restartedMain] .ConditionEvaluationDeltaLoggingListener : Condition evaluation unchanged
2025-05-22T13:47:18.243+05:30  INFO 4320 --- [customer] [http-nio-7777-exec-2] o.a.c.c.C.[Tomcat].[localhost].[/]       : Initializing Spring DispatcherServlet 'dispatcherServlet'
2025-05-22T13:47:18.243+05:30  INFO 4320 --- [customer] [http-nio-7777-exec-2] o.s.web.servlet.DispatcherServlet        : Initializing Servlet 'dispatcherServlet'
2025-05-22T13:47:18.245+05:30  INFO 4320 --- [customer] [http-nio-7777-exec-2] o.s.web.servlet.DispatcherServlet        : Completed initialization in 2 ms
2025-05-22T13:50:37.642+05:30  INFO 4320 --- [customer] [File Watcher] rtingClassPathChangeChangedEventListener : Restarting due to 1 class path change (0 additions, 0 deletions, 1 modification)
2025-05-22T13:50:37.644+05:30  INFO 4320 --- [customer] [Thread-31] o.s.b.w.e.tomcat.GracefulShutdown        : Commencing graceful shutdown. Waiting for active requests to complete
2025-05-22T13:50:37.719+05:30  INFO 4320 --- [customer] [tomcat-shutdown] o.s.b.w.e.tomcat.GracefulShutdown        : Graceful shutdown complete
2025-05-22T13:50:37.721+05:30  INFO 4320 --- [customer] [Thread-31] j.LocalContainerEntityManagerFactoryBean : Closing JPA EntityManagerFactory for persistence unit 'default'
2025-05-22T13:50:37.721+05:30  INFO 4320 --- [customer] [Thread-31] com.zaxxer.hikari.HikariDataSource       : HikariPool-8 - Shutdown initiated...
2025-05-22T13:50:37.730+05:30  INFO 4320 --- [customer] [Thread-31] com.zaxxer.hikari.HikariDataSource       : HikariPool-8 - Shutdown completed.
2025-05-22T13:50:37.832+05:30  INFO 4320 --- [customer] [restartedMain] c.app.ClmsCustomerApiModuleApplication   : Starting ClmsCustomerApiModuleApplication using Java 17.0.8.1 with PID 4320 (C:\Users\Dell\git\CarLoan_Customer\CLMS-Customer-API-Module\target\classes started by Dell in C:\Users\Dell\git\CarLoan_Customer\CLMS-Customer-API-Module)
2025-05-22T13:50:37.833+05:30  INFO 4320 --- [customer] [restartedMain] c.app.ClmsCustomerApiModuleApplication   : No active profile set, falling back to 1 default profile: "default"
2025-05-22T13:50:38.069+05:30  INFO 4320 --- [customer] [restartedMain] .s.d.r.c.RepositoryConfigurationDelegate : Bootstrapping Spring Data JPA repositories in DEFAULT mode.
2025-05-22T13:50:38.082+05:30  INFO 4320 --- [customer] [restartedMain] .s.d.r.c.RepositoryConfigurationDelegate : Finished Spring Data repository scanning in 11 ms. Found 1 JPA repository interface.
2025-05-22T13:50:38.193+05:30  INFO 4320 --- [customer] [restartedMain] o.s.b.w.embedded.tomcat.TomcatWebServer  : Tomcat initialized with port 7777 (http)
2025-05-22T13:50:38.194+05:30  INFO 4320 --- [customer] [restartedMain] o.apache.catalina.core.StandardService   : Starting service [Tomcat]
2025-05-22T13:50:38.194+05:30  INFO 4320 --- [customer] [restartedMain] o.apache.catalina.core.StandardEngine    : Starting Servlet engine: [Apache Tomcat/10.1.40]
2025-05-22T13:50:38.225+05:30  INFO 4320 --- [customer] [restartedMain] o.a.c.c.C.[Tomcat].[localhost].[/]       : Initializing Spring embedded WebApplicationContext
2025-05-22T13:50:38.225+05:30  INFO 4320 --- [customer] [restartedMain] w.s.c.ServletWebServerApplicationContext : Root WebApplicationContext: initialization completed in 391 ms
2025-05-22T13:50:38.272+05:30  INFO 4320 --- [customer] [restartedMain] o.hibernate.jpa.internal.util.LogHelper  : HHH000204: Processing PersistenceUnitInfo [name: default]
2025-05-22T13:50:38.277+05:30  INFO 4320 --- [customer] [restartedMain] o.h.c.internal.RegionFactoryInitiator    : HHH000026: Second-level cache disabled
2025-05-22T13:50:38.288+05:30  INFO 4320 --- [customer] [restartedMain] o.s.o.j.p.SpringPersistenceUnitInfo      : No LoadTimeWeaver setup: ignoring JPA class transformer
2025-05-22T13:50:38.292+05:30  INFO 4320 --- [customer] [restartedMain] com.zaxxer.hikari.HikariDataSource       : HikariPool-9 - Starting...
2025-05-22T13:50:38.314+05:30  INFO 4320 --- [customer] [restartedMain] com.zaxxer.hikari.pool.HikariPool        : HikariPool-9 - Added connection com.mysql.cj.jdbc.ConnectionImpl@2fae4ccb
2025-05-22T13:50:38.314+05:30  INFO 4320 --- [customer] [restartedMain] com.zaxxer.hikari.HikariDataSource       : HikariPool-9 - Start completed.
2025-05-22T13:50:38.315+05:30  WARN 4320 --- [customer] [restartedMain] org.hibernate.orm.deprecation            : HHH90000025: MySQLDialect does not need to be specified explicitly using 'hibernate.dialect' (remove the property setting and it will be selected by default)
2025-05-22T13:50:38.316+05:30  INFO 4320 --- [customer] [restartedMain] org.hibernate.orm.connections.pooling    : HHH10001005: Database info:
	Database JDBC URL [Connecting through datasource 'HikariDataSource (HikariPool-9)']
	Database driver: undefined/unknown
	Database version: 8.0.37
	Autocommit mode: undefined/unknown
	Isolation level: undefined/unknown
	Minimum pool size: undefined/unknown
	Maximum pool size: undefined/unknown
2025-05-22T13:50:38.436+05:30  INFO 4320 --- [customer] [restartedMain] o.h.e.t.j.p.i.JtaPlatformInitiator       : HHH000489: No JTA platform available (set 'hibernate.transaction.jta.platform' to enable JTA platform integration)
2025-05-22T13:50:38.482+05:30  INFO 4320 --- [customer] [restartedMain] j.LocalContainerEntityManagerFactoryBean : Initialized JPA EntityManagerFactory for persistence unit 'default'
2025-05-22T13:50:38.599+05:30  WARN 4320 --- [customer] [restartedMain] JpaBaseConfiguration$JpaWebConfiguration : spring.jpa.open-in-view is enabled by default. Therefore, database queries may be performed during view rendering. Explicitly configure spring.jpa.open-in-view to disable this warning
2025-05-22T13:50:38.618+05:30  INFO 4320 --- [customer] [restartedMain] o.s.v.b.OptionalValidatorFactoryBean     : Failed to set up a Bean Validation provider: jakarta.validation.NoProviderFoundException: Unable to create a Configuration, because no Jakarta Bean Validation provider could be found. Add a provider like Hibernate Validator (RI) to your classpath.
2025-05-22T13:50:38.762+05:30  INFO 4320 --- [customer] [restartedMain] o.s.b.d.a.OptionalLiveReloadServer       : LiveReload server is running on port 35729
2025-05-22T13:50:38.777+05:30  INFO 4320 --- [customer] [restartedMain] o.s.b.w.embedded.tomcat.TomcatWebServer  : Tomcat started on port 7777 (http) with context path '/'
2025-05-22T13:50:38.784+05:30  INFO 4320 --- [customer] [restartedMain] c.app.ClmsCustomerApiModuleApplication   : Started ClmsCustomerApiModuleApplication in 0.981 seconds (process running for 902.106)
2025-05-22T13:50:38.786+05:30  INFO 4320 --- [customer] [restartedMain] .ConditionEvaluationDeltaLoggingListener : Condition evaluation unchanged
2025-05-22T13:50:39.500+05:30  INFO 4320 --- [customer] [http-nio-7777-exec-3] o.a.c.c.C.[Tomcat].[localhost].[/]       : Initializing Spring DispatcherServlet 'dispatcherServlet'
2025-05-22T13:50:39.500+05:30  INFO 4320 --- [customer] [http-nio-7777-exec-3] o.s.web.servlet.DispatcherServlet        : Initializing Servlet 'dispatcherServlet'
2025-05-22T13:50:39.503+05:30  INFO 4320 --- [customer] [http-nio-7777-exec-3] o.s.web.servlet.DispatcherServlet        : Completed initialization in 2 ms
2025-05-22T14:01:21.061+05:30  INFO 4320 --- [customer] [File Watcher] rtingClassPathChangeChangedEventListener : Restarting due to 1 class path change (0 additions, 0 deletions, 1 modification)
2025-05-22T14:01:21.068+05:30  INFO 4320 --- [customer] [Thread-35] o.s.b.w.e.tomcat.GracefulShutdown        : Commencing graceful shutdown. Waiting for active requests to complete
2025-05-22T14:01:21.183+05:30  INFO 4320 --- [customer] [tomcat-shutdown] o.s.b.w.e.tomcat.GracefulShutdown        : Graceful shutdown complete
2025-05-22T14:01:21.185+05:30  INFO 4320 --- [customer] [Thread-35] j.LocalContainerEntityManagerFactoryBean : Closing JPA EntityManagerFactory for persistence unit 'default'
2025-05-22T14:01:21.187+05:30  INFO 4320 --- [customer] [Thread-35] com.zaxxer.hikari.HikariDataSource       : HikariPool-9 - Shutdown initiated...
2025-05-22T14:01:21.277+05:30  INFO 4320 --- [customer] [Thread-35] com.zaxxer.hikari.HikariDataSource       : HikariPool-9 - Shutdown completed.
2025-05-22T14:01:21.447+05:30  INFO 4320 --- [customer] [restartedMain] c.app.ClmsCustomerApiModuleApplication   : Starting ClmsCustomerApiModuleApplication using Java 17.0.8.1 with PID 4320 (C:\Users\Dell\git\CarLoan_Customer\CLMS-Customer-API-Module\target\classes started by Dell in C:\Users\Dell\git\CarLoan_Customer\CLMS-Customer-API-Module)
2025-05-22T14:01:21.447+05:30  INFO 4320 --- [customer] [restartedMain] c.app.ClmsCustomerApiModuleApplication   : No active profile set, falling back to 1 default profile: "default"
2025-05-22T14:01:21.692+05:30  INFO 4320 --- [customer] [restartedMain] .s.d.r.c.RepositoryConfigurationDelegate : Bootstrapping Spring Data JPA repositories in DEFAULT mode.
2025-05-22T14:01:21.701+05:30  INFO 4320 --- [customer] [restartedMain] .s.d.r.c.RepositoryConfigurationDelegate : Finished Spring Data repository scanning in 8 ms. Found 1 JPA repository interface.
2025-05-22T14:01:21.829+05:30  INFO 4320 --- [customer] [restartedMain] o.s.b.w.embedded.tomcat.TomcatWebServer  : Tomcat initialized with port 7777 (http)
2025-05-22T14:01:21.830+05:30  INFO 4320 --- [customer] [restartedMain] o.apache.catalina.core.StandardService   : Starting service [Tomcat]
2025-05-22T14:01:21.831+05:30  INFO 4320 --- [customer] [restartedMain] o.apache.catalina.core.StandardEngine    : Starting Servlet engine: [Apache Tomcat/10.1.40]
2025-05-22T14:01:21.852+05:30  INFO 4320 --- [customer] [restartedMain] o.a.c.c.C.[Tomcat].[localhost].[/]       : Initializing Spring embedded WebApplicationContext
2025-05-22T14:01:21.852+05:30  INFO 4320 --- [customer] [restartedMain] w.s.c.ServletWebServerApplicationContext : Root WebApplicationContext: initialization completed in 401 ms
2025-05-22T14:01:21.909+05:30  INFO 4320 --- [customer] [restartedMain] o.hibernate.jpa.internal.util.LogHelper  : HHH000204: Processing PersistenceUnitInfo [name: default]
2025-05-22T14:01:21.912+05:30  INFO 4320 --- [customer] [restartedMain] o.h.c.internal.RegionFactoryInitiator    : HHH000026: Second-level cache disabled
2025-05-22T14:01:21.923+05:30  INFO 4320 --- [customer] [restartedMain] o.s.o.j.p.SpringPersistenceUnitInfo      : No LoadTimeWeaver setup: ignoring JPA class transformer
2025-05-22T14:01:21.925+05:30  INFO 4320 --- [customer] [restartedMain] com.zaxxer.hikari.HikariDataSource       : HikariPool-10 - Starting...
2025-05-22T14:01:21.940+05:30  INFO 4320 --- [customer] [restartedMain] com.zaxxer.hikari.pool.HikariPool        : HikariPool-10 - Added connection com.mysql.cj.jdbc.ConnectionImpl@168e38ce
2025-05-22T14:01:21.941+05:30  INFO 4320 --- [customer] [restartedMain] com.zaxxer.hikari.HikariDataSource       : HikariPool-10 - Start completed.
2025-05-22T14:01:21.942+05:30  WARN 4320 --- [customer] [restartedMain] org.hibernate.orm.deprecation            : HHH90000025: MySQLDialect does not need to be specified explicitly using 'hibernate.dialect' (remove the property setting and it will be selected by default)
2025-05-22T14:01:21.943+05:30  INFO 4320 --- [customer] [restartedMain] org.hibernate.orm.connections.pooling    : HHH10001005: Database info:
	Database JDBC URL [Connecting through datasource 'HikariDataSource (HikariPool-10)']
	Database driver: undefined/unknown
	Database version: 8.0.37
	Autocommit mode: undefined/unknown
	Isolation level: undefined/unknown
	Minimum pool size: undefined/unknown
	Maximum pool size: undefined/unknown
2025-05-22T14:01:22.020+05:30  INFO 4320 --- [customer] [restartedMain] o.h.e.t.j.p.i.JtaPlatformInitiator       : HHH000489: No JTA platform available (set 'hibernate.transaction.jta.platform' to enable JTA platform integration)
2025-05-22T14:01:22.054+05:30  INFO 4320 --- [customer] [restartedMain] j.LocalContainerEntityManagerFactoryBean : Initialized JPA EntityManagerFactory for persistence unit 'default'
2025-05-22T14:01:22.213+05:30  WARN 4320 --- [customer] [restartedMain] JpaBaseConfiguration$JpaWebConfiguration : spring.jpa.open-in-view is enabled by default. Therefore, database queries may be performed during view rendering. Explicitly configure spring.jpa.open-in-view to disable this warning
2025-05-22T14:01:22.237+05:30  INFO 4320 --- [customer] [restartedMain] o.s.v.b.OptionalValidatorFactoryBean     : Failed to set up a Bean Validation provider: jakarta.validation.NoProviderFoundException: Unable to create a Configuration, because no Jakarta Bean Validation provider could be found. Add a provider like Hibernate Validator (RI) to your classpath.
2025-05-22T14:01:22.416+05:30  INFO 4320 --- [customer] [restartedMain] o.s.b.d.a.OptionalLiveReloadServer       : LiveReload server is running on port 35729
2025-05-22T14:01:22.435+05:30  INFO 4320 --- [customer] [restartedMain] o.s.b.w.embedded.tomcat.TomcatWebServer  : Tomcat started on port 7777 (http) with context path '/'
2025-05-22T14:01:22.444+05:30  INFO 4320 --- [customer] [restartedMain] c.app.ClmsCustomerApiModuleApplication   : Started ClmsCustomerApiModuleApplication in 1.055 seconds (process running for 1545.766)
2025-05-22T14:01:22.446+05:30  INFO 4320 --- [customer] [restartedMain] .ConditionEvaluationDeltaLoggingListener : Condition evaluation unchanged
2025-05-22T14:01:46.478+05:30  INFO 4320 --- [customer] [File Watcher] rtingClassPathChangeChangedEventListener : Restarting due to 1 class path change (0 additions, 0 deletions, 1 modification)
2025-05-22T14:01:46.485+05:30  INFO 4320 --- [customer] [Thread-39] o.s.b.w.e.tomcat.GracefulShutdown        : Commencing graceful shutdown. Waiting for active requests to complete
2025-05-22T14:01:46.718+05:30  INFO 4320 --- [customer] [tomcat-shutdown] o.s.b.w.e.tomcat.GracefulShutdown        : Graceful shutdown complete
2025-05-22T14:01:46.722+05:30  INFO 4320 --- [customer] [Thread-39] j.LocalContainerEntityManagerFactoryBean : Closing JPA EntityManagerFactory for persistence unit 'default'
2025-05-22T14:01:46.724+05:30  INFO 4320 --- [customer] [Thread-39] com.zaxxer.hikari.HikariDataSource       : HikariPool-10 - Shutdown initiated...
2025-05-22T14:01:46.731+05:30  INFO 4320 --- [customer] [Thread-39] com.zaxxer.hikari.HikariDataSource       : HikariPool-10 - Shutdown completed.
2025-05-22T14:01:46.846+05:30  INFO 4320 --- [customer] [restartedMain] c.app.ClmsCustomerApiModuleApplication   : Starting ClmsCustomerApiModuleApplication using Java 17.0.8.1 with PID 4320 (C:\Users\Dell\git\CarLoan_Customer\CLMS-Customer-API-Module\target\classes started by Dell in C:\Users\Dell\git\CarLoan_Customer\CLMS-Customer-API-Module)
2025-05-22T14:01:46.846+05:30  INFO 4320 --- [customer] [restartedMain] c.app.ClmsCustomerApiModuleApplication   : No active profile set, falling back to 1 default profile: "default"
2025-05-22T14:01:47.106+05:30  INFO 4320 --- [customer] [restartedMain] .s.d.r.c.RepositoryConfigurationDelegate : Bootstrapping Spring Data JPA repositories in DEFAULT mode.
2025-05-22T14:01:47.117+05:30  INFO 4320 --- [customer] [restartedMain] .s.d.r.c.RepositoryConfigurationDelegate : Finished Spring Data repository scanning in 9 ms. Found 1 JPA repository interface.
2025-05-22T14:01:47.224+05:30  INFO 4320 --- [customer] [restartedMain] o.s.b.w.embedded.tomcat.TomcatWebServer  : Tomcat initialized with port 7777 (http)
2025-05-22T14:01:47.225+05:30  INFO 4320 --- [customer] [restartedMain] o.apache.catalina.core.StandardService   : Starting service [Tomcat]
2025-05-22T14:01:47.225+05:30  INFO 4320 --- [customer] [restartedMain] o.apache.catalina.core.StandardEngine    : Starting Servlet engine: [Apache Tomcat/10.1.40]
2025-05-22T14:01:47.252+05:30  INFO 4320 --- [customer] [restartedMain] o.a.c.c.C.[Tomcat].[localhost].[/]       : Initializing Spring embedded WebApplicationContext
2025-05-22T14:01:47.252+05:30  INFO 4320 --- [customer] [restartedMain] w.s.c.ServletWebServerApplicationContext : Root WebApplicationContext: initialization completed in 404 ms
2025-05-22T14:01:47.349+05:30  INFO 4320 --- [customer] [restartedMain] o.hibernate.jpa.internal.util.LogHelper  : HHH000204: Processing PersistenceUnitInfo [name: default]
2025-05-22T14:01:47.355+05:30  INFO 4320 --- [customer] [restartedMain] o.h.c.internal.RegionFactoryInitiator    : HHH000026: Second-level cache disabled
2025-05-22T14:01:47.375+05:30  INFO 4320 --- [customer] [restartedMain] o.s.o.j.p.SpringPersistenceUnitInfo      : No LoadTimeWeaver setup: ignoring JPA class transformer
2025-05-22T14:01:47.377+05:30  INFO 4320 --- [customer] [restartedMain] com.zaxxer.hikari.HikariDataSource       : HikariPool-11 - Starting...
2025-05-22T14:01:47.434+05:30  INFO 4320 --- [customer] [restartedMain] com.zaxxer.hikari.pool.HikariPool        : HikariPool-11 - Added connection com.mysql.cj.jdbc.ConnectionImpl@6dfbd270
2025-05-22T14:01:47.435+05:30  INFO 4320 --- [customer] [restartedMain] com.zaxxer.hikari.HikariDataSource       : HikariPool-11 - Start completed.
2025-05-22T14:01:47.439+05:30  WARN 4320 --- [customer] [restartedMain] org.hibernate.orm.deprecation            : HHH90000025: MySQLDialect does not need to be specified explicitly using 'hibernate.dialect' (remove the property setting and it will be selected by default)
2025-05-22T14:01:47.440+05:30  INFO 4320 --- [customer] [restartedMain] org.hibernate.orm.connections.pooling    : HHH10001005: Database info:
	Database JDBC URL [Connecting through datasource 'HikariDataSource (HikariPool-11)']
	Database driver: undefined/unknown
	Database version: 8.0.37
	Autocommit mode: undefined/unknown
	Isolation level: undefined/unknown
	Minimum pool size: undefined/unknown
	Maximum pool size: undefined/unknown
2025-05-22T14:01:47.583+05:30  INFO 4320 --- [customer] [restartedMain] o.h.e.t.j.p.i.JtaPlatformInitiator       : HHH000489: No JTA platform available (set 'hibernate.transaction.jta.platform' to enable JTA platform integration)
2025-05-22T14:01:47.627+05:30  INFO 4320 --- [customer] [restartedMain] j.LocalContainerEntityManagerFactoryBean : Initialized JPA EntityManagerFactory for persistence unit 'default'
2025-05-22T14:01:47.735+05:30  WARN 4320 --- [customer] [restartedMain] JpaBaseConfiguration$JpaWebConfiguration : spring.jpa.open-in-view is enabled by default. Therefore, database queries may be performed during view rendering. Explicitly configure spring.jpa.open-in-view to disable this warning
2025-05-22T14:01:47.758+05:30  INFO 4320 --- [customer] [restartedMain] o.s.v.b.OptionalValidatorFactoryBean     : Failed to set up a Bean Validation provider: jakarta.validation.NoProviderFoundException: Unable to create a Configuration, because no Jakarta Bean Validation provider could be found. Add a provider like Hibernate Validator (RI) to your classpath.
2025-05-22T14:01:47.885+05:30  INFO 4320 --- [customer] [restartedMain] o.s.b.d.a.OptionalLiveReloadServer       : LiveReload server is running on port 35729
2025-05-22T14:01:47.914+05:30  INFO 4320 --- [customer] [restartedMain] o.s.b.w.embedded.tomcat.TomcatWebServer  : Tomcat started on port 7777 (http) with context path '/'
2025-05-22T14:01:47.921+05:30  INFO 4320 --- [customer] [restartedMain] c.app.ClmsCustomerApiModuleApplication   : Started ClmsCustomerApiModuleApplication in 1.11 seconds (process running for 1571.242)
2025-05-22T14:01:47.923+05:30  INFO 4320 --- [customer] [restartedMain] .ConditionEvaluationDeltaLoggingListener : Condition evaluation unchanged
2025-05-22T14:02:03.723+05:30  INFO 4320 --- [customer] [File Watcher] rtingClassPathChangeChangedEventListener : Restarting due to 3 class path changes (0 additions, 0 deletions, 3 modifications)
2025-05-22T14:02:03.728+05:30  INFO 4320 --- [customer] [Thread-43] o.s.b.w.e.tomcat.GracefulShutdown        : Commencing graceful shutdown. Waiting for active requests to complete
2025-05-22T14:02:03.786+05:30  INFO 4320 --- [customer] [tomcat-shutdown] o.s.b.w.e.tomcat.GracefulShutdown        : Graceful shutdown complete
2025-05-22T14:02:03.788+05:30  INFO 4320 --- [customer] [Thread-43] j.LocalContainerEntityManagerFactoryBean : Closing JPA EntityManagerFactory for persistence unit 'default'
2025-05-22T14:02:03.789+05:30  INFO 4320 --- [customer] [Thread-43] com.zaxxer.hikari.HikariDataSource       : HikariPool-11 - Shutdown initiated...
2025-05-22T14:02:03.793+05:30  INFO 4320 --- [customer] [Thread-43] com.zaxxer.hikari.HikariDataSource       : HikariPool-11 - Shutdown completed.
2025-05-22T14:02:03.901+05:30  INFO 4320 --- [customer] [restartedMain] c.app.ClmsCustomerApiModuleApplication   : Starting ClmsCustomerApiModuleApplication using Java 17.0.8.1 with PID 4320 (C:\Users\Dell\git\CarLoan_Customer\CLMS-Customer-API-Module\target\classes started by Dell in C:\Users\Dell\git\CarLoan_Customer\CLMS-Customer-API-Module)
2025-05-22T14:02:03.901+05:30  INFO 4320 --- [customer] [restartedMain] c.app.ClmsCustomerApiModuleApplication   : No active profile set, falling back to 1 default profile: "default"
2025-05-22T14:02:04.496+05:30  INFO 4320 --- [customer] [restartedMain] .s.d.r.c.RepositoryConfigurationDelegate : Bootstrapping Spring Data JPA repositories in DEFAULT mode.
2025-05-22T14:02:04.516+05:30  INFO 4320 --- [customer] [restartedMain] .s.d.r.c.RepositoryConfigurationDelegate : Finished Spring Data repository scanning in 16 ms. Found 1 JPA repository interface.
2025-05-22T14:02:04.678+05:30  INFO 4320 --- [customer] [restartedMain] o.s.b.w.embedded.tomcat.TomcatWebServer  : Tomcat initialized with port 7777 (http)
2025-05-22T14:02:04.679+05:30  INFO 4320 --- [customer] [restartedMain] o.apache.catalina.core.StandardService   : Starting service [Tomcat]
2025-05-22T14:02:04.679+05:30  INFO 4320 --- [customer] [restartedMain] o.apache.catalina.core.StandardEngine    : Starting Servlet engine: [Apache Tomcat/10.1.40]
2025-05-22T14:02:04.699+05:30  INFO 4320 --- [customer] [restartedMain] o.a.c.c.C.[Tomcat].[localhost].[/]       : Initializing Spring embedded WebApplicationContext
2025-05-22T14:02:04.699+05:30  INFO 4320 --- [customer] [restartedMain] w.s.c.ServletWebServerApplicationContext : Root WebApplicationContext: initialization completed in 796 ms
2025-05-22T14:02:04.762+05:30  INFO 4320 --- [customer] [restartedMain] o.hibernate.jpa.internal.util.LogHelper  : HHH000204: Processing PersistenceUnitInfo [name: default]
2025-05-22T14:02:04.768+05:30  INFO 4320 --- [customer] [restartedMain] o.h.c.internal.RegionFactoryInitiator    : HHH000026: Second-level cache disabled
2025-05-22T14:02:04.791+05:30  INFO 4320 --- [customer] [restartedMain] o.s.o.j.p.SpringPersistenceUnitInfo      : No LoadTimeWeaver setup: ignoring JPA class transformer
2025-05-22T14:02:04.793+05:30  INFO 4320 --- [customer] [restartedMain] com.zaxxer.hikari.HikariDataSource       : HikariPool-12 - Starting...
2025-05-22T14:02:04.812+05:30  INFO 4320 --- [customer] [restartedMain] com.zaxxer.hikari.pool.HikariPool        : HikariPool-12 - Added connection com.mysql.cj.jdbc.ConnectionImpl@629aac9b
2025-05-22T14:02:04.812+05:30  INFO 4320 --- [customer] [restartedMain] com.zaxxer.hikari.HikariDataSource       : HikariPool-12 - Start completed.
2025-05-22T14:02:04.814+05:30  WARN 4320 --- [customer] [restartedMain] org.hibernate.orm.deprecation            : HHH90000025: MySQLDialect does not need to be specified explicitly using 'hibernate.dialect' (remove the property setting and it will be selected by default)
2025-05-22T14:02:04.814+05:30  INFO 4320 --- [customer] [restartedMain] org.hibernate.orm.connections.pooling    : HHH10001005: Database info:
	Database JDBC URL [Connecting through datasource 'HikariDataSource (HikariPool-12)']
	Database driver: undefined/unknown
	Database version: 8.0.37
	Autocommit mode: undefined/unknown
	Isolation level: undefined/unknown
	Minimum pool size: undefined/unknown
	Maximum pool size: undefined/unknown
2025-05-22T14:02:04.887+05:30  INFO 4320 --- [customer] [restartedMain] o.h.e.t.j.p.i.JtaPlatformInitiator       : HHH000489: No JTA platform available (set 'hibernate.transaction.jta.platform' to enable JTA platform integration)
2025-05-22T14:02:04.925+05:30  INFO 4320 --- [customer] [restartedMain] j.LocalContainerEntityManagerFactoryBean : Initialized JPA EntityManagerFactory for persistence unit 'default'
2025-05-22T14:02:05.029+05:30  WARN 4320 --- [customer] [restartedMain] JpaBaseConfiguration$JpaWebConfiguration : spring.jpa.open-in-view is enabled by default. Therefore, database queries may be performed during view rendering. Explicitly configure spring.jpa.open-in-view to disable this warning
2025-05-22T14:02:05.063+05:30  INFO 4320 --- [customer] [restartedMain] o.s.v.b.OptionalValidatorFactoryBean     : Failed to set up a Bean Validation provider: jakarta.validation.NoProviderFoundException: Unable to create a Configuration, because no Jakarta Bean Validation provider could be found. Add a provider like Hibernate Validator (RI) to your classpath.
2025-05-22T14:02:05.232+05:30  INFO 4320 --- [customer] [restartedMain] o.s.b.d.a.OptionalLiveReloadServer       : LiveReload server is running on port 35729
2025-05-22T14:02:05.276+05:30  INFO 4320 --- [customer] [restartedMain] o.s.b.w.embedded.tomcat.TomcatWebServer  : Tomcat started on port 7777 (http) with context path '/'
2025-05-22T14:02:05.300+05:30  INFO 4320 --- [customer] [restartedMain] c.app.ClmsCustomerApiModuleApplication   : Started ClmsCustomerApiModuleApplication in 1.429 seconds (process running for 1588.622)
2025-05-22T14:02:05.303+05:30  INFO 4320 --- [customer] [restartedMain] .ConditionEvaluationDeltaLoggingListener : Condition evaluation unchanged
2025-05-22T14:03:00.772+05:30  INFO 4320 --- [customer] [http-nio-7777-exec-2] o.a.c.c.C.[Tomcat].[localhost].[/]       : Initializing Spring DispatcherServlet 'dispatcherServlet'
2025-05-22T14:03:00.774+05:30  INFO 4320 --- [customer] [http-nio-7777-exec-2] o.s.web.servlet.DispatcherServlet        : Initializing Servlet 'dispatcherServlet'
2025-05-22T14:03:00.783+05:30  INFO 4320 --- [customer] [http-nio-7777-exec-2] o.s.web.servlet.DispatcherServlet        : Completed initialization in 6 ms
2025-05-22T14:05:13.166+05:30  INFO 4320 --- [customer] [File Watcher] rtingClassPathChangeChangedEventListener : Restarting due to 1 class path change (0 additions, 0 deletions, 1 modification)
2025-05-22T14:05:13.170+05:30  INFO 4320 --- [customer] [Thread-47] o.s.b.w.e.tomcat.GracefulShutdown        : Commencing graceful shutdown. Waiting for active requests to complete
2025-05-22T14:05:13.406+05:30  INFO 4320 --- [customer] [tomcat-shutdown] o.s.b.w.e.tomcat.GracefulShutdown        : Graceful shutdown complete
2025-05-22T14:05:13.407+05:30  INFO 4320 --- [customer] [Thread-47] j.LocalContainerEntityManagerFactoryBean : Closing JPA EntityManagerFactory for persistence unit 'default'
2025-05-22T14:05:13.408+05:30  INFO 4320 --- [customer] [Thread-47] com.zaxxer.hikari.HikariDataSource       : HikariPool-12 - Shutdown initiated...
2025-05-22T14:05:13.415+05:30  INFO 4320 --- [customer] [Thread-47] com.zaxxer.hikari.HikariDataSource       : HikariPool-12 - Shutdown completed.
2025-05-22T14:05:13.549+05:30  INFO 4320 --- [customer] [restartedMain] c.app.ClmsCustomerApiModuleApplication   : Starting ClmsCustomerApiModuleApplication using Java 17.0.8.1 with PID 4320 (C:\Users\Dell\git\CarLoan_Customer\CLMS-Customer-API-Module\target\classes started by Dell in C:\Users\Dell\git\CarLoan_Customer\CLMS-Customer-API-Module)
2025-05-22T14:05:13.550+05:30  INFO 4320 --- [customer] [restartedMain] c.app.ClmsCustomerApiModuleApplication   : No active profile set, falling back to 1 default profile: "default"
2025-05-22T14:05:13.907+05:30  INFO 4320 --- [customer] [restartedMain] .s.d.r.c.RepositoryConfigurationDelegate : Bootstrapping Spring Data JPA repositories in DEFAULT mode.
2025-05-22T14:05:13.938+05:30  INFO 4320 --- [customer] [restartedMain] .s.d.r.c.RepositoryConfigurationDelegate : Finished Spring Data repository scanning in 29 ms. Found 1 JPA repository interface.
2025-05-22T14:05:14.152+05:30  INFO 4320 --- [customer] [restartedMain] o.s.b.w.embedded.tomcat.TomcatWebServer  : Tomcat initialized with port 7777 (http)
2025-05-22T14:05:14.152+05:30  INFO 4320 --- [customer] [restartedMain] o.apache.catalina.core.StandardService   : Starting service [Tomcat]
2025-05-22T14:05:14.152+05:30  INFO 4320 --- [customer] [restartedMain] o.apache.catalina.core.StandardEngine    : Starting Servlet engine: [Apache Tomcat/10.1.40]
2025-05-22T14:05:14.173+05:30  INFO 4320 --- [customer] [restartedMain] o.a.c.c.C.[Tomcat].[localhost].[/]       : Initializing Spring embedded WebApplicationContext
2025-05-22T14:05:14.173+05:30  INFO 4320 --- [customer] [restartedMain] w.s.c.ServletWebServerApplicationContext : Root WebApplicationContext: initialization completed in 622 ms
2025-05-22T14:05:14.215+05:30  INFO 4320 --- [customer] [restartedMain] o.hibernate.jpa.internal.util.LogHelper  : HHH000204: Processing PersistenceUnitInfo [name: default]
2025-05-22T14:05:14.218+05:30  INFO 4320 --- [customer] [restartedMain] o.h.c.internal.RegionFactoryInitiator    : HHH000026: Second-level cache disabled
2025-05-22T14:05:14.228+05:30  INFO 4320 --- [customer] [restartedMain] o.s.o.j.p.SpringPersistenceUnitInfo      : No LoadTimeWeaver setup: ignoring JPA class transformer
2025-05-22T14:05:14.228+05:30  INFO 4320 --- [customer] [restartedMain] com.zaxxer.hikari.HikariDataSource       : HikariPool-13 - Starting...
2025-05-22T14:05:14.247+05:30  INFO 4320 --- [customer] [restartedMain] com.zaxxer.hikari.pool.HikariPool        : HikariPool-13 - Added connection com.mysql.cj.jdbc.ConnectionImpl@4b7545d3
2025-05-22T14:05:14.248+05:30  INFO 4320 --- [customer] [restartedMain] com.zaxxer.hikari.HikariDataSource       : HikariPool-13 - Start completed.
2025-05-22T14:05:14.249+05:30  WARN 4320 --- [customer] [restartedMain] org.hibernate.orm.deprecation            : HHH90000025: MySQLDialect does not need to be specified explicitly using 'hibernate.dialect' (remove the property setting and it will be selected by default)
2025-05-22T14:05:14.250+05:30  INFO 4320 --- [customer] [restartedMain] org.hibernate.orm.connections.pooling    : HHH10001005: Database info:
	Database JDBC URL [Connecting through datasource 'HikariDataSource (HikariPool-13)']
	Database driver: undefined/unknown
	Database version: 8.0.37
	Autocommit mode: undefined/unknown
	Isolation level: undefined/unknown
	Minimum pool size: undefined/unknown
	Maximum pool size: undefined/unknown
2025-05-22T14:05:14.350+05:30  INFO 4320 --- [customer] [restartedMain] o.h.e.t.j.p.i.JtaPlatformInitiator       : HHH000489: No JTA platform available (set 'hibernate.transaction.jta.platform' to enable JTA platform integration)
2025-05-22T14:05:14.390+05:30  INFO 4320 --- [customer] [restartedMain] j.LocalContainerEntityManagerFactoryBean : Initialized JPA EntityManagerFactory for persistence unit 'default'
2025-05-22T14:05:14.503+05:30  WARN 4320 --- [customer] [restartedMain] JpaBaseConfiguration$JpaWebConfiguration : spring.jpa.open-in-view is enabled by default. Therefore, database queries may be performed during view rendering. Explicitly configure spring.jpa.open-in-view to disable this warning
2025-05-22T14:05:14.521+05:30  INFO 4320 --- [customer] [restartedMain] o.s.v.b.OptionalValidatorFactoryBean     : Failed to set up a Bean Validation provider: jakarta.validation.NoProviderFoundException: Unable to create a Configuration, because no Jakarta Bean Validation provider could be found. Add a provider like Hibernate Validator (RI) to your classpath.
2025-05-22T14:05:14.796+05:30  INFO 4320 --- [customer] [restartedMain] o.s.b.d.a.OptionalLiveReloadServer       : LiveReload server is running on port 35729
2025-05-22T14:05:14.828+05:30  INFO 4320 --- [customer] [restartedMain] o.s.b.w.embedded.tomcat.TomcatWebServer  : Tomcat started on port 7777 (http) with context path '/'
2025-05-22T14:05:14.843+05:30  INFO 4320 --- [customer] [restartedMain] c.app.ClmsCustomerApiModuleApplication   : Started ClmsCustomerApiModuleApplication in 1.336 seconds (process running for 1778.164)
2025-05-22T14:05:14.845+05:30  INFO 4320 --- [customer] [restartedMain] .ConditionEvaluationDeltaLoggingListener : Condition evaluation unchanged
2025-05-22T14:05:15.231+05:30  INFO 4320 --- [customer] [http-nio-7777-exec-2] o.a.c.c.C.[Tomcat].[localhost].[/]       : Initializing Spring DispatcherServlet 'dispatcherServlet'
2025-05-22T14:05:15.231+05:30  INFO 4320 --- [customer] [http-nio-7777-exec-2] o.s.web.servlet.DispatcherServlet        : Initializing Servlet 'dispatcherServlet'
2025-05-22T14:05:15.236+05:30  INFO 4320 --- [customer] [http-nio-7777-exec-2] o.s.web.servlet.DispatcherServlet        : Completed initialization in 5 ms
2025-05-22T14:12:45.891+05:30  INFO 4320 --- [customer] [File Watcher] rtingClassPathChangeChangedEventListener : Restarting due to 1 class path change (0 additions, 0 deletions, 1 modification)
2025-05-22T14:12:45.894+05:30  INFO 4320 --- [customer] [Thread-51] o.s.b.w.e.tomcat.GracefulShutdown        : Commencing graceful shutdown. Waiting for active requests to complete
2025-05-22T14:12:45.946+05:30  INFO 4320 --- [customer] [tomcat-shutdown] o.s.b.w.e.tomcat.GracefulShutdown        : Graceful shutdown complete
2025-05-22T14:12:45.950+05:30  INFO 4320 --- [customer] [Thread-51] j.LocalContainerEntityManagerFactoryBean : Closing JPA EntityManagerFactory for persistence unit 'default'
2025-05-22T14:12:45.951+05:30  INFO 4320 --- [customer] [Thread-51] com.zaxxer.hikari.HikariDataSource       : HikariPool-13 - Shutdown initiated...
2025-05-22T14:12:45.962+05:30  INFO 4320 --- [customer] [Thread-51] com.zaxxer.hikari.HikariDataSource       : HikariPool-13 - Shutdown completed.
2025-05-22T14:12:46.064+05:30  INFO 4320 --- [customer] [restartedMain] c.app.ClmsCustomerApiModuleApplication   : Starting ClmsCustomerApiModuleApplication using Java 17.0.8.1 with PID 4320 (C:\Users\Dell\git\CarLoan_Customer\CLMS-Customer-API-Module\target\classes started by Dell in C:\Users\Dell\git\CarLoan_Customer\CLMS-Customer-API-Module)
2025-05-22T14:12:46.065+05:30  INFO 4320 --- [customer] [restartedMain] c.app.ClmsCustomerApiModuleApplication   : No active profile set, falling back to 1 default profile: "default"
2025-05-22T14:12:46.241+05:30  INFO 4320 --- [customer] [restartedMain] .s.d.r.c.RepositoryConfigurationDelegate : Bootstrapping Spring Data JPA repositories in DEFAULT mode.
2025-05-22T14:12:46.247+05:30  INFO 4320 --- [customer] [restartedMain] .s.d.r.c.RepositoryConfigurationDelegate : Finished Spring Data repository scanning in 5 ms. Found 1 JPA repository interface.
2025-05-22T14:12:46.310+05:30  INFO 4320 --- [customer] [restartedMain] o.s.b.w.embedded.tomcat.TomcatWebServer  : Tomcat initialized with port 7777 (http)
2025-05-22T14:12:46.310+05:30  INFO 4320 --- [customer] [restartedMain] o.apache.catalina.core.StandardService   : Starting service [Tomcat]
2025-05-22T14:12:46.311+05:30  INFO 4320 --- [customer] [restartedMain] o.apache.catalina.core.StandardEngine    : Starting Servlet engine: [Apache Tomcat/10.1.40]
2025-05-22T14:12:46.325+05:30  INFO 4320 --- [customer] [restartedMain] o.a.c.c.C.[Tomcat].[localhost].[/]       : Initializing Spring embedded WebApplicationContext
2025-05-22T14:12:46.325+05:30  INFO 4320 --- [customer] [restartedMain] w.s.c.ServletWebServerApplicationContext : Root WebApplicationContext: initialization completed in 254 ms
2025-05-22T14:12:46.354+05:30  INFO 4320 --- [customer] [restartedMain] o.hibernate.jpa.internal.util.LogHelper  : HHH000204: Processing PersistenceUnitInfo [name: default]
2025-05-22T14:12:46.357+05:30  INFO 4320 --- [customer] [restartedMain] o.h.c.internal.RegionFactoryInitiator    : HHH000026: Second-level cache disabled
2025-05-22T14:12:46.366+05:30  INFO 4320 --- [customer] [restartedMain] o.s.o.j.p.SpringPersistenceUnitInfo      : No LoadTimeWeaver setup: ignoring JPA class transformer
2025-05-22T14:12:46.367+05:30  INFO 4320 --- [customer] [restartedMain] com.zaxxer.hikari.HikariDataSource       : HikariPool-14 - Starting...
2025-05-22T14:12:46.378+05:30  INFO 4320 --- [customer] [restartedMain] com.zaxxer.hikari.pool.HikariPool        : HikariPool-14 - Added connection com.mysql.cj.jdbc.ConnectionImpl@38d966ee
2025-05-22T14:12:46.378+05:30  INFO 4320 --- [customer] [restartedMain] com.zaxxer.hikari.HikariDataSource       : HikariPool-14 - Start completed.
2025-05-22T14:12:46.380+05:30  WARN 4320 --- [customer] [restartedMain] org.hibernate.orm.deprecation            : HHH90000025: MySQLDialect does not need to be specified explicitly using 'hibernate.dialect' (remove the property setting and it will be selected by default)
2025-05-22T14:12:46.380+05:30  INFO 4320 --- [customer] [restartedMain] org.hibernate.orm.connections.pooling    : HHH10001005: Database info:
	Database JDBC URL [Connecting through datasource 'HikariDataSource (HikariPool-14)']
	Database driver: undefined/unknown
	Database version: 8.0.37
	Autocommit mode: undefined/unknown
	Isolation level: undefined/unknown
	Minimum pool size: undefined/unknown
	Maximum pool size: undefined/unknown
2025-05-22T14:12:46.435+05:30  INFO 4320 --- [customer] [restartedMain] o.h.e.t.j.p.i.JtaPlatformInitiator       : HHH000489: No JTA platform available (set 'hibernate.transaction.jta.platform' to enable JTA platform integration)
2025-05-22T14:12:46.457+05:30  INFO 4320 --- [customer] [restartedMain] j.LocalContainerEntityManagerFactoryBean : Initialized JPA EntityManagerFactory for persistence unit 'default'
2025-05-22T14:12:46.520+05:30  WARN 4320 --- [customer] [restartedMain] JpaBaseConfiguration$JpaWebConfiguration : spring.jpa.open-in-view is enabled by default. Therefore, database queries may be performed during view rendering. Explicitly configure spring.jpa.open-in-view to disable this warning
2025-05-22T14:12:46.535+05:30  INFO 4320 --- [customer] [restartedMain] o.s.v.b.OptionalValidatorFactoryBean     : Failed to set up a Bean Validation provider: jakarta.validation.NoProviderFoundException: Unable to create a Configuration, because no Jakarta Bean Validation provider could be found. Add a provider like Hibernate Validator (RI) to your classpath.
2025-05-22T14:12:46.617+05:30  INFO 4320 --- [customer] [restartedMain] o.s.b.d.a.OptionalLiveReloadServer       : LiveReload server is running on port 35729
2025-05-22T14:12:46.630+05:30  INFO 4320 --- [customer] [restartedMain] o.s.b.w.embedded.tomcat.TomcatWebServer  : Tomcat started on port 7777 (http) with context path '/'
2025-05-22T14:12:46.636+05:30  INFO 4320 --- [customer] [restartedMain] c.app.ClmsCustomerApiModuleApplication   : Started ClmsCustomerApiModuleApplication in 0.595 seconds (process running for 2229.957)
2025-05-22T14:12:46.638+05:30  INFO 4320 --- [customer] [restartedMain] .ConditionEvaluationDeltaLoggingListener : Condition evaluation unchanged
2025-05-22T14:12:56.600+05:30  INFO 4320 --- [customer] [http-nio-7777-exec-3] o.a.c.c.C.[Tomcat].[localhost].[/]       : Initializing Spring DispatcherServlet 'dispatcherServlet'
2025-05-22T14:12:56.600+05:30  INFO 4320 --- [customer] [http-nio-7777-exec-3] o.s.web.servlet.DispatcherServlet        : Initializing Servlet 'dispatcherServlet'
2025-05-22T14:12:56.601+05:30  INFO 4320 --- [customer] [http-nio-7777-exec-3] o.s.web.servlet.DispatcherServlet        : Completed initialization in 1 ms
2025-05-22T14:15:24.545+05:30  INFO 4320 --- [customer] [File Watcher] rtingClassPathChangeChangedEventListener : Restarting due to 1 class path change (0 additions, 0 deletions, 1 modification)
2025-05-22T14:15:24.548+05:30  INFO 4320 --- [customer] [Thread-55] o.s.b.w.e.tomcat.GracefulShutdown        : Commencing graceful shutdown. Waiting for active requests to complete
2025-05-22T14:15:24.638+05:30  INFO 4320 --- [customer] [tomcat-shutdown] o.s.b.w.e.tomcat.GracefulShutdown        : Graceful shutdown complete
2025-05-22T14:15:24.640+05:30  INFO 4320 --- [customer] [Thread-55] j.LocalContainerEntityManagerFactoryBean : Closing JPA EntityManagerFactory for persistence unit 'default'
2025-05-22T14:15:24.640+05:30  INFO 4320 --- [customer] [Thread-55] com.zaxxer.hikari.HikariDataSource       : HikariPool-14 - Shutdown initiated...
2025-05-22T14:15:24.647+05:30  INFO 4320 --- [customer] [Thread-55] com.zaxxer.hikari.HikariDataSource       : HikariPool-14 - Shutdown completed.
2025-05-22T14:15:24.727+05:30  INFO 4320 --- [customer] [restartedMain] c.app.ClmsCustomerApiModuleApplication   : Starting ClmsCustomerApiModuleApplication using Java 17.0.8.1 with PID 4320 (C:\Users\Dell\git\CarLoan_Customer\CLMS-Customer-API-Module\target\classes started by Dell in C:\Users\Dell\git\CarLoan_Customer\CLMS-Customer-API-Module)
2025-05-22T14:15:24.727+05:30  INFO 4320 --- [customer] [restartedMain] c.app.ClmsCustomerApiModuleApplication   : No active profile set, falling back to 1 default profile: "default"
2025-05-22T14:15:24.890+05:30  INFO 4320 --- [customer] [restartedMain] .s.d.r.c.RepositoryConfigurationDelegate : Bootstrapping Spring Data JPA repositories in DEFAULT mode.
2025-05-22T14:15:24.897+05:30  INFO 4320 --- [customer] [restartedMain] .s.d.r.c.RepositoryConfigurationDelegate : Finished Spring Data repository scanning in 5 ms. Found 1 JPA repository interface.
2025-05-22T14:15:24.961+05:30  INFO 4320 --- [customer] [restartedMain] o.s.b.w.embedded.tomcat.TomcatWebServer  : Tomcat initialized with port 7777 (http)
2025-05-22T14:15:24.962+05:30  INFO 4320 --- [customer] [restartedMain] o.apache.catalina.core.StandardService   : Starting service [Tomcat]
2025-05-22T14:15:24.962+05:30  INFO 4320 --- [customer] [restartedMain] o.apache.catalina.core.StandardEngine    : Starting Servlet engine: [Apache Tomcat/10.1.40]
2025-05-22T14:15:24.976+05:30  INFO 4320 --- [customer] [restartedMain] o.a.c.c.C.[Tomcat].[localhost].[/]       : Initializing Spring embedded WebApplicationContext
2025-05-22T14:15:24.976+05:30  INFO 4320 --- [customer] [restartedMain] w.s.c.ServletWebServerApplicationContext : Root WebApplicationContext: initialization completed in 248 ms
2025-05-22T14:15:25.005+05:30  INFO 4320 --- [customer] [restartedMain] o.hibernate.jpa.internal.util.LogHelper  : HHH000204: Processing PersistenceUnitInfo [name: default]
2025-05-22T14:15:25.007+05:30  INFO 4320 --- [customer] [restartedMain] o.h.c.internal.RegionFactoryInitiator    : HHH000026: Second-level cache disabled
2025-05-22T14:15:25.013+05:30  INFO 4320 --- [customer] [restartedMain] o.s.o.j.p.SpringPersistenceUnitInfo      : No LoadTimeWeaver setup: ignoring JPA class transformer
2025-05-22T14:15:25.015+05:30  INFO 4320 --- [customer] [restartedMain] com.zaxxer.hikari.HikariDataSource       : HikariPool-15 - Starting...
2025-05-22T14:15:25.025+05:30  INFO 4320 --- [customer] [restartedMain] com.zaxxer.hikari.pool.HikariPool        : HikariPool-15 - Added connection com.mysql.cj.jdbc.ConnectionImpl@12cca588
2025-05-22T14:15:25.025+05:30  INFO 4320 --- [customer] [restartedMain] com.zaxxer.hikari.HikariDataSource       : HikariPool-15 - Start completed.
2025-05-22T14:15:25.026+05:30  WARN 4320 --- [customer] [restartedMain] org.hibernate.orm.deprecation            : HHH90000025: MySQLDialect does not need to be specified explicitly using 'hibernate.dialect' (remove the property setting and it will be selected by default)
2025-05-22T14:15:25.027+05:30  INFO 4320 --- [customer] [restartedMain] org.hibernate.orm.connections.pooling    : HHH10001005: Database info:
	Database JDBC URL [Connecting through datasource 'HikariDataSource (HikariPool-15)']
	Database driver: undefined/unknown
	Database version: 8.0.37
	Autocommit mode: undefined/unknown
	Isolation level: undefined/unknown
	Minimum pool size: undefined/unknown
	Maximum pool size: undefined/unknown
2025-05-22T14:15:25.072+05:30  INFO 4320 --- [customer] [restartedMain] o.h.e.t.j.p.i.JtaPlatformInitiator       : HHH000489: No JTA platform available (set 'hibernate.transaction.jta.platform' to enable JTA platform integration)
2025-05-22T14:15:25.095+05:30  INFO 4320 --- [customer] [restartedMain] j.LocalContainerEntityManagerFactoryBean : Initialized JPA EntityManagerFactory for persistence unit 'default'
2025-05-22T14:15:25.158+05:30  WARN 4320 --- [customer] [restartedMain] JpaBaseConfiguration$JpaWebConfiguration : spring.jpa.open-in-view is enabled by default. Therefore, database queries may be performed during view rendering. Explicitly configure spring.jpa.open-in-view to disable this warning
2025-05-22T14:15:25.171+05:30  INFO 4320 --- [customer] [restartedMain] o.s.v.b.OptionalValidatorFactoryBean     : Failed to set up a Bean Validation provider: jakarta.validation.NoProviderFoundException: Unable to create a Configuration, because no Jakarta Bean Validation provider could be found. Add a provider like Hibernate Validator (RI) to your classpath.
2025-05-22T14:15:25.253+05:30  INFO 4320 --- [customer] [restartedMain] o.s.b.d.a.OptionalLiveReloadServer       : LiveReload server is running on port 35729
2025-05-22T14:15:25.265+05:30  INFO 4320 --- [customer] [restartedMain] o.s.b.w.embedded.tomcat.TomcatWebServer  : Tomcat started on port 7777 (http) with context path '/'
2025-05-22T14:15:25.270+05:30  INFO 4320 --- [customer] [restartedMain] c.app.ClmsCustomerApiModuleApplication   : Started ClmsCustomerApiModuleApplication in 0.565 seconds (process running for 2388.591)
2025-05-22T14:15:25.271+05:30  INFO 4320 --- [customer] [restartedMain] .ConditionEvaluationDeltaLoggingListener : Condition evaluation unchanged
2025-05-22T14:15:28.600+05:30  INFO 4320 --- [customer] [RMI TCP Connection(43)-127.0.0.1] inMXBeanRegistrar$SpringApplicationAdmin : Application shutdown requested.
2025-05-22T14:15:28.600+05:30  INFO 4320 --- [customer] [RMI TCP Connection(43)-127.0.0.1] o.s.b.w.e.tomcat.GracefulShutdown        : Commencing graceful shutdown. Waiting for active requests to complete
2025-05-22T14:15:28.638+05:30  INFO 4320 --- [customer] [tomcat-shutdown] o.s.b.w.e.tomcat.GracefulShutdown        : Graceful shutdown complete
2025-05-22T14:15:28.639+05:30  INFO 4320 --- [customer] [RMI TCP Connection(43)-127.0.0.1] j.LocalContainerEntityManagerFactoryBean : Closing JPA EntityManagerFactory for persistence unit 'default'
2025-05-22T14:15:28.640+05:30  INFO 4320 --- [customer] [RMI TCP Connection(43)-127.0.0.1] com.zaxxer.hikari.HikariDataSource       : HikariPool-15 - Shutdown initiated...
2025-05-22T14:15:28.645+05:30  INFO 4320 --- [customer] [RMI TCP Connection(43)-127.0.0.1] com.zaxxer.hikari.HikariDataSource       : HikariPool-15 - Shutdown completed.
2025-05-22T14:15:31.163+05:30  INFO 14376 --- [customer] [restartedMain] c.app.ClmsCustomerApiModuleApplication   : Starting ClmsCustomerApiModuleApplication using Java 17.0.8.1 with PID 14376 (C:\Users\Dell\git\CarLoan_Customer\CLMS-Customer-API-Module\target\classes started by Dell in C:\Users\Dell\git\CarLoan_Customer\CLMS-Customer-API-Module)
2025-05-22T14:15:31.166+05:30  INFO 14376 --- [customer] [restartedMain] c.app.ClmsCustomerApiModuleApplication   : No active profile set, falling back to 1 default profile: "default"
2025-05-22T14:15:31.226+05:30  INFO 14376 --- [customer] [restartedMain] .e.DevToolsPropertyDefaultsPostProcessor : Devtools property defaults active! Set 'spring.devtools.add-properties' to 'false' to disable
2025-05-22T14:15:31.227+05:30  INFO 14376 --- [customer] [restartedMain] .e.DevToolsPropertyDefaultsPostProcessor : For additional web related logging consider setting the 'logging.level.web' property to 'DEBUG'
2025-05-22T14:15:31.948+05:30  INFO 14376 --- [customer] [restartedMain] .s.d.r.c.RepositoryConfigurationDelegate : Bootstrapping Spring Data JPA repositories in DEFAULT mode.
2025-05-22T14:15:32.002+05:30  INFO 14376 --- [customer] [restartedMain] .s.d.r.c.RepositoryConfigurationDelegate : Finished Spring Data repository scanning in 44 ms. Found 1 JPA repository interface.
2025-05-22T14:15:32.437+05:30  INFO 14376 --- [customer] [restartedMain] o.s.b.w.embedded.tomcat.TomcatWebServer  : Tomcat initialized with port 7777 (http)
2025-05-22T14:15:32.455+05:30  INFO 14376 --- [customer] [restartedMain] o.apache.catalina.core.StandardService   : Starting service [Tomcat]
2025-05-22T14:15:32.455+05:30  INFO 14376 --- [customer] [restartedMain] o.apache.catalina.core.StandardEngine    : Starting Servlet engine: [Apache Tomcat/10.1.40]
2025-05-22T14:15:32.508+05:30  INFO 14376 --- [customer] [restartedMain] o.a.c.c.C.[Tomcat].[localhost].[/]       : Initializing Spring embedded WebApplicationContext
2025-05-22T14:15:32.509+05:30  INFO 14376 --- [customer] [restartedMain] w.s.c.ServletWebServerApplicationContext : Root WebApplicationContext: initialization completed in 1282 ms
2025-05-22T14:15:32.665+05:30  INFO 14376 --- [customer] [restartedMain] o.hibernate.jpa.internal.util.LogHelper  : HHH000204: Processing PersistenceUnitInfo [name: default]
2025-05-22T14:15:32.715+05:30  INFO 14376 --- [customer] [restartedMain] org.hibernate.Version                    : HHH000412: Hibernate ORM core version 6.6.13.Final
2025-05-22T14:15:32.768+05:30  INFO 14376 --- [customer] [restartedMain] o.h.c.internal.RegionFactoryInitiator    : HHH000026: Second-level cache disabled
2025-05-22T14:15:33.012+05:30  INFO 14376 --- [customer] [restartedMain] o.s.o.j.p.SpringPersistenceUnitInfo      : No LoadTimeWeaver setup: ignoring JPA class transformer
2025-05-22T14:15:33.043+05:30  INFO 14376 --- [customer] [restartedMain] com.zaxxer.hikari.HikariDataSource       : HikariPool-1 - Starting...
2025-05-22T14:15:33.339+05:30  INFO 14376 --- [customer] [restartedMain] com.zaxxer.hikari.pool.HikariPool        : HikariPool-1 - Added connection com.mysql.cj.jdbc.ConnectionImpl@22b98893
2025-05-22T14:15:33.342+05:30  INFO 14376 --- [customer] [restartedMain] com.zaxxer.hikari.HikariDataSource       : HikariPool-1 - Start completed.
2025-05-22T14:15:33.397+05:30  WARN 14376 --- [customer] [restartedMain] org.hibernate.orm.deprecation            : HHH90000025: MySQLDialect does not need to be specified explicitly using 'hibernate.dialect' (remove the property setting and it will be selected by default)
2025-05-22T14:15:33.419+05:30  INFO 14376 --- [customer] [restartedMain] org.hibernate.orm.connections.pooling    : HHH10001005: Database info:
	Database JDBC URL [Connecting through datasource 'HikariDataSource (HikariPool-1)']
	Database driver: undefined/unknown
	Database version: 8.0.37
	Autocommit mode: undefined/unknown
	Isolation level: undefined/unknown
	Minimum pool size: undefined/unknown
	Maximum pool size: undefined/unknown
2025-05-22T14:15:34.298+05:30  INFO 14376 --- [customer] [restartedMain] o.h.e.t.j.p.i.JtaPlatformInitiator       : HHH000489: No JTA platform available (set 'hibernate.transaction.jta.platform' to enable JTA platform integration)
2025-05-22T14:15:34.381+05:30  INFO 14376 --- [customer] [restartedMain] j.LocalContainerEntityManagerFactoryBean : Initialized JPA EntityManagerFactory for persistence unit 'default'
2025-05-22T14:15:34.789+05:30  WARN 14376 --- [customer] [restartedMain] JpaBaseConfiguration$JpaWebConfiguration : spring.jpa.open-in-view is enabled by default. Therefore, database queries may be performed during view rendering. Explicitly configure spring.jpa.open-in-view to disable this warning
2025-05-22T14:15:34.832+05:30  INFO 14376 --- [customer] [restartedMain] o.s.v.b.OptionalValidatorFactoryBean     : Failed to set up a Bean Validation provider: jakarta.validation.NoProviderFoundException: Unable to create a Configuration, because no Jakarta Bean Validation provider could be found. Add a provider like Hibernate Validator (RI) to your classpath.
2025-05-22T14:15:35.235+05:30  INFO 14376 --- [customer] [restartedMain] o.s.b.d.a.OptionalLiveReloadServer       : LiveReload server is running on port 35729
2025-05-22T14:15:35.279+05:30  INFO 14376 --- [customer] [restartedMain] o.s.b.w.embedded.tomcat.TomcatWebServer  : Tomcat started on port 7777 (http) with context path '/'
2025-05-22T14:15:35.295+05:30  INFO 14376 --- [customer] [restartedMain] c.app.ClmsCustomerApiModuleApplication   : Started ClmsCustomerApiModuleApplication in 4.561 seconds (process running for 5.327)
2025-05-22T14:15:52.562+05:30  INFO 14376 --- [customer] [http-nio-7777-exec-1] o.a.c.c.C.[Tomcat].[localhost].[/]       : Initializing Spring DispatcherServlet 'dispatcherServlet'
2025-05-22T14:15:52.563+05:30  INFO 14376 --- [customer] [http-nio-7777-exec-1] o.s.web.servlet.DispatcherServlet        : Initializing Servlet 'dispatcherServlet'
2025-05-22T14:15:52.565+05:30  INFO 14376 --- [customer] [http-nio-7777-exec-1] o.s.web.servlet.DispatcherServlet        : Completed initialization in 2 ms
2025-05-22T14:22:47.848+05:30  INFO 14376 --- [customer] [File Watcher] rtingClassPathChangeChangedEventListener : Restarting due to 1 class path change (0 additions, 0 deletions, 1 modification)
2025-05-22T14:22:47.857+05:30  INFO 14376 --- [customer] [Thread-5] o.s.b.w.e.tomcat.GracefulShutdown        : Commencing graceful shutdown. Waiting for active requests to complete
2025-05-22T14:22:47.913+05:30  INFO 14376 --- [customer] [tomcat-shutdown] o.s.b.w.e.tomcat.GracefulShutdown        : Graceful shutdown complete
2025-05-22T14:22:47.918+05:30  INFO 14376 --- [customer] [Thread-5] j.LocalContainerEntityManagerFactoryBean : Closing JPA EntityManagerFactory for persistence unit 'default'
2025-05-22T14:22:47.922+05:30  INFO 14376 --- [customer] [Thread-5] com.zaxxer.hikari.HikariDataSource       : HikariPool-1 - Shutdown initiated...
2025-05-22T14:22:47.929+05:30  INFO 14376 --- [customer] [Thread-5] com.zaxxer.hikari.HikariDataSource       : HikariPool-1 - Shutdown completed.
=======
2025-05-24T00:03:31.686+05:30  INFO 16900 --- [customer-service] [AsyncResolver-bootstrap-executor-%d] c.n.d.s.r.aws.ConfigClusterResolver      : Resolving eureka endpoints via configuration
2025-05-24T00:08:31.926+05:30  INFO 16900 --- [customer-service] [AsyncResolver-bootstrap-executor-%d] c.n.d.s.r.aws.ConfigClusterResolver      : Resolving eureka endpoints via configuration
2025-05-24T00:13:31.935+05:30  INFO 16900 --- [customer-service] [AsyncResolver-bootstrap-executor-%d] c.n.d.s.r.aws.ConfigClusterResolver      : Resolving eureka endpoints via configuration
2025-05-24T00:18:31.984+05:30  INFO 16900 --- [customer-service] [AsyncResolver-bootstrap-executor-%d] c.n.d.s.r.aws.ConfigClusterResolver      : Resolving eureka endpoints via configuration
2025-05-24T00:23:32.006+05:30  INFO 16900 --- [customer-service] [AsyncResolver-bootstrap-executor-%d] c.n.d.s.r.aws.ConfigClusterResolver      : Resolving eureka endpoints via configuration
2025-05-24T00:28:32.008+05:30  INFO 16900 --- [customer-service] [AsyncResolver-bootstrap-executor-%d] c.n.d.s.r.aws.ConfigClusterResolver      : Resolving eureka endpoints via configuration
2025-05-24T00:33:32.012+05:30  INFO 16900 --- [customer-service] [AsyncResolver-bootstrap-executor-%d] c.n.d.s.r.aws.ConfigClusterResolver      : Resolving eureka endpoints via configuration
2025-05-24T00:38:32.022+05:30  INFO 16900 --- [customer-service] [AsyncResolver-bootstrap-executor-%d] c.n.d.s.r.aws.ConfigClusterResolver      : Resolving eureka endpoints via configuration
2025-05-24T00:43:32.024+05:30  INFO 16900 --- [customer-service] [AsyncResolver-bootstrap-executor-%d] c.n.d.s.r.aws.ConfigClusterResolver      : Resolving eureka endpoints via configuration
2025-05-24T00:48:32.039+05:30  INFO 16900 --- [customer-service] [AsyncResolver-bootstrap-executor-%d] c.n.d.s.r.aws.ConfigClusterResolver      : Resolving eureka endpoints via configuration
2025-05-24T00:53:31.145+05:30  INFO 16900 --- [customer-service] [DiscoveryClient-CacheRefreshExecutor-%d] c.n.d.s.t.d.RedirectingEurekaHttpClient  : Request execution error. endpoint=DefaultEndpoint{ serviceUrl='http://localhost:6060/eureka/} exception=I/O error on GET request for "http://localhost:6060/eureka/apps/delta": Connect to http://localhost:6060 [localhost/127.0.0.1, localhost/0:0:0:0:0:0:0:1] failed: Connection refused: getsockopt stacktrace=org.springframework.web.client.ResourceAccessException: I/O error on GET request for "http://localhost:6060/eureka/apps/delta": Connect to http://localhost:6060 [localhost/127.0.0.1, localhost/0:0:0:0:0:0:0:1] failed: Connection refused: getsockopt
	at org.springframework.web.client.RestTemplate.createResourceAccessException(RestTemplate.java:926)
	at org.springframework.web.client.RestTemplate.doExecute(RestTemplate.java:906)
	at org.springframework.web.client.RestTemplate.execute(RestTemplate.java:841)
	at org.springframework.web.client.RestTemplate.exchange(RestTemplate.java:702)
	at org.springframework.cloud.netflix.eureka.http.RestTemplateEurekaHttpClient.getApplicationsInternal(RestTemplateEurekaHttpClient.java:174)
	at org.springframework.cloud.netflix.eureka.http.RestTemplateEurekaHttpClient.getDelta(RestTemplateEurekaHttpClient.java:186)
	at com.netflix.discovery.shared.transport.decorator.EurekaHttpClientDecorator$7.execute(EurekaHttpClientDecorator.java:152)
	at com.netflix.discovery.shared.transport.decorator.RedirectingEurekaHttpClient.execute(RedirectingEurekaHttpClient.java:91)
	at com.netflix.discovery.shared.transport.decorator.EurekaHttpClientDecorator.getDelta(EurekaHttpClientDecorator.java:149)
	at com.netflix.discovery.shared.transport.decorator.EurekaHttpClientDecorator$7.execute(EurekaHttpClientDecorator.java:152)
	at com.netflix.discovery.shared.transport.decorator.RetryableEurekaHttpClient.execute(RetryableEurekaHttpClient.java:120)
	at com.netflix.discovery.shared.transport.decorator.EurekaHttpClientDecorator.getDelta(EurekaHttpClientDecorator.java:149)
	at com.netflix.discovery.shared.transport.decorator.EurekaHttpClientDecorator$7.execute(EurekaHttpClientDecorator.java:152)
	at com.netflix.discovery.shared.transport.decorator.SessionedEurekaHttpClient.execute(SessionedEurekaHttpClient.java:76)
	at com.netflix.discovery.shared.transport.decorator.EurekaHttpClientDecorator.getDelta(EurekaHttpClientDecorator.java:149)
	at com.netflix.discovery.DiscoveryClient.getAndUpdateDelta(DiscoveryClient.java:1080)
	at com.netflix.discovery.DiscoveryClient.fetchRegistry(DiscoveryClient.java:963)
	at com.netflix.discovery.DiscoveryClient.refreshRegistry(DiscoveryClient.java:1473)
	at com.netflix.discovery.DiscoveryClient$CacheRefreshThread.run(DiscoveryClient.java:1441)
	at java.base/java.util.concurrent.Executors$RunnableAdapter.call(Executors.java:572)
	at java.base/java.util.concurrent.FutureTask.run(FutureTask.java:317)
	at java.base/java.util.concurrent.ThreadPoolExecutor.runWorker(ThreadPoolExecutor.java:1144)
	at java.base/java.util.concurrent.ThreadPoolExecutor$Worker.run(ThreadPoolExecutor.java:642)
	at java.base/java.lang.Thread.run(Thread.java:1583)
Caused by: org.apache.hc.client5.http.HttpHostConnectException: Connect to http://localhost:6060 [localhost/127.0.0.1, localhost/0:0:0:0:0:0:0:1] failed: Connection refused: getsockopt
	at java.base/sun.nio.ch.Net.pollConnect(Native Method)
	at java.base/sun.nio.ch.Net.pollConnectNow(Net.java:682)
	at java.base/sun.nio.ch.NioSocketImpl.timedFinishConnect(NioSocketImpl.java:542)
	at java.base/sun.nio.ch.NioSocketImpl.connect(NioSocketImpl.java:592)
	at java.base/java.net.SocksSocketImpl.connect(SocksSocketImpl.java:327)
	at java.base/java.net.Socket.connect(Socket.java:751)
	at org.apache.hc.client5.http.impl.io.DefaultHttpClientConnectionOperator.connect(DefaultHttpClientConnectionOperator.java:216)
	at org.apache.hc.client5.http.impl.io.PoolingHttpClientConnectionManager.connect(PoolingHttpClientConnectionManager.java:490)
	at org.apache.hc.client5.http.impl.classic.InternalExecRuntime.connectEndpoint(InternalExecRuntime.java:164)
	at org.apache.hc.client5.http.impl.classic.InternalExecRuntime.connectEndpoint(InternalExecRuntime.java:174)
	at org.apache.hc.client5.http.impl.classic.ConnectExec.execute(ConnectExec.java:144)
	at org.apache.hc.client5.http.impl.classic.ExecChainElement.execute(ExecChainElement.java:51)
	at org.apache.hc.client5.http.impl.classic.ProtocolExec.execute(ProtocolExec.java:192)
	at org.apache.hc.client5.http.impl.classic.ExecChainElement.execute(ExecChainElement.java:51)
	at org.apache.hc.client5.http.impl.classic.ContentCompressionExec.execute(ContentCompressionExec.java:150)
	at org.apache.hc.client5.http.impl.classic.ExecChainElement.execute(ExecChainElement.java:51)
	at org.apache.hc.client5.http.impl.classic.HttpRequestRetryExec.execute(HttpRequestRetryExec.java:113)
	at org.apache.hc.client5.http.impl.classic.ExecChainElement.execute(ExecChainElement.java:51)
	at org.apache.hc.client5.http.impl.classic.RedirectExec.execute(RedirectExec.java:110)
	at org.apache.hc.client5.http.impl.classic.ExecChainElement.execute(ExecChainElement.java:51)
	at org.apache.hc.client5.http.impl.classic.InternalHttpClient.doExecute(InternalHttpClient.java:183)
	at org.apache.hc.client5.http.impl.classic.CloseableHttpClient.execute(CloseableHttpClient.java:87)
	at org.apache.hc.client5.http.impl.classic.CloseableHttpClient.execute(CloseableHttpClient.java:55)
	at org.apache.hc.client5.http.classic.HttpClient.executeOpen(HttpClient.java:183)
	at org.springframework.http.client.HttpComponentsClientHttpRequest.executeInternal(HttpComponentsClientHttpRequest.java:99)
	at org.springframework.http.client.AbstractStreamingClientHttpRequest.executeInternal(AbstractStreamingClientHttpRequest.java:71)
	at org.springframework.http.client.AbstractClientHttpRequest.execute(AbstractClientHttpRequest.java:81)
	at org.springframework.http.client.InterceptingClientHttpRequest$InterceptingRequestExecution.execute(InterceptingClientHttpRequest.java:117)
	at org.springframework.cloud.netflix.eureka.http.RestTemplateTransportClientFactory.lambda$restTemplate$2(RestTemplateTransportClientFactory.java:145)
	at org.springframework.http.client.InterceptingClientHttpRequest$InterceptingRequestExecution.execute(InterceptingClientHttpRequest.java:88)
	at org.springframework.http.client.InterceptingClientHttpRequest.executeInternal(InterceptingClientHttpRequest.java:72)
	at org.springframework.http.client.AbstractBufferingClientHttpRequest.executeInternal(AbstractBufferingClientHttpRequest.java:48)
	at org.springframework.http.client.AbstractClientHttpRequest.execute(AbstractClientHttpRequest.java:81)
	at org.springframework.web.client.RestTemplate.doExecute(RestTemplate.java:900)
	... 22 more

2025-05-24T00:53:31.148+05:30  WARN 16900 --- [customer-service] [DiscoveryClient-CacheRefreshExecutor-%d] c.n.d.s.t.d.RetryableEurekaHttpClient    : Request execution failed with message: I/O error on GET request for "http://localhost:6060/eureka/apps/delta": Connect to http://localhost:6060 [localhost/127.0.0.1, localhost/0:0:0:0:0:0:0:1] failed: Connection refused: getsockopt
2025-05-24T00:53:31.297+05:30  INFO 16900 --- [customer-service] [DiscoveryClient-CacheRefreshExecutor-%d] c.n.d.s.t.d.RedirectingEurekaHttpClient  : Request execution error. endpoint=DefaultEndpoint{ serviceUrl='http://localhost:6060/eureka/}, exception=I/O error on GET request for "http://localhost:6060/eureka/apps/delta": Connect to http://localhost:6060 [localhost/127.0.0.1, localhost/0:0:0:0:0:0:0:1] failed: Connection refused: getsockopt stacktrace=org.springframework.web.client.ResourceAccessException: I/O error on GET request for "http://localhost:6060/eureka/apps/delta": Connect to http://localhost:6060 [localhost/127.0.0.1, localhost/0:0:0:0:0:0:0:1] failed: Connection refused: getsockopt
	at org.springframework.web.client.RestTemplate.createResourceAccessException(RestTemplate.java:926)
	at org.springframework.web.client.RestTemplate.doExecute(RestTemplate.java:906)
	at org.springframework.web.client.RestTemplate.execute(RestTemplate.java:841)
	at org.springframework.web.client.RestTemplate.exchange(RestTemplate.java:702)
	at org.springframework.cloud.netflix.eureka.http.RestTemplateEurekaHttpClient.getApplicationsInternal(RestTemplateEurekaHttpClient.java:174)
	at org.springframework.cloud.netflix.eureka.http.RestTemplateEurekaHttpClient.getDelta(RestTemplateEurekaHttpClient.java:186)
	at com.netflix.discovery.shared.transport.decorator.EurekaHttpClientDecorator$7.execute(EurekaHttpClientDecorator.java:152)
	at com.netflix.discovery.shared.transport.decorator.RedirectingEurekaHttpClient.executeOnNewServer(RedirectingEurekaHttpClient.java:121)
	at com.netflix.discovery.shared.transport.decorator.RedirectingEurekaHttpClient.execute(RedirectingEurekaHttpClient.java:80)
	at com.netflix.discovery.shared.transport.decorator.EurekaHttpClientDecorator.getDelta(EurekaHttpClientDecorator.java:149)
	at com.netflix.discovery.shared.transport.decorator.EurekaHttpClientDecorator$7.execute(EurekaHttpClientDecorator.java:152)
	at com.netflix.discovery.shared.transport.decorator.RetryableEurekaHttpClient.execute(RetryableEurekaHttpClient.java:120)
	at com.netflix.discovery.shared.transport.decorator.EurekaHttpClientDecorator.getDelta(EurekaHttpClientDecorator.java:149)
	at com.netflix.discovery.shared.transport.decorator.EurekaHttpClientDecorator$7.execute(EurekaHttpClientDecorator.java:152)
	at com.netflix.discovery.shared.transport.decorator.SessionedEurekaHttpClient.execute(SessionedEurekaHttpClient.java:76)
	at com.netflix.discovery.shared.transport.decorator.EurekaHttpClientDecorator.getDelta(EurekaHttpClientDecorator.java:149)
	at com.netflix.discovery.DiscoveryClient.getAndUpdateDelta(DiscoveryClient.java:1080)
	at com.netflix.discovery.DiscoveryClient.fetchRegistry(DiscoveryClient.java:963)
	at com.netflix.discovery.DiscoveryClient.refreshRegistry(DiscoveryClient.java:1473)
	at com.netflix.discovery.DiscoveryClient$CacheRefreshThread.run(DiscoveryClient.java:1441)
	at java.base/java.util.concurrent.Executors$RunnableAdapter.call(Executors.java:572)
	at java.base/java.util.concurrent.FutureTask.run(FutureTask.java:317)
	at java.base/java.util.concurrent.ThreadPoolExecutor.runWorker(ThreadPoolExecutor.java:1144)
	at java.base/java.util.concurrent.ThreadPoolExecutor$Worker.run(ThreadPoolExecutor.java:642)
	at java.base/java.lang.Thread.run(Thread.java:1583)
Caused by: org.apache.hc.client5.http.HttpHostConnectException: Connect to http://localhost:6060 [localhost/127.0.0.1, localhost/0:0:0:0:0:0:0:1] failed: Connection refused: getsockopt
	at java.base/sun.nio.ch.Net.pollConnect(Native Method)
	at java.base/sun.nio.ch.Net.pollConnectNow(Net.java:682)
	at java.base/sun.nio.ch.NioSocketImpl.timedFinishConnect(NioSocketImpl.java:542)
	at java.base/sun.nio.ch.NioSocketImpl.connect(NioSocketImpl.java:592)
	at java.base/java.net.SocksSocketImpl.connect(SocksSocketImpl.java:327)
	at java.base/java.net.Socket.connect(Socket.java:751)
	at org.apache.hc.client5.http.impl.io.DefaultHttpClientConnectionOperator.connect(DefaultHttpClientConnectionOperator.java:216)
	at org.apache.hc.client5.http.impl.io.PoolingHttpClientConnectionManager.connect(PoolingHttpClientConnectionManager.java:490)
	at org.apache.hc.client5.http.impl.classic.InternalExecRuntime.connectEndpoint(InternalExecRuntime.java:164)
	at org.apache.hc.client5.http.impl.classic.InternalExecRuntime.connectEndpoint(InternalExecRuntime.java:174)
	at org.apache.hc.client5.http.impl.classic.ConnectExec.execute(ConnectExec.java:144)
	at org.apache.hc.client5.http.impl.classic.ExecChainElement.execute(ExecChainElement.java:51)
	at org.apache.hc.client5.http.impl.classic.ProtocolExec.execute(ProtocolExec.java:192)
	at org.apache.hc.client5.http.impl.classic.ExecChainElement.execute(ExecChainElement.java:51)
	at org.apache.hc.client5.http.impl.classic.ContentCompressionExec.execute(ContentCompressionExec.java:150)
	at org.apache.hc.client5.http.impl.classic.ExecChainElement.execute(ExecChainElement.java:51)
	at org.apache.hc.client5.http.impl.classic.HttpRequestRetryExec.execute(HttpRequestRetryExec.java:113)
	at org.apache.hc.client5.http.impl.classic.ExecChainElement.execute(ExecChainElement.java:51)
	at org.apache.hc.client5.http.impl.classic.RedirectExec.execute(RedirectExec.java:110)
	at org.apache.hc.client5.http.impl.classic.ExecChainElement.execute(ExecChainElement.java:51)
	at org.apache.hc.client5.http.impl.classic.InternalHttpClient.doExecute(InternalHttpClient.java:183)
	at org.apache.hc.client5.http.impl.classic.CloseableHttpClient.execute(CloseableHttpClient.java:87)
	at org.apache.hc.client5.http.impl.classic.CloseableHttpClient.execute(CloseableHttpClient.java:55)
	at org.apache.hc.client5.http.classic.HttpClient.executeOpen(HttpClient.java:183)
	at org.springframework.http.client.HttpComponentsClientHttpRequest.executeInternal(HttpComponentsClientHttpRequest.java:99)
	at org.springframework.http.client.AbstractStreamingClientHttpRequest.executeInternal(AbstractStreamingClientHttpRequest.java:71)
	at org.springframework.http.client.AbstractClientHttpRequest.execute(AbstractClientHttpRequest.java:81)
	at org.springframework.http.client.InterceptingClientHttpRequest$InterceptingRequestExecution.execute(InterceptingClientHttpRequest.java:117)
	at org.springframework.cloud.netflix.eureka.http.RestTemplateTransportClientFactory.lambda$restTemplate$2(RestTemplateTransportClientFactory.java:145)
	at org.springframework.http.client.InterceptingClientHttpRequest$InterceptingRequestExecution.execute(InterceptingClientHttpRequest.java:88)
	at org.springframework.http.client.InterceptingClientHttpRequest.executeInternal(InterceptingClientHttpRequest.java:72)
	at org.springframework.http.client.AbstractBufferingClientHttpRequest.executeInternal(AbstractBufferingClientHttpRequest.java:48)
	at org.springframework.http.client.AbstractClientHttpRequest.execute(AbstractClientHttpRequest.java:81)
	at org.springframework.web.client.RestTemplate.doExecute(RestTemplate.java:900)
	... 23 more

2025-05-24T00:53:31.297+05:30  WARN 16900 --- [customer-service] [DiscoveryClient-CacheRefreshExecutor-%d] c.n.d.s.t.d.RetryableEurekaHttpClient    : Request execution failed with message: I/O error on GET request for "http://localhost:6060/eureka/apps/delta": Connect to http://localhost:6060 [localhost/127.0.0.1, localhost/0:0:0:0:0:0:0:1] failed: Connection refused: getsockopt
2025-05-24T00:53:31.307+05:30  INFO 16900 --- [customer-service] [DiscoveryClient-CacheRefreshExecutor-%d] com.netflix.discovery.DiscoveryClient    : DiscoveryClient_CUSTOMER-SERVICE/LAPTOP-RB5PEV1K:customer-service:7777 - was unable to refresh its cache! This periodic background refresh will be retried in 30 seconds. status = Cannot execute request on any known server stacktrace = com.netflix.discovery.shared.transport.TransportException: Cannot execute request on any known server
	at com.netflix.discovery.shared.transport.decorator.RetryableEurekaHttpClient.execute(RetryableEurekaHttpClient.java:112)
	at com.netflix.discovery.shared.transport.decorator.EurekaHttpClientDecorator.getDelta(EurekaHttpClientDecorator.java:149)
	at com.netflix.discovery.shared.transport.decorator.EurekaHttpClientDecorator$7.execute(EurekaHttpClientDecorator.java:152)
	at com.netflix.discovery.shared.transport.decorator.SessionedEurekaHttpClient.execute(SessionedEurekaHttpClient.java:76)
	at com.netflix.discovery.shared.transport.decorator.EurekaHttpClientDecorator.getDelta(EurekaHttpClientDecorator.java:149)
	at com.netflix.discovery.DiscoveryClient.getAndUpdateDelta(DiscoveryClient.java:1080)
	at com.netflix.discovery.DiscoveryClient.fetchRegistry(DiscoveryClient.java:963)
	at com.netflix.discovery.DiscoveryClient.refreshRegistry(DiscoveryClient.java:1473)
	at com.netflix.discovery.DiscoveryClient$CacheRefreshThread.run(DiscoveryClient.java:1441)
	at java.base/java.util.concurrent.Executors$RunnableAdapter.call(Executors.java:572)
	at java.base/java.util.concurrent.FutureTask.run(FutureTask.java:317)
	at java.base/java.util.concurrent.ThreadPoolExecutor.runWorker(ThreadPoolExecutor.java:1144)
	at java.base/java.util.concurrent.ThreadPoolExecutor$Worker.run(ThreadPoolExecutor.java:642)
	at java.base/java.lang.Thread.run(Thread.java:1583)

2025-05-24T00:53:32.050+05:30  INFO 16900 --- [customer-service] [AsyncResolver-bootstrap-executor-%d] c.n.d.s.r.aws.ConfigClusterResolver      : Resolving eureka endpoints via configuration
2025-05-24T00:53:38.847+05:30  INFO 16900 --- [customer-service] [DiscoveryClient-HeartbeatExecutor-%d] c.n.d.s.t.d.RedirectingEurekaHttpClient  : Request execution error. endpoint=DefaultEndpoint{ serviceUrl='http://localhost:6060/eureka/} exception=I/O error on PUT request for "http://localhost:6060/eureka/apps/CUSTOMER-SERVICE/LAPTOP-RB5PEV1K:customer-service:7777": Connect to http://localhost:6060 [localhost/127.0.0.1, localhost/0:0:0:0:0:0:0:1] failed: Connection refused: getsockopt stacktrace=org.springframework.web.client.ResourceAccessException: I/O error on PUT request for "http://localhost:6060/eureka/apps/CUSTOMER-SERVICE/LAPTOP-RB5PEV1K:customer-service:7777": Connect to http://localhost:6060 [localhost/127.0.0.1, localhost/0:0:0:0:0:0:0:1] failed: Connection refused: getsockopt
	at org.springframework.web.client.RestTemplate.createResourceAccessException(RestTemplate.java:926)
	at org.springframework.web.client.RestTemplate.doExecute(RestTemplate.java:906)
	at org.springframework.web.client.RestTemplate.execute(RestTemplate.java:841)
	at org.springframework.web.client.RestTemplate.exchange(RestTemplate.java:702)
	at org.springframework.cloud.netflix.eureka.http.RestTemplateEurekaHttpClient.sendHeartBeat(RestTemplateEurekaHttpClient.java:119)
	at com.netflix.discovery.shared.transport.decorator.EurekaHttpClientDecorator$3.execute(EurekaHttpClientDecorator.java:92)
	at com.netflix.discovery.shared.transport.decorator.RedirectingEurekaHttpClient.execute(RedirectingEurekaHttpClient.java:91)
	at com.netflix.discovery.shared.transport.decorator.EurekaHttpClientDecorator.sendHeartBeat(EurekaHttpClientDecorator.java:89)
	at com.netflix.discovery.shared.transport.decorator.EurekaHttpClientDecorator$3.execute(EurekaHttpClientDecorator.java:92)
	at com.netflix.discovery.shared.transport.decorator.RetryableEurekaHttpClient.execute(RetryableEurekaHttpClient.java:120)
	at com.netflix.discovery.shared.transport.decorator.EurekaHttpClientDecorator.sendHeartBeat(EurekaHttpClientDecorator.java:89)
	at com.netflix.discovery.shared.transport.decorator.EurekaHttpClientDecorator$3.execute(EurekaHttpClientDecorator.java:92)
	at com.netflix.discovery.shared.transport.decorator.SessionedEurekaHttpClient.execute(SessionedEurekaHttpClient.java:76)
	at com.netflix.discovery.shared.transport.decorator.EurekaHttpClientDecorator.sendHeartBeat(EurekaHttpClientDecorator.java:89)
	at com.netflix.discovery.DiscoveryClient.renew(DiscoveryClient.java:845)
	at com.netflix.discovery.DiscoveryClient$HeartbeatThread.run(DiscoveryClient.java:1402)
	at java.base/java.util.concurrent.Executors$RunnableAdapter.call(Executors.java:572)
	at java.base/java.util.concurrent.FutureTask.run(FutureTask.java:317)
	at java.base/java.util.concurrent.ThreadPoolExecutor.runWorker(ThreadPoolExecutor.java:1144)
	at java.base/java.util.concurrent.ThreadPoolExecutor$Worker.run(ThreadPoolExecutor.java:642)
	at java.base/java.lang.Thread.run(Thread.java:1583)
Caused by: org.apache.hc.client5.http.HttpHostConnectException: Connect to http://localhost:6060 [localhost/127.0.0.1, localhost/0:0:0:0:0:0:0:1] failed: Connection refused: getsockopt
	at java.base/sun.nio.ch.Net.pollConnect(Native Method)
	at java.base/sun.nio.ch.Net.pollConnectNow(Net.java:682)
	at java.base/sun.nio.ch.NioSocketImpl.timedFinishConnect(NioSocketImpl.java:542)
	at java.base/sun.nio.ch.NioSocketImpl.connect(NioSocketImpl.java:592)
	at java.base/java.net.SocksSocketImpl.connect(SocksSocketImpl.java:327)
	at java.base/java.net.Socket.connect(Socket.java:751)
	at org.apache.hc.client5.http.impl.io.DefaultHttpClientConnectionOperator.connect(DefaultHttpClientConnectionOperator.java:216)
	at org.apache.hc.client5.http.impl.io.PoolingHttpClientConnectionManager.connect(PoolingHttpClientConnectionManager.java:490)
	at org.apache.hc.client5.http.impl.classic.InternalExecRuntime.connectEndpoint(InternalExecRuntime.java:164)
	at org.apache.hc.client5.http.impl.classic.InternalExecRuntime.connectEndpoint(InternalExecRuntime.java:174)
	at org.apache.hc.client5.http.impl.classic.ConnectExec.execute(ConnectExec.java:144)
	at org.apache.hc.client5.http.impl.classic.ExecChainElement.execute(ExecChainElement.java:51)
	at org.apache.hc.client5.http.impl.classic.ProtocolExec.execute(ProtocolExec.java:192)
	at org.apache.hc.client5.http.impl.classic.ExecChainElement.execute(ExecChainElement.java:51)
	at org.apache.hc.client5.http.impl.classic.ContentCompressionExec.execute(ContentCompressionExec.java:150)
	at org.apache.hc.client5.http.impl.classic.ExecChainElement.execute(ExecChainElement.java:51)
	at org.apache.hc.client5.http.impl.classic.HttpRequestRetryExec.execute(HttpRequestRetryExec.java:113)
	at org.apache.hc.client5.http.impl.classic.ExecChainElement.execute(ExecChainElement.java:51)
	at org.apache.hc.client5.http.impl.classic.RedirectExec.execute(RedirectExec.java:110)
	at org.apache.hc.client5.http.impl.classic.ExecChainElement.execute(ExecChainElement.java:51)
	at org.apache.hc.client5.http.impl.classic.InternalHttpClient.doExecute(InternalHttpClient.java:183)
	at org.apache.hc.client5.http.impl.classic.CloseableHttpClient.execute(CloseableHttpClient.java:87)
	at org.apache.hc.client5.http.impl.classic.CloseableHttpClient.execute(CloseableHttpClient.java:55)
	at org.apache.hc.client5.http.classic.HttpClient.executeOpen(HttpClient.java:183)
	at org.springframework.http.client.HttpComponentsClientHttpRequest.executeInternal(HttpComponentsClientHttpRequest.java:99)
	at org.springframework.http.client.AbstractStreamingClientHttpRequest.executeInternal(AbstractStreamingClientHttpRequest.java:71)
	at org.springframework.http.client.AbstractClientHttpRequest.execute(AbstractClientHttpRequest.java:81)
	at org.springframework.http.client.InterceptingClientHttpRequest$InterceptingRequestExecution.execute(InterceptingClientHttpRequest.java:117)
	at org.springframework.cloud.netflix.eureka.http.RestTemplateTransportClientFactory.lambda$restTemplate$2(RestTemplateTransportClientFactory.java:145)
	at org.springframework.http.client.InterceptingClientHttpRequest$InterceptingRequestExecution.execute(InterceptingClientHttpRequest.java:88)
	at org.springframework.http.client.InterceptingClientHttpRequest.executeInternal(InterceptingClientHttpRequest.java:72)
	at org.springframework.http.client.AbstractBufferingClientHttpRequest.executeInternal(AbstractBufferingClientHttpRequest.java:48)
	at org.springframework.http.client.AbstractClientHttpRequest.execute(AbstractClientHttpRequest.java:81)
	at org.springframework.web.client.RestTemplate.doExecute(RestTemplate.java:900)
	... 19 more

2025-05-24T00:53:38.847+05:30  WARN 16900 --- [customer-service] [DiscoveryClient-HeartbeatExecutor-%d] c.n.d.s.t.d.RetryableEurekaHttpClient    : Request execution failed with message: I/O error on PUT request for "http://localhost:6060/eureka/apps/CUSTOMER-SERVICE/LAPTOP-RB5PEV1K:customer-service:7777": Connect to http://localhost:6060 [localhost/127.0.0.1, localhost/0:0:0:0:0:0:0:1] failed: Connection refused: getsockopt
2025-05-24T00:53:38.890+05:30  INFO 16900 --- [customer-service] [DiscoveryClient-HeartbeatExecutor-%d] c.n.d.s.t.d.RedirectingEurekaHttpClient  : Request execution error. endpoint=DefaultEndpoint{ serviceUrl='http://localhost:6060/eureka/}, exception=I/O error on PUT request for "http://localhost:6060/eureka/apps/CUSTOMER-SERVICE/LAPTOP-RB5PEV1K:customer-service:7777": Connect to http://localhost:6060 [localhost/127.0.0.1, localhost/0:0:0:0:0:0:0:1] failed: Connection refused: getsockopt stacktrace=org.springframework.web.client.ResourceAccessException: I/O error on PUT request for "http://localhost:6060/eureka/apps/CUSTOMER-SERVICE/LAPTOP-RB5PEV1K:customer-service:7777": Connect to http://localhost:6060 [localhost/127.0.0.1, localhost/0:0:0:0:0:0:0:1] failed: Connection refused: getsockopt
	at org.springframework.web.client.RestTemplate.createResourceAccessException(RestTemplate.java:926)
	at org.springframework.web.client.RestTemplate.doExecute(RestTemplate.java:906)
	at org.springframework.web.client.RestTemplate.execute(RestTemplate.java:841)
	at org.springframework.web.client.RestTemplate.exchange(RestTemplate.java:702)
	at org.springframework.cloud.netflix.eureka.http.RestTemplateEurekaHttpClient.sendHeartBeat(RestTemplateEurekaHttpClient.java:119)
	at com.netflix.discovery.shared.transport.decorator.EurekaHttpClientDecorator$3.execute(EurekaHttpClientDecorator.java:92)
	at com.netflix.discovery.shared.transport.decorator.RedirectingEurekaHttpClient.executeOnNewServer(RedirectingEurekaHttpClient.java:121)
	at com.netflix.discovery.shared.transport.decorator.RedirectingEurekaHttpClient.execute(RedirectingEurekaHttpClient.java:80)
	at com.netflix.discovery.shared.transport.decorator.EurekaHttpClientDecorator.sendHeartBeat(EurekaHttpClientDecorator.java:89)
	at com.netflix.discovery.shared.transport.decorator.EurekaHttpClientDecorator$3.execute(EurekaHttpClientDecorator.java:92)
	at com.netflix.discovery.shared.transport.decorator.RetryableEurekaHttpClient.execute(RetryableEurekaHttpClient.java:120)
	at com.netflix.discovery.shared.transport.decorator.EurekaHttpClientDecorator.sendHeartBeat(EurekaHttpClientDecorator.java:89)
	at com.netflix.discovery.shared.transport.decorator.EurekaHttpClientDecorator$3.execute(EurekaHttpClientDecorator.java:92)
	at com.netflix.discovery.shared.transport.decorator.SessionedEurekaHttpClient.execute(SessionedEurekaHttpClient.java:76)
	at com.netflix.discovery.shared.transport.decorator.EurekaHttpClientDecorator.sendHeartBeat(EurekaHttpClientDecorator.java:89)
	at com.netflix.discovery.DiscoveryClient.renew(DiscoveryClient.java:845)
	at com.netflix.discovery.DiscoveryClient$HeartbeatThread.run(DiscoveryClient.java:1402)
	at java.base/java.util.concurrent.Executors$RunnableAdapter.call(Executors.java:572)
	at java.base/java.util.concurrent.FutureTask.run(FutureTask.java:317)
	at java.base/java.util.concurrent.ThreadPoolExecutor.runWorker(ThreadPoolExecutor.java:1144)
	at java.base/java.util.concurrent.ThreadPoolExecutor$Worker.run(ThreadPoolExecutor.java:642)
	at java.base/java.lang.Thread.run(Thread.java:1583)
Caused by: org.apache.hc.client5.http.HttpHostConnectException: Connect to http://localhost:6060 [localhost/127.0.0.1, localhost/0:0:0:0:0:0:0:1] failed: Connection refused: getsockopt
	at java.base/sun.nio.ch.Net.pollConnect(Native Method)
	at java.base/sun.nio.ch.Net.pollConnectNow(Net.java:682)
	at java.base/sun.nio.ch.NioSocketImpl.timedFinishConnect(NioSocketImpl.java:542)
	at java.base/sun.nio.ch.NioSocketImpl.connect(NioSocketImpl.java:592)
	at java.base/java.net.SocksSocketImpl.connect(SocksSocketImpl.java:327)
	at java.base/java.net.Socket.connect(Socket.java:751)
	at org.apache.hc.client5.http.impl.io.DefaultHttpClientConnectionOperator.connect(DefaultHttpClientConnectionOperator.java:216)
	at org.apache.hc.client5.http.impl.io.PoolingHttpClientConnectionManager.connect(PoolingHttpClientConnectionManager.java:490)
	at org.apache.hc.client5.http.impl.classic.InternalExecRuntime.connectEndpoint(InternalExecRuntime.java:164)
	at org.apache.hc.client5.http.impl.classic.InternalExecRuntime.connectEndpoint(InternalExecRuntime.java:174)
	at org.apache.hc.client5.http.impl.classic.ConnectExec.execute(ConnectExec.java:144)
	at org.apache.hc.client5.http.impl.classic.ExecChainElement.execute(ExecChainElement.java:51)
	at org.apache.hc.client5.http.impl.classic.ProtocolExec.execute(ProtocolExec.java:192)
	at org.apache.hc.client5.http.impl.classic.ExecChainElement.execute(ExecChainElement.java:51)
	at org.apache.hc.client5.http.impl.classic.ContentCompressionExec.execute(ContentCompressionExec.java:150)
	at org.apache.hc.client5.http.impl.classic.ExecChainElement.execute(ExecChainElement.java:51)
	at org.apache.hc.client5.http.impl.classic.HttpRequestRetryExec.execute(HttpRequestRetryExec.java:113)
	at org.apache.hc.client5.http.impl.classic.ExecChainElement.execute(ExecChainElement.java:51)
	at org.apache.hc.client5.http.impl.classic.RedirectExec.execute(RedirectExec.java:110)
	at org.apache.hc.client5.http.impl.classic.ExecChainElement.execute(ExecChainElement.java:51)
	at org.apache.hc.client5.http.impl.classic.InternalHttpClient.doExecute(InternalHttpClient.java:183)
	at org.apache.hc.client5.http.impl.classic.CloseableHttpClient.execute(CloseableHttpClient.java:87)
	at org.apache.hc.client5.http.impl.classic.CloseableHttpClient.execute(CloseableHttpClient.java:55)
	at org.apache.hc.client5.http.classic.HttpClient.executeOpen(HttpClient.java:183)
	at org.springframework.http.client.HttpComponentsClientHttpRequest.executeInternal(HttpComponentsClientHttpRequest.java:99)
	at org.springframework.http.client.AbstractStreamingClientHttpRequest.executeInternal(AbstractStreamingClientHttpRequest.java:71)
	at org.springframework.http.client.AbstractClientHttpRequest.execute(AbstractClientHttpRequest.java:81)
	at org.springframework.http.client.InterceptingClientHttpRequest$InterceptingRequestExecution.execute(InterceptingClientHttpRequest.java:117)
	at org.springframework.cloud.netflix.eureka.http.RestTemplateTransportClientFactory.lambda$restTemplate$2(RestTemplateTransportClientFactory.java:145)
	at org.springframework.http.client.InterceptingClientHttpRequest$InterceptingRequestExecution.execute(InterceptingClientHttpRequest.java:88)
	at org.springframework.http.client.InterceptingClientHttpRequest.executeInternal(InterceptingClientHttpRequest.java:72)
	at org.springframework.http.client.AbstractBufferingClientHttpRequest.executeInternal(AbstractBufferingClientHttpRequest.java:48)
	at org.springframework.http.client.AbstractClientHttpRequest.execute(AbstractClientHttpRequest.java:81)
	at org.springframework.web.client.RestTemplate.doExecute(RestTemplate.java:900)
	... 20 more

2025-05-24T00:53:38.891+05:30  WARN 16900 --- [customer-service] [DiscoveryClient-HeartbeatExecutor-%d] c.n.d.s.t.d.RetryableEurekaHttpClient    : Request execution failed with message: I/O error on PUT request for "http://localhost:6060/eureka/apps/CUSTOMER-SERVICE/LAPTOP-RB5PEV1K:customer-service:7777": Connect to http://localhost:6060 [localhost/127.0.0.1, localhost/0:0:0:0:0:0:0:1] failed: Connection refused: getsockopt
2025-05-24T00:53:38.891+05:30 ERROR 16900 --- [customer-service] [DiscoveryClient-HeartbeatExecutor-%d] com.netflix.discovery.DiscoveryClient    : DiscoveryClient_CUSTOMER-SERVICE/LAPTOP-RB5PEV1K:customer-service:7777 - was unable to send heartbeat!

com.netflix.discovery.shared.transport.TransportException: Cannot execute request on any known server
	at com.netflix.discovery.shared.transport.decorator.RetryableEurekaHttpClient.execute(RetryableEurekaHttpClient.java:112) ~[eureka-client-2.0.4.jar:2.0.4]
	at com.netflix.discovery.shared.transport.decorator.EurekaHttpClientDecorator.sendHeartBeat(EurekaHttpClientDecorator.java:89) ~[eureka-client-2.0.4.jar:2.0.4]
	at com.netflix.discovery.shared.transport.decorator.EurekaHttpClientDecorator$3.execute(EurekaHttpClientDecorator.java:92) ~[eureka-client-2.0.4.jar:2.0.4]
	at com.netflix.discovery.shared.transport.decorator.SessionedEurekaHttpClient.execute(SessionedEurekaHttpClient.java:76) ~[eureka-client-2.0.4.jar:2.0.4]
	at com.netflix.discovery.shared.transport.decorator.EurekaHttpClientDecorator.sendHeartBeat(EurekaHttpClientDecorator.java:89) ~[eureka-client-2.0.4.jar:2.0.4]
	at com.netflix.discovery.DiscoveryClient.renew(DiscoveryClient.java:845) ~[eureka-client-2.0.4.jar:2.0.4]
	at com.netflix.discovery.DiscoveryClient$HeartbeatThread.run(DiscoveryClient.java:1402) ~[eureka-client-2.0.4.jar:2.0.4]
	at java.base/java.util.concurrent.Executors$RunnableAdapter.call(Executors.java:572) ~[na:na]
	at java.base/java.util.concurrent.FutureTask.run(FutureTask.java:317) ~[na:na]
	at java.base/java.util.concurrent.ThreadPoolExecutor.runWorker(ThreadPoolExecutor.java:1144) ~[na:na]
	at java.base/java.util.concurrent.ThreadPoolExecutor$Worker.run(ThreadPoolExecutor.java:642) ~[na:na]
	at java.base/java.lang.Thread.run(Thread.java:1583) ~[na:na]

2025-05-24T00:53:50.772+05:30  INFO 16900 --- [customer-service] [RMI TCP Connection(111)-127.0.0.1] inMXBeanRegistrar$SpringApplicationAdmin : Application shutdown requested.
2025-05-24T00:53:51.077+05:30  INFO 16900 --- [customer-service] [RMI TCP Connection(111)-127.0.0.1] o.s.c.n.e.s.EurekaServiceRegistry        : Unregistering application CUSTOMER-SERVICE with eureka with status DOWN
2025-05-24T00:53:51.077+05:30  INFO 16900 --- [customer-service] [RMI TCP Connection(111)-127.0.0.1] com.netflix.discovery.DiscoveryClient    : Saw local status change event StatusChangeEvent [timestamp=1748028231077, current=DOWN, previous=UP]
2025-05-24T00:53:51.077+05:30  INFO 16900 --- [customer-service] [DiscoveryClient-InstanceInfoReplicator-%d] com.netflix.discovery.DiscoveryClient    : DiscoveryClient_CUSTOMER-SERVICE/LAPTOP-RB5PEV1K:customer-service:7777: registering service...
2025-05-24T00:53:51.822+05:30  INFO 16900 --- [customer-service] [RMI TCP Connection(111)-127.0.0.1] o.s.b.w.e.tomcat.GracefulShutdown        : Commencing graceful shutdown. Waiting for active requests to complete
2025-05-24T00:53:51.907+05:30  INFO 16900 --- [customer-service] [DiscoveryClient-InstanceInfoReplicator-%d] c.n.d.s.t.d.RedirectingEurekaHttpClient  : Request execution error. endpoint=DefaultEndpoint{ serviceUrl='http://localhost:6060/eureka/}, exception=I/O error on POST request for "http://localhost:6060/eureka/apps/CUSTOMER-SERVICE": Connect to http://localhost:6060 [localhost/127.0.0.1, localhost/0:0:0:0:0:0:0:1] failed: Connection refused: getsockopt stacktrace=org.springframework.web.client.ResourceAccessException: I/O error on POST request for "http://localhost:6060/eureka/apps/CUSTOMER-SERVICE": Connect to http://localhost:6060 [localhost/127.0.0.1, localhost/0:0:0:0:0:0:0:1] failed: Connection refused: getsockopt
	at org.springframework.web.client.RestTemplate.createResourceAccessException(RestTemplate.java:926)
	at org.springframework.web.client.RestTemplate.doExecute(RestTemplate.java:906)
	at org.springframework.web.client.RestTemplate.execute(RestTemplate.java:841)
	at org.springframework.web.client.RestTemplate.exchange(RestTemplate.java:702)
	at org.springframework.cloud.netflix.eureka.http.RestTemplateEurekaHttpClient.register(RestTemplateEurekaHttpClient.java:87)
	at com.netflix.discovery.shared.transport.decorator.EurekaHttpClientDecorator$1.execute(EurekaHttpClientDecorator.java:59)
	at com.netflix.discovery.shared.transport.decorator.RedirectingEurekaHttpClient.executeOnNewServer(RedirectingEurekaHttpClient.java:121)
	at com.netflix.discovery.shared.transport.decorator.RedirectingEurekaHttpClient.execute(RedirectingEurekaHttpClient.java:80)
	at com.netflix.discovery.shared.transport.decorator.EurekaHttpClientDecorator.register(EurekaHttpClientDecorator.java:56)
	at com.netflix.discovery.shared.transport.decorator.EurekaHttpClientDecorator$1.execute(EurekaHttpClientDecorator.java:59)
	at com.netflix.discovery.shared.transport.decorator.RetryableEurekaHttpClient.execute(RetryableEurekaHttpClient.java:120)
	at com.netflix.discovery.shared.transport.decorator.EurekaHttpClientDecorator.register(EurekaHttpClientDecorator.java:56)
	at com.netflix.discovery.shared.transport.decorator.EurekaHttpClientDecorator$1.execute(EurekaHttpClientDecorator.java:59)
	at com.netflix.discovery.shared.transport.decorator.SessionedEurekaHttpClient.execute(SessionedEurekaHttpClient.java:76)
	at com.netflix.discovery.shared.transport.decorator.EurekaHttpClientDecorator.register(EurekaHttpClientDecorator.java:56)
	at com.netflix.discovery.DiscoveryClient.register(DiscoveryClient.java:828)
	at com.netflix.discovery.InstanceInfoReplicator.run(InstanceInfoReplicator.java:125)
	at com.netflix.discovery.InstanceInfoReplicator$2.run(InstanceInfoReplicator.java:105)
	at java.base/java.util.concurrent.Executors$RunnableAdapter.call(Executors.java:572)
	at java.base/java.util.concurrent.FutureTask.run(FutureTask.java:317)
	at java.base/java.util.concurrent.ScheduledThreadPoolExecutor$ScheduledFutureTask.run(ScheduledThreadPoolExecutor.java:304)
	at java.base/java.util.concurrent.ThreadPoolExecutor.runWorker(ThreadPoolExecutor.java:1144)
	at java.base/java.util.concurrent.ThreadPoolExecutor$Worker.run(ThreadPoolExecutor.java:642)
	at java.base/java.lang.Thread.run(Thread.java:1583)
Caused by: org.apache.hc.client5.http.HttpHostConnectException: Connect to http://localhost:6060 [localhost/127.0.0.1, localhost/0:0:0:0:0:0:0:1] failed: Connection refused: getsockopt
	at java.base/sun.nio.ch.Net.pollConnect(Native Method)
	at java.base/sun.nio.ch.Net.pollConnectNow(Net.java:682)
	at java.base/sun.nio.ch.NioSocketImpl.timedFinishConnect(NioSocketImpl.java:542)
	at java.base/sun.nio.ch.NioSocketImpl.connect(NioSocketImpl.java:592)
	at java.base/java.net.SocksSocketImpl.connect(SocksSocketImpl.java:327)
	at java.base/java.net.Socket.connect(Socket.java:751)
	at org.apache.hc.client5.http.impl.io.DefaultHttpClientConnectionOperator.connect(DefaultHttpClientConnectionOperator.java:216)
	at org.apache.hc.client5.http.impl.io.PoolingHttpClientConnectionManager.connect(PoolingHttpClientConnectionManager.java:490)
	at org.apache.hc.client5.http.impl.classic.InternalExecRuntime.connectEndpoint(InternalExecRuntime.java:164)
	at org.apache.hc.client5.http.impl.classic.InternalExecRuntime.connectEndpoint(InternalExecRuntime.java:174)
	at org.apache.hc.client5.http.impl.classic.ConnectExec.execute(ConnectExec.java:144)
	at org.apache.hc.client5.http.impl.classic.ExecChainElement.execute(ExecChainElement.java:51)
	at org.apache.hc.client5.http.impl.classic.ProtocolExec.execute(ProtocolExec.java:192)
	at org.apache.hc.client5.http.impl.classic.ExecChainElement.execute(ExecChainElement.java:51)
	at org.apache.hc.client5.http.impl.classic.ContentCompressionExec.execute(ContentCompressionExec.java:150)
	at org.apache.hc.client5.http.impl.classic.ExecChainElement.execute(ExecChainElement.java:51)
	at org.apache.hc.client5.http.impl.classic.HttpRequestRetryExec.execute(HttpRequestRetryExec.java:113)
	at org.apache.hc.client5.http.impl.classic.ExecChainElement.execute(ExecChainElement.java:51)
	at org.apache.hc.client5.http.impl.classic.RedirectExec.execute(RedirectExec.java:110)
	at org.apache.hc.client5.http.impl.classic.ExecChainElement.execute(ExecChainElement.java:51)
	at org.apache.hc.client5.http.impl.classic.InternalHttpClient.doExecute(InternalHttpClient.java:183)
	at org.apache.hc.client5.http.impl.classic.CloseableHttpClient.execute(CloseableHttpClient.java:87)
	at org.apache.hc.client5.http.impl.classic.CloseableHttpClient.execute(CloseableHttpClient.java:55)
	at org.apache.hc.client5.http.classic.HttpClient.executeOpen(HttpClient.java:183)
	at org.springframework.http.client.HttpComponentsClientHttpRequest.executeInternal(HttpComponentsClientHttpRequest.java:99)
	at org.springframework.http.client.AbstractStreamingClientHttpRequest.executeInternal(AbstractStreamingClientHttpRequest.java:71)
	at org.springframework.http.client.AbstractClientHttpRequest.execute(AbstractClientHttpRequest.java:81)
	at org.springframework.http.client.InterceptingClientHttpRequest$InterceptingRequestExecution.execute(InterceptingClientHttpRequest.java:117)
	at org.springframework.cloud.netflix.eureka.http.RestTemplateTransportClientFactory.lambda$restTemplate$2(RestTemplateTransportClientFactory.java:145)
	at org.springframework.http.client.InterceptingClientHttpRequest$InterceptingRequestExecution.execute(InterceptingClientHttpRequest.java:88)
	at org.springframework.http.client.InterceptingClientHttpRequest.executeInternal(InterceptingClientHttpRequest.java:72)
	at org.springframework.http.client.AbstractBufferingClientHttpRequest.executeInternal(AbstractBufferingClientHttpRequest.java:48)
	at org.springframework.http.client.AbstractClientHttpRequest.execute(AbstractClientHttpRequest.java:81)
	at org.springframework.web.client.RestTemplate.doExecute(RestTemplate.java:900)
	... 22 more

2025-05-24T00:53:51.908+05:30  WARN 16900 --- [customer-service] [DiscoveryClient-InstanceInfoReplicator-%d] c.n.d.s.t.d.RetryableEurekaHttpClient    : Request execution failed with message: I/O error on POST request for "http://localhost:6060/eureka/apps/CUSTOMER-SERVICE": Connect to http://localhost:6060 [localhost/127.0.0.1, localhost/0:0:0:0:0:0:0:1] failed: Connection refused: getsockopt
2025-05-24T00:53:51.908+05:30  WARN 16900 --- [customer-service] [DiscoveryClient-InstanceInfoReplicator-%d] com.netflix.discovery.DiscoveryClient    : DiscoveryClient_CUSTOMER-SERVICE/LAPTOP-RB5PEV1K:customer-service:7777 - registration failed Cannot execute request on any known server

com.netflix.discovery.shared.transport.TransportException: Cannot execute request on any known server
	at com.netflix.discovery.shared.transport.decorator.RetryableEurekaHttpClient.execute(RetryableEurekaHttpClient.java:112) ~[eureka-client-2.0.4.jar:2.0.4]
	at com.netflix.discovery.shared.transport.decorator.EurekaHttpClientDecorator.register(EurekaHttpClientDecorator.java:56) ~[eureka-client-2.0.4.jar:2.0.4]
	at com.netflix.discovery.shared.transport.decorator.EurekaHttpClientDecorator$1.execute(EurekaHttpClientDecorator.java:59) ~[eureka-client-2.0.4.jar:2.0.4]
	at com.netflix.discovery.shared.transport.decorator.SessionedEurekaHttpClient.execute(SessionedEurekaHttpClient.java:76) ~[eureka-client-2.0.4.jar:2.0.4]
	at com.netflix.discovery.shared.transport.decorator.EurekaHttpClientDecorator.register(EurekaHttpClientDecorator.java:56) ~[eureka-client-2.0.4.jar:2.0.4]
	at com.netflix.discovery.DiscoveryClient.register(DiscoveryClient.java:828) ~[eureka-client-2.0.4.jar:2.0.4]
	at com.netflix.discovery.InstanceInfoReplicator.run(InstanceInfoReplicator.java:125) ~[eureka-client-2.0.4.jar:2.0.4]
	at com.netflix.discovery.InstanceInfoReplicator$2.run(InstanceInfoReplicator.java:105) ~[eureka-client-2.0.4.jar:2.0.4]
	at java.base/java.util.concurrent.Executors$RunnableAdapter.call(Executors.java:572) ~[na:na]
	at java.base/java.util.concurrent.FutureTask.run(FutureTask.java:317) ~[na:na]
	at java.base/java.util.concurrent.ScheduledThreadPoolExecutor$ScheduledFutureTask.run(ScheduledThreadPoolExecutor.java:304) ~[na:na]
	at java.base/java.util.concurrent.ThreadPoolExecutor.runWorker(ThreadPoolExecutor.java:1144) ~[na:na]
	at java.base/java.util.concurrent.ThreadPoolExecutor$Worker.run(ThreadPoolExecutor.java:642) ~[na:na]
	at java.base/java.lang.Thread.run(Thread.java:1583) ~[na:na]

2025-05-24T00:53:51.911+05:30  WARN 16900 --- [customer-service] [DiscoveryClient-InstanceInfoReplicator-%d] c.n.discovery.InstanceInfoReplicator     : There was a problem with the instance info replicator

com.netflix.discovery.shared.transport.TransportException: Cannot execute request on any known server
	at com.netflix.discovery.shared.transport.decorator.RetryableEurekaHttpClient.execute(RetryableEurekaHttpClient.java:112) ~[eureka-client-2.0.4.jar:2.0.4]
	at com.netflix.discovery.shared.transport.decorator.EurekaHttpClientDecorator.register(EurekaHttpClientDecorator.java:56) ~[eureka-client-2.0.4.jar:2.0.4]
	at com.netflix.discovery.shared.transport.decorator.EurekaHttpClientDecorator$1.execute(EurekaHttpClientDecorator.java:59) ~[eureka-client-2.0.4.jar:2.0.4]
	at com.netflix.discovery.shared.transport.decorator.SessionedEurekaHttpClient.execute(SessionedEurekaHttpClient.java:76) ~[eureka-client-2.0.4.jar:2.0.4]
	at com.netflix.discovery.shared.transport.decorator.EurekaHttpClientDecorator.register(EurekaHttpClientDecorator.java:56) ~[eureka-client-2.0.4.jar:2.0.4]
	at com.netflix.discovery.DiscoveryClient.register(DiscoveryClient.java:828) ~[eureka-client-2.0.4.jar:2.0.4]
	at com.netflix.discovery.InstanceInfoReplicator.run(InstanceInfoReplicator.java:125) ~[eureka-client-2.0.4.jar:2.0.4]
	at com.netflix.discovery.InstanceInfoReplicator$2.run(InstanceInfoReplicator.java:105) ~[eureka-client-2.0.4.jar:2.0.4]
	at java.base/java.util.concurrent.Executors$RunnableAdapter.call(Executors.java:572) ~[na:na]
	at java.base/java.util.concurrent.FutureTask.run(FutureTask.java:317) ~[na:na]
	at java.base/java.util.concurrent.ScheduledThreadPoolExecutor$ScheduledFutureTask.run(ScheduledThreadPoolExecutor.java:304) ~[na:na]
	at java.base/java.util.concurrent.ThreadPoolExecutor.runWorker(ThreadPoolExecutor.java:1144) ~[na:na]
	at java.base/java.util.concurrent.ThreadPoolExecutor$Worker.run(ThreadPoolExecutor.java:642) ~[na:na]
	at java.base/java.lang.Thread.run(Thread.java:1583) ~[na:na]

2025-05-24T00:53:52.361+05:30  INFO 16900 --- [customer-service] [tomcat-shutdown] o.s.b.w.e.tomcat.GracefulShutdown        : Graceful shutdown complete
2025-05-24T00:53:53.418+05:30  INFO 16900 --- [customer-service] [RMI TCP Connection(111)-127.0.0.1] j.LocalContainerEntityManagerFactoryBean : Closing JPA EntityManagerFactory for persistence unit 'default'
2025-05-24T00:53:54.064+05:30  INFO 16900 --- [customer-service] [RMI TCP Connection(111)-127.0.0.1] com.zaxxer.hikari.HikariDataSource       : HikariPool-1 - Shutdown initiated...
2025-05-24T00:53:54.157+05:30  INFO 16900 --- [customer-service] [RMI TCP Connection(111)-127.0.0.1] com.zaxxer.hikari.HikariDataSource       : HikariPool-1 - Shutdown completed.
2025-05-24T00:53:54.218+05:30  INFO 16900 --- [customer-service] [RMI TCP Connection(111)-127.0.0.1] com.netflix.discovery.DiscoveryClient    : Shutting down DiscoveryClient ...
2025-05-24T00:53:57.219+05:30  INFO 16900 --- [customer-service] [RMI TCP Connection(111)-127.0.0.1] com.netflix.discovery.DiscoveryClient    : Unregistering ...
2025-05-24T00:53:57.519+05:30  INFO 16900 --- [customer-service] [RMI TCP Connection(111)-127.0.0.1] c.n.d.s.t.d.RedirectingEurekaHttpClient  : Request execution error. endpoint=DefaultEndpoint{ serviceUrl='http://localhost:6060/eureka/}, exception=I/O error on DELETE request for "http://localhost:6060/eureka/apps/CUSTOMER-SERVICE/LAPTOP-RB5PEV1K:customer-service:7777": Connect to http://localhost:6060 [localhost/127.0.0.1, localhost/0:0:0:0:0:0:0:1] failed: Connection refused: getsockopt stacktrace=org.springframework.web.client.ResourceAccessException: I/O error on DELETE request for "http://localhost:6060/eureka/apps/CUSTOMER-SERVICE/LAPTOP-RB5PEV1K:customer-service:7777": Connect to http://localhost:6060 [localhost/127.0.0.1, localhost/0:0:0:0:0:0:0:1] failed: Connection refused: getsockopt
	at org.springframework.web.client.RestTemplate.createResourceAccessException(RestTemplate.java:926)
	at org.springframework.web.client.RestTemplate.doExecute(RestTemplate.java:906)
	at org.springframework.web.client.RestTemplate.execute(RestTemplate.java:841)
	at org.springframework.web.client.RestTemplate.exchange(RestTemplate.java:702)
	at org.springframework.cloud.netflix.eureka.http.RestTemplateEurekaHttpClient.cancel(RestTemplateEurekaHttpClient.java:100)
	at com.netflix.discovery.shared.transport.decorator.EurekaHttpClientDecorator$2.execute(EurekaHttpClientDecorator.java:74)
	at com.netflix.discovery.shared.transport.decorator.RedirectingEurekaHttpClient.executeOnNewServer(RedirectingEurekaHttpClient.java:121)
	at com.netflix.discovery.shared.transport.decorator.RedirectingEurekaHttpClient.execute(RedirectingEurekaHttpClient.java:80)
	at com.netflix.discovery.shared.transport.decorator.EurekaHttpClientDecorator.cancel(EurekaHttpClientDecorator.java:71)
	at com.netflix.discovery.shared.transport.decorator.EurekaHttpClientDecorator$2.execute(EurekaHttpClientDecorator.java:74)
	at com.netflix.discovery.shared.transport.decorator.RetryableEurekaHttpClient.execute(RetryableEurekaHttpClient.java:120)
	at com.netflix.discovery.shared.transport.decorator.EurekaHttpClientDecorator.cancel(EurekaHttpClientDecorator.java:71)
	at com.netflix.discovery.shared.transport.decorator.EurekaHttpClientDecorator$2.execute(EurekaHttpClientDecorator.java:74)
	at com.netflix.discovery.shared.transport.decorator.SessionedEurekaHttpClient.execute(SessionedEurekaHttpClient.java:76)
	at com.netflix.discovery.shared.transport.decorator.EurekaHttpClientDecorator.cancel(EurekaHttpClientDecorator.java:71)
	at com.netflix.discovery.DiscoveryClient.unregister(DiscoveryClient.java:919)
	at com.netflix.discovery.DiscoveryClient.shutdown(DiscoveryClient.java:900)
	at java.base/jdk.internal.reflect.DirectMethodHandleAccessor.invoke(DirectMethodHandleAccessor.java:103)
	at java.base/java.lang.reflect.Method.invoke(Method.java:580)
	at org.springframework.beans.factory.annotation.InitDestroyAnnotationBeanPostProcessor$LifecycleMethod.invoke(InitDestroyAnnotationBeanPostProcessor.java:457)
	at org.springframework.beans.factory.annotation.InitDestroyAnnotationBeanPostProcessor$LifecycleMetadata.invokeDestroyMethods(InitDestroyAnnotationBeanPostProcessor.java:415)
	at org.springframework.beans.factory.annotation.InitDestroyAnnotationBeanPostProcessor.postProcessBeforeDestruction(InitDestroyAnnotationBeanPostProcessor.java:239)
	at org.springframework.beans.factory.support.DisposableBeanAdapter.destroy(DisposableBeanAdapter.java:202)
	at org.springframework.beans.factory.support.DisposableBeanAdapter.run(DisposableBeanAdapter.java:195)
	at org.springframework.cloud.context.scope.GenericScope$BeanLifecycleWrapper.destroy(GenericScope.java:389)
	at org.springframework.cloud.context.scope.GenericScope.destroy(GenericScope.java:136)
	at org.springframework.beans.factory.support.DisposableBeanAdapter.destroy(DisposableBeanAdapter.java:211)
	at org.springframework.beans.factory.support.DefaultSingletonBeanRegistry.destroyBean(DefaultSingletonBeanRegistry.java:796)
	at org.springframework.beans.factory.support.DefaultSingletonBeanRegistry.destroySingleton(DefaultSingletonBeanRegistry.java:746)
	at org.springframework.beans.factory.support.DefaultListableBeanFactory.destroySingleton(DefaultListableBeanFactory.java:1473)
	at org.springframework.beans.factory.support.DefaultSingletonBeanRegistry.destroySingletons(DefaultSingletonBeanRegistry.java:705)
	at org.springframework.beans.factory.support.DefaultListableBeanFactory.destroySingletons(DefaultListableBeanFactory.java:1466)
	at org.springframework.context.support.AbstractApplicationContext.destroyBeans(AbstractApplicationContext.java:1219)
	at org.springframework.context.support.AbstractApplicationContext.doClose(AbstractApplicationContext.java:1180)
	at org.springframework.boot.web.servlet.context.ServletWebServerApplicationContext.doClose(ServletWebServerApplicationContext.java:179)
	at org.springframework.context.support.AbstractApplicationContext.close(AbstractApplicationContext.java:1126)
	at org.springframework.boot.admin.SpringApplicationAdminMXBeanRegistrar$SpringApplicationAdmin.shutdown(SpringApplicationAdminMXBeanRegistrar.java:160)
	at java.base/jdk.internal.reflect.DirectMethodHandleAccessor.invoke(DirectMethodHandleAccessor.java:103)
	at java.base/java.lang.reflect.Method.invoke(Method.java:580)
	at sun.reflect.misc.Trampoline.invoke(MethodUtil.java:64)
	at java.base/jdk.internal.reflect.DirectMethodHandleAccessor.invoke(DirectMethodHandleAccessor.java:103)
	at java.base/java.lang.reflect.Method.invoke(Method.java:580)
	at java.base/sun.reflect.misc.MethodUtil.invoke(MethodUtil.java:97)
	at java.management/com.sun.jmx.mbeanserver.ConvertingMethod.invokeWithOpenReturn(ConvertingMethod.java:193)
	at java.management/com.sun.jmx.mbeanserver.ConvertingMethod.invokeWithOpenReturn(ConvertingMethod.java:175)
	at java.management/com.sun.jmx.mbeanserver.MXBeanIntrospector.invokeM2(MXBeanIntrospector.java:115)
	at java.management/com.sun.jmx.mbeanserver.MXBeanIntrospector.invokeM2(MXBeanIntrospector.java:52)
	at java.management/com.sun.jmx.mbeanserver.MBeanIntrospector.invokeM(MBeanIntrospector.java:236)
	at java.management/com.sun.jmx.mbeanserver.PerInterface.invoke(PerInterface.java:138)
	at java.management/com.sun.jmx.mbeanserver.MBeanSupport.invoke(MBeanSupport.java:252)
	at java.management/com.sun.jmx.interceptor.DefaultMBeanServerInterceptor.invoke(DefaultMBeanServerInterceptor.java:803)
	at java.management/com.sun.jmx.mbeanserver.JmxMBeanServer.invoke(JmxMBeanServer.java:802)
	at java.management.rmi/javax.management.remote.rmi.RMIConnectionImpl.doOperation(RMIConnectionImpl.java:1472)
	at java.management.rmi/javax.management.remote.rmi.RMIConnectionImpl$PrivilegedOperation.run(RMIConnectionImpl.java:1310)
	at java.management.rmi/javax.management.remote.rmi.RMIConnectionImpl.doPrivilegedOperation(RMIConnectionImpl.java:1405)
	at java.management.rmi/javax.management.remote.rmi.RMIConnectionImpl.invoke(RMIConnectionImpl.java:829)
	at java.base/jdk.internal.reflect.DirectMethodHandleAccessor.invoke(DirectMethodHandleAccessor.java:103)
	at java.base/java.lang.reflect.Method.invoke(Method.java:580)
	at java.rmi/sun.rmi.server.UnicastServerRef.dispatch(UnicastServerRef.java:360)
	at java.rmi/sun.rmi.transport.Transport$1.run(Transport.java:200)
	at java.rmi/sun.rmi.transport.Transport$1.run(Transport.java:197)
	at java.base/java.security.AccessController.doPrivileged(AccessController.java:714)
	at java.rmi/sun.rmi.transport.Transport.serviceCall(Transport.java:196)
	at java.rmi/sun.rmi.transport.tcp.TCPTransport.handleMessages(TCPTransport.java:598)
	at java.rmi/sun.rmi.transport.tcp.TCPTransport$ConnectionHandler.run0(TCPTransport.java:844)
	at java.rmi/sun.rmi.transport.tcp.TCPTransport$ConnectionHandler.lambda$run$0(TCPTransport.java:721)
	at java.base/java.security.AccessController.doPrivileged(AccessController.java:400)
	at java.rmi/sun.rmi.transport.tcp.TCPTransport$ConnectionHandler.run(TCPTransport.java:720)
	at java.base/java.util.concurrent.ThreadPoolExecutor.runWorker(ThreadPoolExecutor.java:1144)
	at java.base/java.util.concurrent.ThreadPoolExecutor$Worker.run(ThreadPoolExecutor.java:642)
	at java.base/java.lang.Thread.run(Thread.java:1583)
Caused by: org.apache.hc.client5.http.HttpHostConnectException: Connect to http://localhost:6060 [localhost/127.0.0.1, localhost/0:0:0:0:0:0:0:1] failed: Connection refused: getsockopt
	at java.base/sun.nio.ch.Net.pollConnect(Native Method)
	at java.base/sun.nio.ch.Net.pollConnectNow(Net.java:682)
	at java.base/sun.nio.ch.NioSocketImpl.timedFinishConnect(NioSocketImpl.java:542)
	at java.base/sun.nio.ch.NioSocketImpl.connect(NioSocketImpl.java:592)
	at java.base/java.net.SocksSocketImpl.connect(SocksSocketImpl.java:327)
	at java.base/java.net.Socket.connect(Socket.java:751)
	at org.apache.hc.client5.http.impl.io.DefaultHttpClientConnectionOperator.connect(DefaultHttpClientConnectionOperator.java:216)
	at org.apache.hc.client5.http.impl.io.PoolingHttpClientConnectionManager.connect(PoolingHttpClientConnectionManager.java:490)
	at org.apache.hc.client5.http.impl.classic.InternalExecRuntime.connectEndpoint(InternalExecRuntime.java:164)
	at org.apache.hc.client5.http.impl.classic.InternalExecRuntime.connectEndpoint(InternalExecRuntime.java:174)
	at org.apache.hc.client5.http.impl.classic.ConnectExec.execute(ConnectExec.java:144)
	at org.apache.hc.client5.http.impl.classic.ExecChainElement.execute(ExecChainElement.java:51)
	at org.apache.hc.client5.http.impl.classic.ProtocolExec.execute(ProtocolExec.java:192)
	at org.apache.hc.client5.http.impl.classic.ExecChainElement.execute(ExecChainElement.java:51)
	at org.apache.hc.client5.http.impl.classic.ContentCompressionExec.execute(ContentCompressionExec.java:150)
	at org.apache.hc.client5.http.impl.classic.ExecChainElement.execute(ExecChainElement.java:51)
	at org.apache.hc.client5.http.impl.classic.HttpRequestRetryExec.execute(HttpRequestRetryExec.java:113)
	at org.apache.hc.client5.http.impl.classic.ExecChainElement.execute(ExecChainElement.java:51)
	at org.apache.hc.client5.http.impl.classic.RedirectExec.execute(RedirectExec.java:110)
	at org.apache.hc.client5.http.impl.classic.ExecChainElement.execute(ExecChainElement.java:51)
	at org.apache.hc.client5.http.impl.classic.InternalHttpClient.doExecute(InternalHttpClient.java:183)
	at org.apache.hc.client5.http.impl.classic.CloseableHttpClient.execute(CloseableHttpClient.java:87)
	at org.apache.hc.client5.http.impl.classic.CloseableHttpClient.execute(CloseableHttpClient.java:55)
	at org.apache.hc.client5.http.classic.HttpClient.executeOpen(HttpClient.java:183)
	at org.springframework.http.client.HttpComponentsClientHttpRequest.executeInternal(HttpComponentsClientHttpRequest.java:99)
	at org.springframework.http.client.AbstractStreamingClientHttpRequest.executeInternal(AbstractStreamingClientHttpRequest.java:71)
	at org.springframework.http.client.AbstractClientHttpRequest.execute(AbstractClientHttpRequest.java:81)
	at org.springframework.http.client.InterceptingClientHttpRequest$InterceptingRequestExecution.execute(InterceptingClientHttpRequest.java:117)
	at org.springframework.cloud.netflix.eureka.http.RestTemplateTransportClientFactory.lambda$restTemplate$2(RestTemplateTransportClientFactory.java:145)
	at org.springframework.http.client.InterceptingClientHttpRequest$InterceptingRequestExecution.execute(InterceptingClientHttpRequest.java:88)
	at org.springframework.http.client.InterceptingClientHttpRequest.executeInternal(InterceptingClientHttpRequest.java:72)
	at org.springframework.http.client.AbstractBufferingClientHttpRequest.executeInternal(AbstractBufferingClientHttpRequest.java:48)
	at org.springframework.http.client.AbstractClientHttpRequest.execute(AbstractClientHttpRequest.java:81)
	at org.springframework.web.client.RestTemplate.doExecute(RestTemplate.java:900)
	... 69 more

2025-05-24T00:53:57.520+05:30  WARN 16900 --- [customer-service] [RMI TCP Connection(111)-127.0.0.1] c.n.d.s.t.d.RetryableEurekaHttpClient    : Request execution failed with message: I/O error on DELETE request for "http://localhost:6060/eureka/apps/CUSTOMER-SERVICE/LAPTOP-RB5PEV1K:customer-service:7777": Connect to http://localhost:6060 [localhost/127.0.0.1, localhost/0:0:0:0:0:0:0:1] failed: Connection refused: getsockopt
2025-05-24T00:53:57.520+05:30 ERROR 16900 --- [customer-service] [RMI TCP Connection(111)-127.0.0.1] com.netflix.discovery.DiscoveryClient    : DiscoveryClient_CUSTOMER-SERVICE/LAPTOP-RB5PEV1K:customer-service:7777 - de-registration failedCannot execute request on any known server

com.netflix.discovery.shared.transport.TransportException: Cannot execute request on any known server
	at com.netflix.discovery.shared.transport.decorator.RetryableEurekaHttpClient.execute(RetryableEurekaHttpClient.java:112) ~[eureka-client-2.0.4.jar:2.0.4]
	at com.netflix.discovery.shared.transport.decorator.EurekaHttpClientDecorator.cancel(EurekaHttpClientDecorator.java:71) ~[eureka-client-2.0.4.jar:2.0.4]
	at com.netflix.discovery.shared.transport.decorator.EurekaHttpClientDecorator$2.execute(EurekaHttpClientDecorator.java:74) ~[eureka-client-2.0.4.jar:2.0.4]
	at com.netflix.discovery.shared.transport.decorator.SessionedEurekaHttpClient.execute(SessionedEurekaHttpClient.java:76) ~[eureka-client-2.0.4.jar:2.0.4]
	at com.netflix.discovery.shared.transport.decorator.EurekaHttpClientDecorator.cancel(EurekaHttpClientDecorator.java:71) ~[eureka-client-2.0.4.jar:2.0.4]
	at com.netflix.discovery.DiscoveryClient.unregister(DiscoveryClient.java:919) ~[eureka-client-2.0.4.jar:2.0.4]
	at com.netflix.discovery.DiscoveryClient.shutdown(DiscoveryClient.java:900) ~[eureka-client-2.0.4.jar:2.0.4]
	at java.base/jdk.internal.reflect.DirectMethodHandleAccessor.invoke(DirectMethodHandleAccessor.java:103) ~[na:na]
	at java.base/java.lang.reflect.Method.invoke(Method.java:580) ~[na:na]
	at org.springframework.beans.factory.annotation.InitDestroyAnnotationBeanPostProcessor$LifecycleMethod.invoke(InitDestroyAnnotationBeanPostProcessor.java:457) ~[spring-beans-6.2.6.jar:6.2.6]
	at org.springframework.beans.factory.annotation.InitDestroyAnnotationBeanPostProcessor$LifecycleMetadata.invokeDestroyMethods(InitDestroyAnnotationBeanPostProcessor.java:415) ~[spring-beans-6.2.6.jar:6.2.6]
	at org.springframework.beans.factory.annotation.InitDestroyAnnotationBeanPostProcessor.postProcessBeforeDestruction(InitDestroyAnnotationBeanPostProcessor.java:239) ~[spring-beans-6.2.6.jar:6.2.6]
	at org.springframework.beans.factory.support.DisposableBeanAdapter.destroy(DisposableBeanAdapter.java:202) ~[spring-beans-6.2.6.jar:6.2.6]
	at org.springframework.beans.factory.support.DisposableBeanAdapter.run(DisposableBeanAdapter.java:195) ~[spring-beans-6.2.6.jar:6.2.6]
	at org.springframework.cloud.context.scope.GenericScope$BeanLifecycleWrapper.destroy(GenericScope.java:389) ~[spring-cloud-context-4.2.1.jar:4.2.1]
	at org.springframework.cloud.context.scope.GenericScope.destroy(GenericScope.java:136) ~[spring-cloud-context-4.2.1.jar:4.2.1]
	at org.springframework.beans.factory.support.DisposableBeanAdapter.destroy(DisposableBeanAdapter.java:211) ~[spring-beans-6.2.6.jar:6.2.6]
	at org.springframework.beans.factory.support.DefaultSingletonBeanRegistry.destroyBean(DefaultSingletonBeanRegistry.java:796) ~[spring-beans-6.2.6.jar:6.2.6]
	at org.springframework.beans.factory.support.DefaultSingletonBeanRegistry.destroySingleton(DefaultSingletonBeanRegistry.java:746) ~[spring-beans-6.2.6.jar:6.2.6]
	at org.springframework.beans.factory.support.DefaultListableBeanFactory.destroySingleton(DefaultListableBeanFactory.java:1473) ~[spring-beans-6.2.6.jar:6.2.6]
	at org.springframework.beans.factory.support.DefaultSingletonBeanRegistry.destroySingletons(DefaultSingletonBeanRegistry.java:705) ~[spring-beans-6.2.6.jar:6.2.6]
	at org.springframework.beans.factory.support.DefaultListableBeanFactory.destroySingletons(DefaultListableBeanFactory.java:1466) ~[spring-beans-6.2.6.jar:6.2.6]
	at org.springframework.context.support.AbstractApplicationContext.destroyBeans(AbstractApplicationContext.java:1219) ~[spring-context-6.2.6.jar:6.2.6]
	at org.springframework.context.support.AbstractApplicationContext.doClose(AbstractApplicationContext.java:1180) ~[spring-context-6.2.6.jar:6.2.6]
	at org.springframework.boot.web.servlet.context.ServletWebServerApplicationContext.doClose(ServletWebServerApplicationContext.java:179) ~[spring-boot-3.4.5.jar:3.4.5]
	at org.springframework.context.support.AbstractApplicationContext.close(AbstractApplicationContext.java:1126) ~[spring-context-6.2.6.jar:6.2.6]
	at org.springframework.boot.admin.SpringApplicationAdminMXBeanRegistrar$SpringApplicationAdmin.shutdown(SpringApplicationAdminMXBeanRegistrar.java:160) ~[spring-boot-3.4.5.jar:3.4.5]
	at java.base/jdk.internal.reflect.DirectMethodHandleAccessor.invoke(DirectMethodHandleAccessor.java:103) ~[na:na]
	at java.base/java.lang.reflect.Method.invoke(Method.java:580) ~[na:na]
	at sun.reflect.misc.Trampoline.invoke(MethodUtil.java:64) ~[na:na]
	at java.base/jdk.internal.reflect.DirectMethodHandleAccessor.invoke(DirectMethodHandleAccessor.java:103) ~[na:na]
	at java.base/java.lang.reflect.Method.invoke(Method.java:580) ~[na:na]
	at java.base/sun.reflect.misc.MethodUtil.invoke(MethodUtil.java:97) ~[na:na]
	at java.management/com.sun.jmx.mbeanserver.ConvertingMethod.invokeWithOpenReturn(ConvertingMethod.java:193) ~[na:na]
	at java.management/com.sun.jmx.mbeanserver.ConvertingMethod.invokeWithOpenReturn(ConvertingMethod.java:175) ~[na:na]
	at java.management/com.sun.jmx.mbeanserver.MXBeanIntrospector.invokeM2(MXBeanIntrospector.java:115) ~[na:na]
	at java.management/com.sun.jmx.mbeanserver.MXBeanIntrospector.invokeM2(MXBeanIntrospector.java:52) ~[na:na]
	at java.management/com.sun.jmx.mbeanserver.MBeanIntrospector.invokeM(MBeanIntrospector.java:236) ~[na:na]
	at java.management/com.sun.jmx.mbeanserver.PerInterface.invoke(PerInterface.java:138) ~[na:na]
	at java.management/com.sun.jmx.mbeanserver.MBeanSupport.invoke(MBeanSupport.java:252) ~[na:na]
	at java.management/com.sun.jmx.interceptor.DefaultMBeanServerInterceptor.invoke(DefaultMBeanServerInterceptor.java:803) ~[na:na]
	at java.management/com.sun.jmx.mbeanserver.JmxMBeanServer.invoke(JmxMBeanServer.java:802) ~[na:na]
	at java.management.rmi/javax.management.remote.rmi.RMIConnectionImpl.doOperation(RMIConnectionImpl.java:1472) ~[na:na]
	at java.management.rmi/javax.management.remote.rmi.RMIConnectionImpl$PrivilegedOperation.run(RMIConnectionImpl.java:1310) ~[na:na]
	at java.management.rmi/javax.management.remote.rmi.RMIConnectionImpl.doPrivilegedOperation(RMIConnectionImpl.java:1405) ~[na:na]
	at java.management.rmi/javax.management.remote.rmi.RMIConnectionImpl.invoke(RMIConnectionImpl.java:829) ~[na:na]
	at java.base/jdk.internal.reflect.DirectMethodHandleAccessor.invoke(DirectMethodHandleAccessor.java:103) ~[na:na]
	at java.base/java.lang.reflect.Method.invoke(Method.java:580) ~[na:na]
	at java.rmi/sun.rmi.server.UnicastServerRef.dispatch(UnicastServerRef.java:360) ~[na:na]
	at java.rmi/sun.rmi.transport.Transport$1.run(Transport.java:200) ~[na:na]
	at java.rmi/sun.rmi.transport.Transport$1.run(Transport.java:197) ~[na:na]
	at java.base/java.security.AccessController.doPrivileged(AccessController.java:714) ~[na:na]
	at java.rmi/sun.rmi.transport.Transport.serviceCall(Transport.java:196) ~[na:na]
	at java.rmi/sun.rmi.transport.tcp.TCPTransport.handleMessages(TCPTransport.java:598) ~[na:na]
	at java.rmi/sun.rmi.transport.tcp.TCPTransport$ConnectionHandler.run0(TCPTransport.java:844) ~[na:na]
	at java.rmi/sun.rmi.transport.tcp.TCPTransport$ConnectionHandler.lambda$run$0(TCPTransport.java:721) ~[na:na]
	at java.base/java.security.AccessController.doPrivileged(AccessController.java:400) ~[na:na]
	at java.rmi/sun.rmi.transport.tcp.TCPTransport$ConnectionHandler.run(TCPTransport.java:720) ~[na:na]
	at java.base/java.util.concurrent.ThreadPoolExecutor.runWorker(ThreadPoolExecutor.java:1144) ~[na:na]
	at java.base/java.util.concurrent.ThreadPoolExecutor$Worker.run(ThreadPoolExecutor.java:642) ~[na:na]
	at java.base/java.lang.Thread.run(Thread.java:1583) ~[na:na]

2025-05-24T00:53:57.558+05:30  INFO 16900 --- [customer-service] [RMI TCP Connection(111)-127.0.0.1] com.netflix.discovery.DiscoveryClient    : Completed shut down of DiscoveryClient
2025-05-24T01:51:24.561+05:30  INFO 9792 --- [customer-service] [restartedMain] c.app.ClmsCustomerApiModuleApplication   : Starting ClmsCustomerApiModuleApplication using Java 21.0.5 with PID 9792 (C:\Users\Asus\git\CarLoan_Customer\CLMS-Customer-API-Module\target\classes started by Asus in C:\Users\Asus\git\CarLoan_Customer\CLMS-Customer-API-Module)
2025-05-24T01:51:24.569+05:30  INFO 9792 --- [customer-service] [restartedMain] c.app.ClmsCustomerApiModuleApplication   : No active profile set, falling back to 1 default profile: "default"
2025-05-24T01:51:24.689+05:30  INFO 9792 --- [customer-service] [restartedMain] .e.DevToolsPropertyDefaultsPostProcessor : Devtools property defaults active! Set 'spring.devtools.add-properties' to 'false' to disable
2025-05-24T01:51:24.694+05:30  INFO 9792 --- [customer-service] [restartedMain] .e.DevToolsPropertyDefaultsPostProcessor : For additional web related logging consider setting the 'logging.level.web' property to 'DEBUG'
2025-05-24T01:51:26.905+05:30  INFO 9792 --- [customer-service] [restartedMain] .s.d.r.c.RepositoryConfigurationDelegate : Bootstrapping Spring Data JPA repositories in DEFAULT mode.
2025-05-24T01:51:27.126+05:30  INFO 9792 --- [customer-service] [restartedMain] .s.d.r.c.RepositoryConfigurationDelegate : Finished Spring Data repository scanning in 188 ms. Found 1 JPA repository interface.
2025-05-24T01:51:27.447+05:30  INFO 9792 --- [customer-service] [restartedMain] o.s.cloud.context.scope.GenericScope     : BeanFactory id=81cd2a3c-a4a4-3c98-a57c-f93d0f323bce
2025-05-24T01:51:28.063+05:30  INFO 9792 --- [customer-service] [restartedMain] o.s.b.w.embedded.tomcat.TomcatWebServer  : Tomcat initialized with port 7777 (http)
2025-05-24T01:51:28.081+05:30  INFO 9792 --- [customer-service] [restartedMain] o.apache.catalina.core.StandardService   : Starting service [Tomcat]
2025-05-24T01:51:28.082+05:30  INFO 9792 --- [customer-service] [restartedMain] o.apache.catalina.core.StandardEngine    : Starting Servlet engine: [Apache Tomcat/10.1.40]
2025-05-24T01:51:28.179+05:30  INFO 9792 --- [customer-service] [restartedMain] o.a.c.c.C.[Tomcat].[localhost].[/]       : Initializing Spring embedded WebApplicationContext
2025-05-24T01:51:28.180+05:30  INFO 9792 --- [customer-service] [restartedMain] w.s.c.ServletWebServerApplicationContext : Root WebApplicationContext: initialization completed in 3486 ms
2025-05-24T01:51:28.440+05:30  INFO 9792 --- [customer-service] [restartedMain] o.hibernate.jpa.internal.util.LogHelper  : HHH000204: Processing PersistenceUnitInfo [name: default]
2025-05-24T01:51:28.537+05:30  INFO 9792 --- [customer-service] [restartedMain] org.hibernate.Version                    : HHH000412: Hibernate ORM core version 6.6.13.Final
2025-05-24T01:51:28.591+05:30  INFO 9792 --- [customer-service] [restartedMain] o.h.c.internal.RegionFactoryInitiator    : HHH000026: Second-level cache disabled
2025-05-24T01:51:28.971+05:30  INFO 9792 --- [customer-service] [restartedMain] o.s.o.j.p.SpringPersistenceUnitInfo      : No LoadTimeWeaver setup: ignoring JPA class transformer
2025-05-24T01:51:29.013+05:30  INFO 9792 --- [customer-service] [restartedMain] com.zaxxer.hikari.HikariDataSource       : HikariPool-1 - Starting...
2025-05-24T01:51:29.592+05:30  INFO 9792 --- [customer-service] [restartedMain] com.zaxxer.hikari.pool.HikariPool        : HikariPool-1 - Added connection com.mysql.cj.jdbc.ConnectionImpl@c25e43c
2025-05-24T01:51:29.595+05:30  INFO 9792 --- [customer-service] [restartedMain] com.zaxxer.hikari.HikariDataSource       : HikariPool-1 - Start completed.
2025-05-24T01:51:30.004+05:30  WARN 9792 --- [customer-service] [restartedMain] org.hibernate.orm.deprecation            : HHH90000025: MySQLDialect does not need to be specified explicitly using 'hibernate.dialect' (remove the property setting and it will be selected by default)
2025-05-24T01:51:30.037+05:30  INFO 9792 --- [customer-service] [restartedMain] org.hibernate.orm.connections.pooling    : HHH10001005: Database info:
	Database JDBC URL [Connecting through datasource 'HikariDataSource (HikariPool-1)']
	Database driver: undefined/unknown
	Database version: 8.0.40
	Autocommit mode: undefined/unknown
	Isolation level: undefined/unknown
	Minimum pool size: undefined/unknown
	Maximum pool size: undefined/unknown
2025-05-24T01:51:31.339+05:30  INFO 9792 --- [customer-service] [restartedMain] o.h.e.t.j.p.i.JtaPlatformInitiator       : HHH000489: No JTA platform available (set 'hibernate.transaction.jta.platform' to enable JTA platform integration)
2025-05-24T01:51:37.113+05:30  INFO 9792 --- [customer-service] [restartedMain] j.LocalContainerEntityManagerFactoryBean : Initialized JPA EntityManagerFactory for persistence unit 'default'
2025-05-24T01:51:38.796+05:30  WARN 9792 --- [customer-service] [restartedMain] JpaBaseConfiguration$JpaWebConfiguration : spring.jpa.open-in-view is enabled by default. Therefore, database queries may be performed during view rendering. Explicitly configure spring.jpa.open-in-view to disable this warning
2025-05-24T01:51:39.043+05:30  INFO 9792 --- [customer-service] [restartedMain] o.s.v.b.OptionalValidatorFactoryBean     : Failed to set up a Bean Validation provider: jakarta.validation.NoProviderFoundException: Unable to create a Configuration, because no Jakarta Bean Validation provider could be found. Add a provider like Hibernate Validator (RI) to your classpath.
2025-05-24T01:51:40.994+05:30  WARN 9792 --- [customer-service] [restartedMain] o.s.b.d.a.OptionalLiveReloadServer       : Unable to start LiveReload server
2025-05-24T01:51:41.117+05:30  INFO 9792 --- [customer-service] [restartedMain] DiscoveryClientOptionalArgsConfiguration : Eureka HTTP Client uses RestTemplate.
2025-05-24T01:51:41.165+05:30  WARN 9792 --- [customer-service] [restartedMain] iguration$LoadBalancerCaffeineWarnLogger : Spring Cloud LoadBalancer is currently working with the default cache. While this cache implementation is useful for development and tests, it's recommended to use Caffeine cache in production.You can switch to using Caffeine cache, by adding it and org.springframework.cache.caffeine.CaffeineCacheManager to the classpath.
2025-05-24T01:51:41.252+05:30  INFO 9792 --- [customer-service] [restartedMain] o.s.c.n.eureka.InstanceInfoFactory       : Setting initial instance status as: STARTING
2025-05-24T01:51:41.290+05:30  INFO 9792 --- [customer-service] [restartedMain] com.netflix.discovery.DiscoveryClient    : Initializing Eureka in region us-east-1
2025-05-24T01:51:41.298+05:30  INFO 9792 --- [customer-service] [restartedMain] c.n.d.s.r.aws.ConfigClusterResolver      : Resolving eureka endpoints via configuration
2025-05-24T01:51:41.311+05:30  INFO 9792 --- [customer-service] [restartedMain] com.netflix.discovery.DiscoveryClient    : Disable delta property : false
2025-05-24T01:51:41.311+05:30  INFO 9792 --- [customer-service] [restartedMain] com.netflix.discovery.DiscoveryClient    : Single vip registry refresh property : null
2025-05-24T01:51:41.311+05:30  INFO 9792 --- [customer-service] [restartedMain] com.netflix.discovery.DiscoveryClient    : Force full registry fetch : false
2025-05-24T01:51:41.311+05:30  INFO 9792 --- [customer-service] [restartedMain] com.netflix.discovery.DiscoveryClient    : Application is null : false
2025-05-24T01:51:41.312+05:30  INFO 9792 --- [customer-service] [restartedMain] com.netflix.discovery.DiscoveryClient    : Registered Applications size is zero : true
2025-05-24T01:51:41.312+05:30  INFO 9792 --- [customer-service] [restartedMain] com.netflix.discovery.DiscoveryClient    : Application version is -1: true
2025-05-24T01:51:41.312+05:30  INFO 9792 --- [customer-service] [restartedMain] com.netflix.discovery.DiscoveryClient    : Getting all instance registry info from the eureka server
2025-05-24T01:51:41.862+05:30  INFO 9792 --- [customer-service] [restartedMain] com.netflix.discovery.DiscoveryClient    : The response status is 200
2025-05-24T01:51:41.866+05:30  INFO 9792 --- [customer-service] [restartedMain] com.netflix.discovery.DiscoveryClient    : Starting heartbeat executor: renew interval is: 30
2025-05-24T01:51:41.869+05:30  INFO 9792 --- [customer-service] [restartedMain] c.n.discovery.InstanceInfoReplicator     : InstanceInfoReplicator onDemand update allowed rate per min is 4
2025-05-24T01:51:41.871+05:30  INFO 9792 --- [customer-service] [restartedMain] com.netflix.discovery.DiscoveryClient    : Discovery Client initialized at timestamp 1748031701870 with initial instances count: 3
2025-05-24T01:51:41.878+05:30  INFO 9792 --- [customer-service] [restartedMain] o.s.c.n.e.s.EurekaServiceRegistry        : Registering application CUSTOMER-SERVICE with eureka with status UP
2025-05-24T01:51:41.880+05:30  INFO 9792 --- [customer-service] [restartedMain] com.netflix.discovery.DiscoveryClient    : Saw local status change event StatusChangeEvent [timestamp=1748031701880, current=UP, previous=STARTING]
2025-05-24T01:51:41.883+05:30  INFO 9792 --- [customer-service] [DiscoveryClient-InstanceInfoReplicator-%d] com.netflix.discovery.DiscoveryClient    : DiscoveryClient_CUSTOMER-SERVICE/LAPTOP-RB5PEV1K:customer-service:7777: registering service...
2025-05-24T01:51:41.917+05:30  INFO 9792 --- [customer-service] [restartedMain] o.s.b.w.embedded.tomcat.TomcatWebServer  : Tomcat started on port 7777 (http) with context path '/'
2025-05-24T01:51:41.919+05:30  INFO 9792 --- [customer-service] [restartedMain] .s.c.n.e.s.EurekaAutoServiceRegistration : Updating port to 7777
2025-05-24T01:51:41.990+05:30  INFO 9792 --- [customer-service] [restartedMain] c.app.ClmsCustomerApiModuleApplication   : Started ClmsCustomerApiModuleApplication in 18.747 seconds (process running for 20.179)
2025-05-24T01:51:42.000+05:30  INFO 9792 --- [customer-service] [DiscoveryClient-InstanceInfoReplicator-%d] com.netflix.discovery.DiscoveryClient    : DiscoveryClient_CUSTOMER-SERVICE/LAPTOP-RB5PEV1K:customer-service:7777 - registration status: 204
2025-05-24T01:56:41.329+05:30  INFO 9792 --- [customer-service] [AsyncResolver-bootstrap-executor-%d] c.n.d.s.r.aws.ConfigClusterResolver      : Resolving eureka endpoints via configuration
2025-05-24T02:01:41.337+05:30  INFO 9792 --- [customer-service] [AsyncResolver-bootstrap-executor-%d] c.n.d.s.r.aws.ConfigClusterResolver      : Resolving eureka endpoints via configuration
2025-05-24T02:06:41.368+05:30  INFO 9792 --- [customer-service] [AsyncResolver-bootstrap-executor-%d] c.n.d.s.r.aws.ConfigClusterResolver      : Resolving eureka endpoints via configuration
2025-05-24T02:08:16.103+05:30  INFO 9792 --- [customer-service] [http-nio-7777-exec-1] o.a.c.c.C.[Tomcat].[localhost].[/]       : Initializing Spring DispatcherServlet 'dispatcherServlet'
2025-05-24T02:08:16.124+05:30  INFO 9792 --- [customer-service] [http-nio-7777-exec-1] o.s.web.servlet.DispatcherServlet        : Initializing Servlet 'dispatcherServlet'
2025-05-24T02:08:16.666+05:30  INFO 9792 --- [customer-service] [http-nio-7777-exec-1] o.s.web.servlet.DispatcherServlet        : Completed initialization in 542 ms
2025-05-24T02:10:45.973+05:30  INFO 9792 --- [customer-service] [http-nio-7777-exec-6] com.app.serviceImp.CustomerServiceImp    : Customer Details has been Updated Successfully...! : 1
2025-05-24T02:11:41.488+05:30  INFO 9792 --- [customer-service] [AsyncResolver-bootstrap-executor-%d] c.n.d.s.r.aws.ConfigClusterResolver      : Resolving eureka endpoints via configuration
2025-05-24T02:16:41.502+05:30  INFO 9792 --- [customer-service] [AsyncResolver-bootstrap-executor-%d] c.n.d.s.r.aws.ConfigClusterResolver      : Resolving eureka endpoints via configuration
2025-05-24T02:21:11.794+05:30  INFO 9792 --- [customer-service] [http-nio-7777-exec-1] com.app.serviceImp.CustomerServiceImp    : Customer Details has been Updated Successfully...! : 2
2025-05-24T02:21:41.511+05:30  INFO 9792 --- [customer-service] [AsyncResolver-bootstrap-executor-%d] c.n.d.s.r.aws.ConfigClusterResolver      : Resolving eureka endpoints via configuration
2025-05-24T02:26:41.519+05:30  INFO 9792 --- [customer-service] [AsyncResolver-bootstrap-executor-%d] c.n.d.s.r.aws.ConfigClusterResolver      : Resolving eureka endpoints via configuration
2025-05-24T02:25:50.635+05:30  WARN 9792 --- [customer-service] [DiscoveryClient-%d] c.netflix.discovery.TimedSupervisorTask  : task supervisor timed out

java.util.concurrent.TimeoutException: null
	at java.base/java.util.concurrent.FutureTask.get(FutureTask.java:204) ~[na:na]
	at com.netflix.discovery.TimedSupervisorTask.run(TimedSupervisorTask.java:65) ~[eureka-client-2.0.4.jar:2.0.4]
	at java.base/java.util.concurrent.Executors$RunnableAdapter.call(Executors.java:572) ~[na:na]
	at java.base/java.util.concurrent.FutureTask.run(FutureTask.java:317) ~[na:na]
	at java.base/java.util.concurrent.ScheduledThreadPoolExecutor$ScheduledFutureTask.run(ScheduledThreadPoolExecutor.java:304) ~[na:na]
	at java.base/java.util.concurrent.ThreadPoolExecutor.runWorker(ThreadPoolExecutor.java:1144) ~[na:na]
	at java.base/java.util.concurrent.ThreadPoolExecutor$Worker.run(ThreadPoolExecutor.java:642) ~[na:na]
	at java.base/java.lang.Thread.run(Thread.java:1583) ~[na:na]

2025-05-24T02:25:50.635+05:30  WARN 9792 --- [customer-service] [DiscoveryClient-%d] c.netflix.discovery.TimedSupervisorTask  : task supervisor timed out

java.util.concurrent.TimeoutException: null
	at java.base/java.util.concurrent.FutureTask.get(FutureTask.java:204) ~[na:na]
	at com.netflix.discovery.TimedSupervisorTask.run(TimedSupervisorTask.java:65) ~[eureka-client-2.0.4.jar:2.0.4]
	at java.base/java.util.concurrent.Executors$RunnableAdapter.call(Executors.java:572) ~[na:na]
	at java.base/java.util.concurrent.FutureTask.run(FutureTask.java:317) ~[na:na]
	at java.base/java.util.concurrent.ScheduledThreadPoolExecutor$ScheduledFutureTask.run(ScheduledThreadPoolExecutor.java:304) ~[na:na]
	at java.base/java.util.concurrent.ThreadPoolExecutor.runWorker(ThreadPoolExecutor.java:1144) ~[na:na]
	at java.base/java.util.concurrent.ThreadPoolExecutor$Worker.run(ThreadPoolExecutor.java:642) ~[na:na]
	at java.base/java.lang.Thread.run(Thread.java:1583) ~[na:na]

2025-05-24T02:27:48.767+05:30  INFO 9792 --- [customer-service] [http-nio-7777-exec-10] com.app.serviceImp.CustomerServiceImp    : Customer Details has been Updated Successfully...! : 3
2025-05-24T02:31:41.527+05:30  INFO 9792 --- [customer-service] [AsyncResolver-bootstrap-executor-%d] c.n.d.s.r.aws.ConfigClusterResolver      : Resolving eureka endpoints via configuration
2025-05-24T02:36:41.543+05:30  INFO 9792 --- [customer-service] [AsyncResolver-bootstrap-executor-%d] c.n.d.s.r.aws.ConfigClusterResolver      : Resolving eureka endpoints via configuration
2025-05-24T02:41:41.546+05:30  INFO 9792 --- [customer-service] [AsyncResolver-bootstrap-executor-%d] c.n.d.s.r.aws.ConfigClusterResolver      : Resolving eureka endpoints via configuration
2025-05-24T02:46:42.070+05:30  INFO 9792 --- [customer-service] [AsyncResolver-bootstrap-executor-%d] c.n.d.s.r.aws.ConfigClusterResolver      : Resolving eureka endpoints via configuration
2025-05-24T02:51:43.522+05:30  INFO 9792 --- [customer-service] [AsyncResolver-bootstrap-executor-%d] c.n.d.s.r.aws.ConfigClusterResolver      : Resolving eureka endpoints via configuration
2025-05-24T02:56:43.652+05:30  INFO 9792 --- [customer-service] [AsyncResolver-bootstrap-executor-%d] c.n.d.s.r.aws.ConfigClusterResolver      : Resolving eureka endpoints via configuration
2025-05-24T03:01:44.625+05:30  INFO 9792 --- [customer-service] [AsyncResolver-bootstrap-executor-%d] c.n.d.s.r.aws.ConfigClusterResolver      : Resolving eureka endpoints via configuration
2025-05-24T03:06:47.249+05:30  INFO 9792 --- [customer-service] [AsyncResolver-bootstrap-executor-%d] c.n.d.s.r.aws.ConfigClusterResolver      : Resolving eureka endpoints via configuration
2025-05-24T03:11:47.250+05:30  INFO 9792 --- [customer-service] [AsyncResolver-bootstrap-executor-%d] c.n.d.s.r.aws.ConfigClusterResolver      : Resolving eureka endpoints via configuration
2025-05-24T03:16:47.254+05:30  INFO 9792 --- [customer-service] [AsyncResolver-bootstrap-executor-%d] c.n.d.s.r.aws.ConfigClusterResolver      : Resolving eureka endpoints via configuration
2025-05-24T03:21:47.260+05:30  INFO 9792 --- [customer-service] [AsyncResolver-bootstrap-executor-%d] c.n.d.s.r.aws.ConfigClusterResolver      : Resolving eureka endpoints via configuration
2025-05-24T03:26:47.257+05:30  INFO 9792 --- [customer-service] [AsyncResolver-bootstrap-executor-%d] c.n.d.s.r.aws.ConfigClusterResolver      : Resolving eureka endpoints via configuration
2025-05-24T03:31:47.336+05:30  INFO 9792 --- [customer-service] [AsyncResolver-bootstrap-executor-%d] c.n.d.s.r.aws.ConfigClusterResolver      : Resolving eureka endpoints via configuration
2025-05-24T03:36:47.331+05:30  INFO 9792 --- [customer-service] [AsyncResolver-bootstrap-executor-%d] c.n.d.s.r.aws.ConfigClusterResolver      : Resolving eureka endpoints via configuration
2025-05-24T03:40:18.016+05:30  INFO 9792 --- [customer-service] [RMI TCP Connection(127)-127.0.0.1] inMXBeanRegistrar$SpringApplicationAdmin : Application shutdown requested.
2025-05-24T03:40:18.497+05:30  INFO 9792 --- [customer-service] [RMI TCP Connection(127)-127.0.0.1] o.s.c.n.e.s.EurekaServiceRegistry        : Unregistering application CUSTOMER-SERVICE with eureka with status DOWN
2025-05-24T03:40:18.548+05:30  INFO 9792 --- [customer-service] [RMI TCP Connection(127)-127.0.0.1] com.netflix.discovery.DiscoveryClient    : Saw local status change event StatusChangeEvent [timestamp=1748038218548, current=DOWN, previous=UP]
2025-05-24T03:40:18.549+05:30  INFO 9792 --- [customer-service] [DiscoveryClient-InstanceInfoReplicator-%d] com.netflix.discovery.DiscoveryClient    : DiscoveryClient_CUSTOMER-SERVICE/LAPTOP-RB5PEV1K:customer-service:7777: registering service...
2025-05-24T03:40:19.019+05:30  INFO 9792 --- [customer-service] [DiscoveryClient-InstanceInfoReplicator-%d] com.netflix.discovery.DiscoveryClient    : DiscoveryClient_CUSTOMER-SERVICE/LAPTOP-RB5PEV1K:customer-service:7777 - registration status: 204
2025-05-24T03:40:19.385+05:30  INFO 9792 --- [customer-service] [RMI TCP Connection(127)-127.0.0.1] o.s.b.w.e.tomcat.GracefulShutdown        : Commencing graceful shutdown. Waiting for active requests to complete
2025-05-24T03:40:19.713+05:30  INFO 9792 --- [customer-service] [tomcat-shutdown] o.s.b.w.e.tomcat.GracefulShutdown        : Graceful shutdown complete
2025-05-24T03:40:20.283+05:30  INFO 9792 --- [customer-service] [RMI TCP Connection(127)-127.0.0.1] j.LocalContainerEntityManagerFactoryBean : Closing JPA EntityManagerFactory for persistence unit 'default'
2025-05-24T03:40:20.958+05:30  INFO 9792 --- [customer-service] [RMI TCP Connection(127)-127.0.0.1] com.zaxxer.hikari.HikariDataSource       : HikariPool-1 - Shutdown initiated...
2025-05-24T03:40:21.335+05:30  INFO 9792 --- [customer-service] [RMI TCP Connection(127)-127.0.0.1] com.zaxxer.hikari.HikariDataSource       : HikariPool-1 - Shutdown completed.
2025-05-24T03:40:21.379+05:30  INFO 9792 --- [customer-service] [RMI TCP Connection(127)-127.0.0.1] com.netflix.discovery.DiscoveryClient    : Shutting down DiscoveryClient ...
2025-05-24T03:40:24.393+05:30  INFO 9792 --- [customer-service] [RMI TCP Connection(127)-127.0.0.1] com.netflix.discovery.DiscoveryClient    : Unregistering ...
2025-05-24T03:40:24.454+05:30  WARN 9792 --- [customer-service] [DiscoveryClient-%d] c.netflix.discovery.TimedSupervisorTask  : task supervisor shutting down, can't accept the task
2025-05-24T03:40:24.502+05:30  INFO 9792 --- [customer-service] [RMI TCP Connection(127)-127.0.0.1] com.netflix.discovery.DiscoveryClient    : DiscoveryClient_CUSTOMER-SERVICE/LAPTOP-RB5PEV1K:customer-service:7777 - deregister  status: 200
2025-05-24T03:40:24.551+05:30  INFO 9792 --- [customer-service] [RMI TCP Connection(127)-127.0.0.1] com.netflix.discovery.DiscoveryClient    : Completed shut down of DiscoveryClient
>>>>>>> branch 'master' of https://github.com/shubhamkrmahto/CarLoan_Customer.git
