2025-05-22T14:22:48.011+05:30  INFO 14376 --- [customer] [restartedMain] c.app.ClmsCustomerApiModuleApplication   : Starting ClmsCustomerApiModuleApplication using Java 17.0.8.1 with PID 14376 (C:\Users\Dell\git\CarLoan_Customer\CLMS-Customer-API-Module\target\classes started by Dell in C:\Users\Dell\git\CarLoan_Customer\CLMS-Customer-API-Module)
2025-05-22T14:22:48.011+05:30  INFO 14376 --- [customer] [restartedMain] c.app.ClmsCustomerApiModuleApplication   : No active profile set, falling back to 1 default profile: "default"
2025-05-22T14:22:48.194+05:30  INFO 14376 --- [customer] [restartedMain] .s.d.r.c.RepositoryConfigurationDelegate : Bootstrapping Spring Data JPA repositories in DEFAULT mode.
2025-05-22T14:22:48.204+05:30  INFO 14376 --- [customer] [restartedMain] .s.d.r.c.RepositoryConfigurationDelegate : Finished Spring Data repository scanning in 8 ms. Found 1 JPA repository interface.
2025-05-22T14:22:48.291+05:30  INFO 14376 --- [customer] [restartedMain] o.s.b.w.embedded.tomcat.TomcatWebServer  : Tomcat initialized with port 7777 (http)
2025-05-22T14:22:48.292+05:30  INFO 14376 --- [customer] [restartedMain] o.apache.catalina.core.StandardService   : Starting service [Tomcat]
2025-05-22T14:22:48.292+05:30  INFO 14376 --- [customer] [restartedMain] o.apache.catalina.core.StandardEngine    : Starting Servlet engine: [Apache Tomcat/10.1.40]
2025-05-22T14:22:48.309+05:30  INFO 14376 --- [customer] [restartedMain] o.a.c.c.C.[Tomcat].[localhost].[/]       : Initializing Spring embedded WebApplicationContext
2025-05-22T14:22:48.309+05:30  INFO 14376 --- [customer] [restartedMain] w.s.c.ServletWebServerApplicationContext : Root WebApplicationContext: initialization completed in 295 ms
2025-05-22T14:22:48.343+05:30  INFO 14376 --- [customer] [restartedMain] o.hibernate.jpa.internal.util.LogHelper  : HHH000204: Processing PersistenceUnitInfo [name: default]
2025-05-22T14:22:48.345+05:30  INFO 14376 --- [customer] [restartedMain] o.h.c.internal.RegionFactoryInitiator    : HHH000026: Second-level cache disabled
2025-05-22T14:22:48.356+05:30  INFO 14376 --- [customer] [restartedMain] o.s.o.j.p.SpringPersistenceUnitInfo      : No LoadTimeWeaver setup: ignoring JPA class transformer
2025-05-22T14:22:48.357+05:30  INFO 14376 --- [customer] [restartedMain] com.zaxxer.hikari.HikariDataSource       : HikariPool-2 - Starting...
2025-05-22T14:22:48.371+05:30  INFO 14376 --- [customer] [restartedMain] com.zaxxer.hikari.pool.HikariPool        : HikariPool-2 - Added connection com.mysql.cj.jdbc.ConnectionImpl@450aaa5c
2025-05-22T14:22:48.371+05:30  INFO 14376 --- [customer] [restartedMain] com.zaxxer.hikari.HikariDataSource       : HikariPool-2 - Start completed.
2025-05-22T14:22:48.373+05:30  WARN 14376 --- [customer] [restartedMain] org.hibernate.orm.deprecation            : HHH90000025: MySQLDialect does not need to be specified explicitly using 'hibernate.dialect' (remove the property setting and it will be selected by default)
2025-05-22T14:22:48.373+05:30  INFO 14376 --- [customer] [restartedMain] org.hibernate.orm.connections.pooling    : HHH10001005: Database info:
	Database JDBC URL [Connecting through datasource 'HikariDataSource (HikariPool-2)']
	Database driver: undefined/unknown
	Database version: 8.0.37
	Autocommit mode: undefined/unknown
	Isolation level: undefined/unknown
	Minimum pool size: undefined/unknown
	Maximum pool size: undefined/unknown
2025-05-22T14:22:48.480+05:30  INFO 14376 --- [customer] [restartedMain] o.h.e.t.j.p.i.JtaPlatformInitiator       : HHH000489: No JTA platform available (set 'hibernate.transaction.jta.platform' to enable JTA platform integration)
2025-05-22T14:22:48.525+05:30  INFO 14376 --- [customer] [restartedMain] j.LocalContainerEntityManagerFactoryBean : Initialized JPA EntityManagerFactory for persistence unit 'default'
2025-05-22T14:22:48.628+05:30  WARN 14376 --- [customer] [restartedMain] JpaBaseConfiguration$JpaWebConfiguration : spring.jpa.open-in-view is enabled by default. Therefore, database queries may be performed during view rendering. Explicitly configure spring.jpa.open-in-view to disable this warning
2025-05-22T14:22:48.642+05:30  INFO 14376 --- [customer] [restartedMain] o.s.v.b.OptionalValidatorFactoryBean     : Failed to set up a Bean Validation provider: jakarta.validation.NoProviderFoundException: Unable to create a Configuration, because no Jakarta Bean Validation provider could be found. Add a provider like Hibernate Validator (RI) to your classpath.
2025-05-22T14:22:48.811+05:30  INFO 14376 --- [customer] [restartedMain] o.s.b.d.a.OptionalLiveReloadServer       : LiveReload server is running on port 35729
2025-05-22T14:22:48.836+05:30  INFO 14376 --- [customer] [restartedMain] o.s.b.w.embedded.tomcat.TomcatWebServer  : Tomcat started on port 7777 (http) with context path '/'
2025-05-22T14:22:48.845+05:30  INFO 14376 --- [customer] [restartedMain] c.app.ClmsCustomerApiModuleApplication   : Started ClmsCustomerApiModuleApplication in 0.86 seconds (process running for 438.878)
2025-05-22T14:22:48.848+05:30  INFO 14376 --- [customer] [restartedMain] .ConditionEvaluationDeltaLoggingListener : Condition evaluation unchanged
2025-05-22T14:24:53.161+05:30  INFO 14376 --- [customer] [File Watcher] rtingClassPathChangeChangedEventListener : Restarting due to 1 class path change (0 additions, 0 deletions, 1 modification)
2025-05-22T14:24:53.164+05:30  INFO 14376 --- [customer] [Thread-7] o.s.b.w.e.tomcat.GracefulShutdown        : Commencing graceful shutdown. Waiting for active requests to complete
2025-05-22T14:24:53.243+05:30  INFO 14376 --- [customer] [tomcat-shutdown] o.s.b.w.e.tomcat.GracefulShutdown        : Graceful shutdown complete
2025-05-22T14:24:53.252+05:30  INFO 14376 --- [customer] [Thread-7] j.LocalContainerEntityManagerFactoryBean : Closing JPA EntityManagerFactory for persistence unit 'default'
2025-05-22T14:24:53.253+05:30  INFO 14376 --- [customer] [Thread-7] com.zaxxer.hikari.HikariDataSource       : HikariPool-2 - Shutdown initiated...
2025-05-22T14:24:53.276+05:30  INFO 14376 --- [customer] [Thread-7] com.zaxxer.hikari.HikariDataSource       : HikariPool-2 - Shutdown completed.
2025-05-22T14:24:53.452+05:30  INFO 14376 --- [customer] [restartedMain] c.app.ClmsCustomerApiModuleApplication   : Starting ClmsCustomerApiModuleApplication using Java 17.0.8.1 with PID 14376 (C:\Users\Dell\git\CarLoan_Customer\CLMS-Customer-API-Module\target\classes started by Dell in C:\Users\Dell\git\CarLoan_Customer\CLMS-Customer-API-Module)
2025-05-22T14:24:53.454+05:30  INFO 14376 --- [customer] [restartedMain] c.app.ClmsCustomerApiModuleApplication   : No active profile set, falling back to 1 default profile: "default"
2025-05-22T14:24:54.029+05:30  INFO 14376 --- [customer] [restartedMain] .s.d.r.c.RepositoryConfigurationDelegate : Bootstrapping Spring Data JPA repositories in DEFAULT mode.
2025-05-22T14:24:54.039+05:30  INFO 14376 --- [customer] [restartedMain] .s.d.r.c.RepositoryConfigurationDelegate : Finished Spring Data repository scanning in 7 ms. Found 1 JPA repository interface.
2025-05-22T14:24:54.110+05:30  INFO 14376 --- [customer] [restartedMain] o.s.b.w.embedded.tomcat.TomcatWebServer  : Tomcat initialized with port 7777 (http)
2025-05-22T14:24:54.110+05:30  INFO 14376 --- [customer] [restartedMain] o.apache.catalina.core.StandardService   : Starting service [Tomcat]
2025-05-22T14:24:54.111+05:30  INFO 14376 --- [customer] [restartedMain] o.apache.catalina.core.StandardEngine    : Starting Servlet engine: [Apache Tomcat/10.1.40]
2025-05-22T14:24:54.125+05:30  INFO 14376 --- [customer] [restartedMain] o.a.c.c.C.[Tomcat].[localhost].[/]       : Initializing Spring embedded WebApplicationContext
2025-05-22T14:24:54.125+05:30  INFO 14376 --- [customer] [restartedMain] w.s.c.ServletWebServerApplicationContext : Root WebApplicationContext: initialization completed in 666 ms
2025-05-22T14:24:54.153+05:30  INFO 14376 --- [customer] [restartedMain] o.hibernate.jpa.internal.util.LogHelper  : HHH000204: Processing PersistenceUnitInfo [name: default]
2025-05-22T14:24:54.155+05:30  INFO 14376 --- [customer] [restartedMain] o.h.c.internal.RegionFactoryInitiator    : HHH000026: Second-level cache disabled
2025-05-22T14:24:54.167+05:30  INFO 14376 --- [customer] [restartedMain] o.s.o.j.p.SpringPersistenceUnitInfo      : No LoadTimeWeaver setup: ignoring JPA class transformer
2025-05-22T14:24:54.168+05:30  INFO 14376 --- [customer] [restartedMain] com.zaxxer.hikari.HikariDataSource       : HikariPool-3 - Starting...
2025-05-22T14:24:54.180+05:30  INFO 14376 --- [customer] [restartedMain] com.zaxxer.hikari.pool.HikariPool        : HikariPool-3 - Added connection com.mysql.cj.jdbc.ConnectionImpl@15e31560
2025-05-22T14:24:54.180+05:30  INFO 14376 --- [customer] [restartedMain] com.zaxxer.hikari.HikariDataSource       : HikariPool-3 - Start completed.
2025-05-22T14:24:54.182+05:30  WARN 14376 --- [customer] [restartedMain] org.hibernate.orm.deprecation            : HHH90000025: MySQLDialect does not need to be specified explicitly using 'hibernate.dialect' (remove the property setting and it will be selected by default)
2025-05-22T14:24:54.182+05:30  INFO 14376 --- [customer] [restartedMain] org.hibernate.orm.connections.pooling    : HHH10001005: Database info:
	Database JDBC URL [Connecting through datasource 'HikariDataSource (HikariPool-3)']
	Database driver: undefined/unknown
	Database version: 8.0.37
	Autocommit mode: undefined/unknown
	Isolation level: undefined/unknown
	Minimum pool size: undefined/unknown
	Maximum pool size: undefined/unknown
2025-05-22T14:24:54.273+05:30  INFO 14376 --- [customer] [restartedMain] o.h.e.t.j.p.i.JtaPlatformInitiator       : HHH000489: No JTA platform available (set 'hibernate.transaction.jta.platform' to enable JTA platform integration)
2025-05-22T14:24:54.310+05:30  INFO 14376 --- [customer] [restartedMain] j.LocalContainerEntityManagerFactoryBean : Initialized JPA EntityManagerFactory for persistence unit 'default'
2025-05-22T14:24:54.320+05:30  WARN 14376 --- [customer] [restartedMain] ConfigServletWebServerApplicationContext : Exception encountered during context initialization - cancelling refresh attempt: org.springframework.beans.factory.UnsatisfiedDependencyException: Error creating bean with name 'customerController': Unsatisfied dependency expressed through field 'cs': Error creating bean with name 'customerServiceImp' defined in file [C:\Users\Dell\git\CarLoan_Customer\CLMS-Customer-API-Module\target\classes\com\app\serviceImp\CustomerServiceImp.class]: Failed to instantiate [com.app.serviceImp.CustomerServiceImp]: Constructor threw exception
2025-05-22T14:24:54.320+05:30  INFO 14376 --- [customer] [restartedMain] j.LocalContainerEntityManagerFactoryBean : Closing JPA EntityManagerFactory for persistence unit 'default'
2025-05-22T14:24:54.321+05:30  INFO 14376 --- [customer] [restartedMain] com.zaxxer.hikari.HikariDataSource       : HikariPool-3 - Shutdown initiated...
2025-05-22T14:24:54.342+05:30  INFO 14376 --- [customer] [restartedMain] com.zaxxer.hikari.HikariDataSource       : HikariPool-3 - Shutdown completed.
2025-05-22T14:24:54.343+05:30  INFO 14376 --- [customer] [restartedMain] o.apache.catalina.core.StandardService   : Stopping service [Tomcat]
2025-05-22T14:24:54.351+05:30  INFO 14376 --- [customer] [restartedMain] .s.b.a.l.ConditionEvaluationReportLogger : 

Error starting ApplicationContext. To display the condition evaluation report re-run your application with 'debug' enabled.
2025-05-22T14:24:54.371+05:30 ERROR 14376 --- [customer] [restartedMain] o.s.boot.SpringApplication               : Application run failed

org.springframework.beans.factory.UnsatisfiedDependencyException: Error creating bean with name 'customerController': Unsatisfied dependency expressed through field 'cs': Error creating bean with name 'customerServiceImp' defined in file [C:\Users\Dell\git\CarLoan_Customer\CLMS-Customer-API-Module\target\classes\com\app\serviceImp\CustomerServiceImp.class]: Failed to instantiate [com.app.serviceImp.CustomerServiceImp]: Constructor threw exception
	at org.springframework.beans.factory.annotation.AutowiredAnnotationBeanPostProcessor$AutowiredFieldElement.resolveFieldValue(AutowiredAnnotationBeanPostProcessor.java:788) ~[spring-beans-6.2.6.jar:6.2.6]
	at org.springframework.beans.factory.annotation.AutowiredAnnotationBeanPostProcessor$AutowiredFieldElement.inject(AutowiredAnnotationBeanPostProcessor.java:768) ~[spring-beans-6.2.6.jar:6.2.6]
	at org.springframework.beans.factory.annotation.InjectionMetadata.inject(InjectionMetadata.java:146) ~[spring-beans-6.2.6.jar:6.2.6]
	at org.springframework.beans.factory.annotation.AutowiredAnnotationBeanPostProcessor.postProcessProperties(AutowiredAnnotationBeanPostProcessor.java:509) ~[spring-beans-6.2.6.jar:6.2.6]
	at org.springframework.beans.factory.support.AbstractAutowireCapableBeanFactory.populateBean(AbstractAutowireCapableBeanFactory.java:1451) ~[spring-beans-6.2.6.jar:6.2.6]
	at org.springframework.beans.factory.support.AbstractAutowireCapableBeanFactory.doCreateBean(AbstractAutowireCapableBeanFactory.java:606) ~[spring-beans-6.2.6.jar:6.2.6]
	at org.springframework.beans.factory.support.AbstractAutowireCapableBeanFactory.createBean(AbstractAutowireCapableBeanFactory.java:529) ~[spring-beans-6.2.6.jar:6.2.6]
	at org.springframework.beans.factory.support.AbstractBeanFactory.lambda$doGetBean$0(AbstractBeanFactory.java:339) ~[spring-beans-6.2.6.jar:6.2.6]
	at org.springframework.beans.factory.support.DefaultSingletonBeanRegistry.getSingleton(DefaultSingletonBeanRegistry.java:371) ~[spring-beans-6.2.6.jar:6.2.6]
	at org.springframework.beans.factory.support.AbstractBeanFactory.doGetBean(AbstractBeanFactory.java:337) ~[spring-beans-6.2.6.jar:6.2.6]
	at org.springframework.beans.factory.support.AbstractBeanFactory.getBean(AbstractBeanFactory.java:202) ~[spring-beans-6.2.6.jar:6.2.6]
	at org.springframework.beans.factory.support.DefaultListableBeanFactory.instantiateSingleton(DefaultListableBeanFactory.java:1221) ~[spring-beans-6.2.6.jar:6.2.6]
	at org.springframework.beans.factory.support.DefaultListableBeanFactory.preInstantiateSingleton(DefaultListableBeanFactory.java:1187) ~[spring-beans-6.2.6.jar:6.2.6]
	at org.springframework.beans.factory.support.DefaultListableBeanFactory.preInstantiateSingletons(DefaultListableBeanFactory.java:1122) ~[spring-beans-6.2.6.jar:6.2.6]
	at org.springframework.context.support.AbstractApplicationContext.finishBeanFactoryInitialization(AbstractApplicationContext.java:987) ~[spring-context-6.2.6.jar:6.2.6]
	at org.springframework.context.support.AbstractApplicationContext.refresh(AbstractApplicationContext.java:627) ~[spring-context-6.2.6.jar:6.2.6]
	at org.springframework.boot.web.servlet.context.ServletWebServerApplicationContext.refresh(ServletWebServerApplicationContext.java:146) ~[spring-boot-3.4.5.jar:3.4.5]
	at org.springframework.boot.SpringApplication.refresh(SpringApplication.java:753) ~[spring-boot-3.4.5.jar:3.4.5]
	at org.springframework.boot.SpringApplication.refreshContext(SpringApplication.java:439) ~[spring-boot-3.4.5.jar:3.4.5]
	at org.springframework.boot.SpringApplication.run(SpringApplication.java:318) ~[spring-boot-3.4.5.jar:3.4.5]
	at org.springframework.boot.SpringApplication.run(SpringApplication.java:1362) ~[spring-boot-3.4.5.jar:3.4.5]
	at org.springframework.boot.SpringApplication.run(SpringApplication.java:1351) ~[spring-boot-3.4.5.jar:3.4.5]
	at com.app.ClmsCustomerApiModuleApplication.main(ClmsCustomerApiModuleApplication.java:10) ~[classes/:na]
	at java.base/jdk.internal.reflect.NativeMethodAccessorImpl.invoke0(Native Method) ~[na:na]
	at java.base/jdk.internal.reflect.NativeMethodAccessorImpl.invoke(NativeMethodAccessorImpl.java:77) ~[na:na]
	at java.base/jdk.internal.reflect.DelegatingMethodAccessorImpl.invoke(DelegatingMethodAccessorImpl.java:43) ~[na:na]
	at java.base/java.lang.reflect.Method.invoke(Method.java:568) ~[na:na]
	at org.springframework.boot.devtools.restart.RestartLauncher.run(RestartLauncher.java:50) ~[spring-boot-devtools-3.4.5.jar:3.4.5]
Caused by: org.springframework.beans.factory.BeanCreationException: Error creating bean with name 'customerServiceImp' defined in file [C:\Users\Dell\git\CarLoan_Customer\CLMS-Customer-API-Module\target\classes\com\app\serviceImp\CustomerServiceImp.class]: Failed to instantiate [com.app.serviceImp.CustomerServiceImp]: Constructor threw exception
	at org.springframework.beans.factory.support.AbstractAutowireCapableBeanFactory.instantiateBean(AbstractAutowireCapableBeanFactory.java:1349) ~[spring-beans-6.2.6.jar:6.2.6]
	at org.springframework.beans.factory.support.AbstractAutowireCapableBeanFactory.createBeanInstance(AbstractAutowireCapableBeanFactory.java:1234) ~[spring-beans-6.2.6.jar:6.2.6]
	at org.springframework.beans.factory.support.AbstractAutowireCapableBeanFactory.doCreateBean(AbstractAutowireCapableBeanFactory.java:569) ~[spring-beans-6.2.6.jar:6.2.6]
	at org.springframework.beans.factory.support.AbstractAutowireCapableBeanFactory.createBean(AbstractAutowireCapableBeanFactory.java:529) ~[spring-beans-6.2.6.jar:6.2.6]
	at org.springframework.beans.factory.support.AbstractBeanFactory.lambda$doGetBean$0(AbstractBeanFactory.java:339) ~[spring-beans-6.2.6.jar:6.2.6]
	at org.springframework.beans.factory.support.DefaultSingletonBeanRegistry.getSingleton(DefaultSingletonBeanRegistry.java:371) ~[spring-beans-6.2.6.jar:6.2.6]
	at org.springframework.beans.factory.support.AbstractBeanFactory.doGetBean(AbstractBeanFactory.java:337) ~[spring-beans-6.2.6.jar:6.2.6]
	at org.springframework.beans.factory.support.AbstractBeanFactory.getBean(AbstractBeanFactory.java:202) ~[spring-beans-6.2.6.jar:6.2.6]
	at org.springframework.beans.factory.config.DependencyDescriptor.resolveCandidate(DependencyDescriptor.java:254) ~[spring-beans-6.2.6.jar:6.2.6]
	at org.springframework.beans.factory.support.DefaultListableBeanFactory.doResolveDependency(DefaultListableBeanFactory.java:1739) ~[spring-beans-6.2.6.jar:6.2.6]
	at org.springframework.beans.factory.support.DefaultListableBeanFactory.resolveDependency(DefaultListableBeanFactory.java:1627) ~[spring-beans-6.2.6.jar:6.2.6]
	at org.springframework.beans.factory.annotation.AutowiredAnnotationBeanPostProcessor$AutowiredFieldElement.resolveFieldValue(AutowiredAnnotationBeanPostProcessor.java:785) ~[spring-beans-6.2.6.jar:6.2.6]
	... 27 common frames omitted
Caused by: org.springframework.beans.BeanInstantiationException: Failed to instantiate [com.app.serviceImp.CustomerServiceImp]: Constructor threw exception
	at org.springframework.beans.BeanUtils.instantiateClass(BeanUtils.java:222) ~[spring-beans-6.2.6.jar:6.2.6]
	at org.springframework.beans.factory.support.SimpleInstantiationStrategy.instantiate(SimpleInstantiationStrategy.java:122) ~[spring-beans-6.2.6.jar:6.2.6]
	at org.springframework.beans.factory.support.AbstractAutowireCapableBeanFactory.instantiateBean(AbstractAutowireCapableBeanFactory.java:1343) ~[spring-beans-6.2.6.jar:6.2.6]
	... 38 common frames omitted
Caused by: java.lang.Error: Unresolved compilation problem: 
	Logger cannot be resolved to a type

	at com.app.serviceImp.CustomerServiceImp.<init>(CustomerServiceImp.java:24) ~[classes/:na]
	at java.base/jdk.internal.reflect.NativeConstructorAccessorImpl.newInstance0(Native Method) ~[na:na]
	at java.base/jdk.internal.reflect.NativeConstructorAccessorImpl.newInstance(NativeConstructorAccessorImpl.java:77) ~[na:na]
	at java.base/jdk.internal.reflect.DelegatingConstructorAccessorImpl.newInstance(DelegatingConstructorAccessorImpl.java:45) ~[na:na]
	at java.base/java.lang.reflect.Constructor.newInstanceWithCaller(Constructor.java:499) ~[na:na]
	at java.base/java.lang.reflect.Constructor.newInstance(Constructor.java:480) ~[na:na]
	at org.springframework.beans.BeanUtils.instantiateClass(BeanUtils.java:196) ~[spring-beans-6.2.6.jar:6.2.6]
	... 40 common frames omitted

2025-05-22T14:24:58.102+05:30  INFO 14376 --- [customer] [restartedMain] c.app.ClmsCustomerApiModuleApplication   : Starting ClmsCustomerApiModuleApplication using Java 17.0.8.1 with PID 14376 (C:\Users\Dell\git\CarLoan_Customer\CLMS-Customer-API-Module\target\classes started by Dell in C:\Users\Dell\git\CarLoan_Customer\CLMS-Customer-API-Module)
2025-05-22T14:24:58.102+05:30  INFO 14376 --- [customer] [restartedMain] c.app.ClmsCustomerApiModuleApplication   : No active profile set, falling back to 1 default profile: "default"
2025-05-22T14:24:58.323+05:30  INFO 14376 --- [customer] [restartedMain] .s.d.r.c.RepositoryConfigurationDelegate : Bootstrapping Spring Data JPA repositories in DEFAULT mode.
2025-05-22T14:24:58.337+05:30  INFO 14376 --- [customer] [restartedMain] .s.d.r.c.RepositoryConfigurationDelegate : Finished Spring Data repository scanning in 5 ms. Found 1 JPA repository interface.
2025-05-22T14:24:58.401+05:30  INFO 14376 --- [customer] [restartedMain] o.s.b.w.embedded.tomcat.TomcatWebServer  : Tomcat initialized with port 7777 (http)
2025-05-22T14:24:58.403+05:30  INFO 14376 --- [customer] [restartedMain] o.apache.catalina.core.StandardService   : Starting service [Tomcat]
2025-05-22T14:24:58.404+05:30  INFO 14376 --- [customer] [restartedMain] o.apache.catalina.core.StandardEngine    : Starting Servlet engine: [Apache Tomcat/10.1.40]
2025-05-22T14:24:58.419+05:30  INFO 14376 --- [customer] [restartedMain] o.a.c.c.C.[Tomcat-1].[localhost].[/]     : Initializing Spring embedded WebApplicationContext
2025-05-22T14:24:58.419+05:30  INFO 14376 --- [customer] [restartedMain] w.s.c.ServletWebServerApplicationContext : Root WebApplicationContext: initialization completed in 312 ms
2025-05-22T14:24:58.447+05:30  INFO 14376 --- [customer] [restartedMain] o.hibernate.jpa.internal.util.LogHelper  : HHH000204: Processing PersistenceUnitInfo [name: default]
2025-05-22T14:24:58.449+05:30  INFO 14376 --- [customer] [restartedMain] o.h.c.internal.RegionFactoryInitiator    : HHH000026: Second-level cache disabled
2025-05-22T14:24:58.461+05:30  INFO 14376 --- [customer] [restartedMain] o.s.o.j.p.SpringPersistenceUnitInfo      : No LoadTimeWeaver setup: ignoring JPA class transformer
2025-05-22T14:24:58.462+05:30  INFO 14376 --- [customer] [restartedMain] com.zaxxer.hikari.HikariDataSource       : HikariPool-4 - Starting...
2025-05-22T14:24:58.474+05:30  INFO 14376 --- [customer] [restartedMain] com.zaxxer.hikari.pool.HikariPool        : HikariPool-4 - Added connection com.mysql.cj.jdbc.ConnectionImpl@1b92cf0e
2025-05-22T14:24:58.474+05:30  INFO 14376 --- [customer] [restartedMain] com.zaxxer.hikari.HikariDataSource       : HikariPool-4 - Start completed.
2025-05-22T14:24:58.476+05:30  WARN 14376 --- [customer] [restartedMain] org.hibernate.orm.deprecation            : HHH90000025: MySQLDialect does not need to be specified explicitly using 'hibernate.dialect' (remove the property setting and it will be selected by default)
2025-05-22T14:24:58.476+05:30  INFO 14376 --- [customer] [restartedMain] org.hibernate.orm.connections.pooling    : HHH10001005: Database info:
	Database JDBC URL [Connecting through datasource 'HikariDataSource (HikariPool-4)']
	Database driver: undefined/unknown
	Database version: 8.0.37
	Autocommit mode: undefined/unknown
	Isolation level: undefined/unknown
	Minimum pool size: undefined/unknown
	Maximum pool size: undefined/unknown
2025-05-22T14:24:58.544+05:30  INFO 14376 --- [customer] [restartedMain] o.h.e.t.j.p.i.JtaPlatformInitiator       : HHH000489: No JTA platform available (set 'hibernate.transaction.jta.platform' to enable JTA platform integration)
2025-05-22T14:24:58.570+05:30  INFO 14376 --- [customer] [restartedMain] j.LocalContainerEntityManagerFactoryBean : Initialized JPA EntityManagerFactory for persistence unit 'default'
2025-05-22T14:24:58.657+05:30  WARN 14376 --- [customer] [restartedMain] JpaBaseConfiguration$JpaWebConfiguration : spring.jpa.open-in-view is enabled by default. Therefore, database queries may be performed during view rendering. Explicitly configure spring.jpa.open-in-view to disable this warning
2025-05-22T14:24:58.669+05:30  INFO 14376 --- [customer] [restartedMain] o.s.v.b.OptionalValidatorFactoryBean     : Failed to set up a Bean Validation provider: jakarta.validation.NoProviderFoundException: Unable to create a Configuration, because no Jakarta Bean Validation provider could be found. Add a provider like Hibernate Validator (RI) to your classpath.
2025-05-22T14:24:58.780+05:30  INFO 14376 --- [customer] [restartedMain] o.s.b.d.a.OptionalLiveReloadServer       : LiveReload server is running on port 35729
2025-05-22T14:24:58.794+05:30  INFO 14376 --- [customer] [restartedMain] o.s.b.w.embedded.tomcat.TomcatWebServer  : Tomcat started on port 7777 (http) with context path '/'
2025-05-22T14:24:58.798+05:30  INFO 14376 --- [customer] [restartedMain] c.app.ClmsCustomerApiModuleApplication   : Started ClmsCustomerApiModuleApplication in 0.798 seconds (process running for 568.831)
2025-05-22T14:24:58.800+05:30  INFO 14376 --- [customer] [restartedMain] .ConditionEvaluationDeltaLoggingListener : Condition evaluation unchanged
2025-05-22T14:26:58.057+05:30  INFO 14376 --- [customer] [http-nio-7777-exec-2] o.a.c.c.C.[Tomcat-1].[localhost].[/]     : Initializing Spring DispatcherServlet 'dispatcherServlet'
2025-05-22T14:26:58.057+05:30  INFO 14376 --- [customer] [http-nio-7777-exec-2] o.s.web.servlet.DispatcherServlet        : Initializing Servlet 'dispatcherServlet'
2025-05-22T14:26:58.059+05:30  INFO 14376 --- [customer] [http-nio-7777-exec-2] o.s.web.servlet.DispatcherServlet        : Completed initialization in 2 ms
2025-05-22T14:27:30.975+05:30  INFO 14376 --- [customer] [RMI TCP Connection(15)-127.0.0.1] inMXBeanRegistrar$SpringApplicationAdmin : Application shutdown requested.
2025-05-22T14:27:30.976+05:30  INFO 14376 --- [customer] [RMI TCP Connection(15)-127.0.0.1] o.s.b.w.e.tomcat.GracefulShutdown        : Commencing graceful shutdown. Waiting for active requests to complete
2025-05-22T14:27:31.019+05:30  INFO 14376 --- [customer] [tomcat-shutdown] o.s.b.w.e.tomcat.GracefulShutdown        : Graceful shutdown complete
2025-05-22T14:27:31.021+05:30  INFO 14376 --- [customer] [RMI TCP Connection(15)-127.0.0.1] j.LocalContainerEntityManagerFactoryBean : Closing JPA EntityManagerFactory for persistence unit 'default'
2025-05-22T14:27:31.022+05:30  INFO 14376 --- [customer] [RMI TCP Connection(15)-127.0.0.1] com.zaxxer.hikari.HikariDataSource       : HikariPool-4 - Shutdown initiated...
2025-05-22T14:27:31.026+05:30  INFO 14376 --- [customer] [RMI TCP Connection(15)-127.0.0.1] com.zaxxer.hikari.HikariDataSource       : HikariPool-4 - Shutdown completed.
2025-05-22T14:27:33.834+05:30  INFO 3172 --- [customer] [restartedMain] c.app.ClmsCustomerApiModuleApplication   : Starting ClmsCustomerApiModuleApplication using Java 17.0.8.1 with PID 3172 (C:\Users\Dell\git\CarLoan_Customer\CLMS-Customer-API-Module\target\classes started by Dell in C:\Users\Dell\git\CarLoan_Customer\CLMS-Customer-API-Module)
2025-05-22T14:27:33.837+05:30  INFO 3172 --- [customer] [restartedMain] c.app.ClmsCustomerApiModuleApplication   : No active profile set, falling back to 1 default profile: "default"
2025-05-22T14:27:33.901+05:30  INFO 3172 --- [customer] [restartedMain] .e.DevToolsPropertyDefaultsPostProcessor : Devtools property defaults active! Set 'spring.devtools.add-properties' to 'false' to disable
2025-05-22T14:27:33.902+05:30  INFO 3172 --- [customer] [restartedMain] .e.DevToolsPropertyDefaultsPostProcessor : For additional web related logging consider setting the 'logging.level.web' property to 'DEBUG'
2025-05-22T14:27:34.684+05:30  INFO 3172 --- [customer] [restartedMain] .s.d.r.c.RepositoryConfigurationDelegate : Bootstrapping Spring Data JPA repositories in DEFAULT mode.
2025-05-22T14:27:34.743+05:30  INFO 3172 --- [customer] [restartedMain] .s.d.r.c.RepositoryConfigurationDelegate : Finished Spring Data repository scanning in 47 ms. Found 1 JPA repository interface.
2025-05-22T14:27:35.219+05:30  INFO 3172 --- [customer] [restartedMain] o.s.b.w.embedded.tomcat.TomcatWebServer  : Tomcat initialized with port 7777 (http)
2025-05-22T14:27:35.235+05:30  INFO 3172 --- [customer] [restartedMain] o.apache.catalina.core.StandardService   : Starting service [Tomcat]
2025-05-22T14:27:35.235+05:30  INFO 3172 --- [customer] [restartedMain] o.apache.catalina.core.StandardEngine    : Starting Servlet engine: [Apache Tomcat/10.1.40]
2025-05-22T14:27:35.290+05:30  INFO 3172 --- [customer] [restartedMain] o.a.c.c.C.[Tomcat].[localhost].[/]       : Initializing Spring embedded WebApplicationContext
2025-05-22T14:27:35.290+05:30  INFO 3172 --- [customer] [restartedMain] w.s.c.ServletWebServerApplicationContext : Root WebApplicationContext: initialization completed in 1388 ms
2025-05-22T14:27:35.455+05:30  INFO 3172 --- [customer] [restartedMain] o.hibernate.jpa.internal.util.LogHelper  : HHH000204: Processing PersistenceUnitInfo [name: default]
2025-05-22T14:27:35.507+05:30  INFO 3172 --- [customer] [restartedMain] org.hibernate.Version                    : HHH000412: Hibernate ORM core version 6.6.13.Final
2025-05-22T14:27:35.545+05:30  INFO 3172 --- [customer] [restartedMain] o.h.c.internal.RegionFactoryInitiator    : HHH000026: Second-level cache disabled
2025-05-22T14:27:35.826+05:30  INFO 3172 --- [customer] [restartedMain] o.s.o.j.p.SpringPersistenceUnitInfo      : No LoadTimeWeaver setup: ignoring JPA class transformer
2025-05-22T14:27:35.865+05:30  INFO 3172 --- [customer] [restartedMain] com.zaxxer.hikari.HikariDataSource       : HikariPool-1 - Starting...
2025-05-22T14:27:36.190+05:30  INFO 3172 --- [customer] [restartedMain] com.zaxxer.hikari.pool.HikariPool        : HikariPool-1 - Added connection com.mysql.cj.jdbc.ConnectionImpl@50f0121a
2025-05-22T14:27:36.193+05:30  INFO 3172 --- [customer] [restartedMain] com.zaxxer.hikari.HikariDataSource       : HikariPool-1 - Start completed.
2025-05-22T14:27:36.256+05:30  WARN 3172 --- [customer] [restartedMain] org.hibernate.orm.deprecation            : HHH90000025: MySQLDialect does not need to be specified explicitly using 'hibernate.dialect' (remove the property setting and it will be selected by default)
2025-05-22T14:27:36.277+05:30  INFO 3172 --- [customer] [restartedMain] org.hibernate.orm.connections.pooling    : HHH10001005: Database info:
	Database JDBC URL [Connecting through datasource 'HikariDataSource (HikariPool-1)']
	Database driver: undefined/unknown
	Database version: 8.0.37
	Autocommit mode: undefined/unknown
	Isolation level: undefined/unknown
	Minimum pool size: undefined/unknown
	Maximum pool size: undefined/unknown
2025-05-22T14:27:37.267+05:30  INFO 3172 --- [customer] [restartedMain] o.h.e.t.j.p.i.JtaPlatformInitiator       : HHH000489: No JTA platform available (set 'hibernate.transaction.jta.platform' to enable JTA platform integration)
2025-05-22T14:27:37.348+05:30  INFO 3172 --- [customer] [restartedMain] j.LocalContainerEntityManagerFactoryBean : Initialized JPA EntityManagerFactory for persistence unit 'default'
2025-05-22T14:27:37.758+05:30  WARN 3172 --- [customer] [restartedMain] JpaBaseConfiguration$JpaWebConfiguration : spring.jpa.open-in-view is enabled by default. Therefore, database queries may be performed during view rendering. Explicitly configure spring.jpa.open-in-view to disable this warning
2025-05-22T14:27:37.804+05:30  INFO 3172 --- [customer] [restartedMain] o.s.v.b.OptionalValidatorFactoryBean     : Failed to set up a Bean Validation provider: jakarta.validation.NoProviderFoundException: Unable to create a Configuration, because no Jakarta Bean Validation provider could be found. Add a provider like Hibernate Validator (RI) to your classpath.
2025-05-22T14:27:38.203+05:30  INFO 3172 --- [customer] [restartedMain] o.s.b.d.a.OptionalLiveReloadServer       : LiveReload server is running on port 35729
2025-05-22T14:27:38.247+05:30  INFO 3172 --- [customer] [restartedMain] o.s.b.w.embedded.tomcat.TomcatWebServer  : Tomcat started on port 7777 (http) with context path '/'
2025-05-22T14:27:38.258+05:30  INFO 3172 --- [customer] [restartedMain] c.app.ClmsCustomerApiModuleApplication   : Started ClmsCustomerApiModuleApplication in 4.861 seconds (process running for 5.719)
2025-05-22T14:27:43.822+05:30  INFO 3172 --- [customer] [http-nio-7777-exec-1] o.a.c.c.C.[Tomcat].[localhost].[/]       : Initializing Spring DispatcherServlet 'dispatcherServlet'
2025-05-22T14:27:43.822+05:30  INFO 3172 --- [customer] [http-nio-7777-exec-1] o.s.web.servlet.DispatcherServlet        : Initializing Servlet 'dispatcherServlet'
2025-05-22T14:27:43.824+05:30  INFO 3172 --- [customer] [http-nio-7777-exec-1] o.s.web.servlet.DispatcherServlet        : Completed initialization in 2 ms
2025-05-22T14:32:23.277+05:30  INFO 3172 --- [customer] [File Watcher] rtingClassPathChangeChangedEventListener : Restarting due to 1 class path change (0 additions, 0 deletions, 1 modification)
2025-05-22T14:32:23.281+05:30  INFO 3172 --- [customer] [Thread-5] o.s.b.w.e.tomcat.GracefulShutdown        : Commencing graceful shutdown. Waiting for active requests to complete
2025-05-22T14:32:23.327+05:30  INFO 3172 --- [customer] [tomcat-shutdown] o.s.b.w.e.tomcat.GracefulShutdown        : Graceful shutdown complete
2025-05-22T14:32:23.330+05:30  INFO 3172 --- [customer] [Thread-5] j.LocalContainerEntityManagerFactoryBean : Closing JPA EntityManagerFactory for persistence unit 'default'
2025-05-22T14:32:23.332+05:30  INFO 3172 --- [customer] [Thread-5] com.zaxxer.hikari.HikariDataSource       : HikariPool-1 - Shutdown initiated...
2025-05-22T14:32:23.340+05:30  INFO 3172 --- [customer] [Thread-5] com.zaxxer.hikari.HikariDataSource       : HikariPool-1 - Shutdown completed.
2025-05-22T14:32:23.434+05:30  INFO 3172 --- [customer] [restartedMain] c.app.ClmsCustomerApiModuleApplication   : Starting ClmsCustomerApiModuleApplication using Java 17.0.8.1 with PID 3172 (C:\Users\Dell\git\CarLoan_Customer\CLMS-Customer-API-Module\target\classes started by Dell in C:\Users\Dell\git\CarLoan_Customer\CLMS-Customer-API-Module)
2025-05-22T14:32:23.434+05:30  INFO 3172 --- [customer] [restartedMain] c.app.ClmsCustomerApiModuleApplication   : No active profile set, falling back to 1 default profile: "default"
2025-05-22T14:32:23.659+05:30  INFO 3172 --- [customer] [restartedMain] .s.d.r.c.RepositoryConfigurationDelegate : Bootstrapping Spring Data JPA repositories in DEFAULT mode.
2025-05-22T14:32:23.670+05:30  INFO 3172 --- [customer] [restartedMain] .s.d.r.c.RepositoryConfigurationDelegate : Finished Spring Data repository scanning in 9 ms. Found 1 JPA repository interface.
2025-05-22T14:32:23.769+05:30  INFO 3172 --- [customer] [restartedMain] o.s.b.w.embedded.tomcat.TomcatWebServer  : Tomcat initialized with port 7777 (http)
2025-05-22T14:32:23.770+05:30  INFO 3172 --- [customer] [restartedMain] o.apache.catalina.core.StandardService   : Starting service [Tomcat]
2025-05-22T14:32:23.770+05:30  INFO 3172 --- [customer] [restartedMain] o.apache.catalina.core.StandardEngine    : Starting Servlet engine: [Apache Tomcat/10.1.40]
2025-05-22T14:32:23.791+05:30  INFO 3172 --- [customer] [restartedMain] o.a.c.c.C.[Tomcat].[localhost].[/]       : Initializing Spring embedded WebApplicationContext
2025-05-22T14:32:23.791+05:30  INFO 3172 --- [customer] [restartedMain] w.s.c.ServletWebServerApplicationContext : Root WebApplicationContext: initialization completed in 355 ms
2025-05-22T14:32:23.835+05:30  INFO 3172 --- [customer] [restartedMain] o.hibernate.jpa.internal.util.LogHelper  : HHH000204: Processing PersistenceUnitInfo [name: default]
2025-05-22T14:32:23.838+05:30  INFO 3172 --- [customer] [restartedMain] o.h.c.internal.RegionFactoryInitiator    : HHH000026: Second-level cache disabled
2025-05-22T14:32:23.851+05:30  INFO 3172 --- [customer] [restartedMain] o.s.o.j.p.SpringPersistenceUnitInfo      : No LoadTimeWeaver setup: ignoring JPA class transformer
2025-05-22T14:32:23.853+05:30  INFO 3172 --- [customer] [restartedMain] com.zaxxer.hikari.HikariDataSource       : HikariPool-2 - Starting...
2025-05-22T14:32:23.870+05:30  INFO 3172 --- [customer] [restartedMain] com.zaxxer.hikari.pool.HikariPool        : HikariPool-2 - Added connection com.mysql.cj.jdbc.ConnectionImpl@21f816de
2025-05-22T14:32:23.870+05:30  INFO 3172 --- [customer] [restartedMain] com.zaxxer.hikari.HikariDataSource       : HikariPool-2 - Start completed.
2025-05-22T14:32:23.872+05:30  WARN 3172 --- [customer] [restartedMain] org.hibernate.orm.deprecation            : HHH90000025: MySQLDialect does not need to be specified explicitly using 'hibernate.dialect' (remove the property setting and it will be selected by default)
2025-05-22T14:32:23.872+05:30  INFO 3172 --- [customer] [restartedMain] org.hibernate.orm.connections.pooling    : HHH10001005: Database info:
	Database JDBC URL [Connecting through datasource 'HikariDataSource (HikariPool-2)']
	Database driver: undefined/unknown
	Database version: 8.0.37
	Autocommit mode: undefined/unknown
	Isolation level: undefined/unknown
	Minimum pool size: undefined/unknown
	Maximum pool size: undefined/unknown
2025-05-22T14:32:24.000+05:30  INFO 3172 --- [customer] [restartedMain] o.h.e.t.j.p.i.JtaPlatformInitiator       : HHH000489: No JTA platform available (set 'hibernate.transaction.jta.platform' to enable JTA platform integration)
2025-05-22T14:32:24.032+05:30  INFO 3172 --- [customer] [restartedMain] j.LocalContainerEntityManagerFactoryBean : Initialized JPA EntityManagerFactory for persistence unit 'default'
2025-05-22T14:32:24.169+05:30  WARN 3172 --- [customer] [restartedMain] JpaBaseConfiguration$JpaWebConfiguration : spring.jpa.open-in-view is enabled by default. Therefore, database queries may be performed during view rendering. Explicitly configure spring.jpa.open-in-view to disable this warning
2025-05-22T14:32:24.221+05:30  INFO 3172 --- [customer] [restartedMain] o.s.v.b.OptionalValidatorFactoryBean     : Failed to set up a Bean Validation provider: jakarta.validation.NoProviderFoundException: Unable to create a Configuration, because no Jakarta Bean Validation provider could be found. Add a provider like Hibernate Validator (RI) to your classpath.
2025-05-22T14:32:24.394+05:30  INFO 3172 --- [customer] [restartedMain] o.s.b.d.a.OptionalLiveReloadServer       : LiveReload server is running on port 35729
2025-05-22T14:32:24.412+05:30  INFO 3172 --- [customer] [restartedMain] o.s.b.w.embedded.tomcat.TomcatWebServer  : Tomcat started on port 7777 (http) with context path '/'
2025-05-22T14:32:24.418+05:30  INFO 3172 --- [customer] [restartedMain] c.app.ClmsCustomerApiModuleApplication   : Started ClmsCustomerApiModuleApplication in 1.017 seconds (process running for 291.879)
2025-05-22T14:32:24.422+05:30  INFO 3172 --- [customer] [restartedMain] .ConditionEvaluationDeltaLoggingListener : Condition evaluation unchanged
2025-05-22T14:32:37.515+05:30  INFO 3172 --- [customer] [http-nio-7777-exec-2] o.a.c.c.C.[Tomcat].[localhost].[/]       : Initializing Spring DispatcherServlet 'dispatcherServlet'
2025-05-22T14:32:37.515+05:30  INFO 3172 --- [customer] [http-nio-7777-exec-2] o.s.web.servlet.DispatcherServlet        : Initializing Servlet 'dispatcherServlet'
2025-05-22T14:32:37.516+05:30  INFO 3172 --- [customer] [http-nio-7777-exec-2] o.s.web.servlet.DispatcherServlet        : Completed initialization in 1 ms
2025-05-22T14:33:09.807+05:30  INFO 3172 --- [customer] [File Watcher] rtingClassPathChangeChangedEventListener : Restarting due to 1 class path change (0 additions, 0 deletions, 1 modification)
2025-05-22T14:33:09.811+05:30  INFO 3172 --- [customer] [Thread-7] o.s.b.w.e.tomcat.GracefulShutdown        : Commencing graceful shutdown. Waiting for active requests to complete
2025-05-22T14:33:09.925+05:30  INFO 3172 --- [customer] [tomcat-shutdown] o.s.b.w.e.tomcat.GracefulShutdown        : Graceful shutdown complete
2025-05-22T14:33:09.930+05:30  INFO 3172 --- [customer] [Thread-7] j.LocalContainerEntityManagerFactoryBean : Closing JPA EntityManagerFactory for persistence unit 'default'
2025-05-22T14:33:09.931+05:30  INFO 3172 --- [customer] [Thread-7] com.zaxxer.hikari.HikariDataSource       : HikariPool-2 - Shutdown initiated...
2025-05-22T14:33:09.950+05:30  INFO 3172 --- [customer] [Thread-7] com.zaxxer.hikari.HikariDataSource       : HikariPool-2 - Shutdown completed.
2025-05-22T14:33:10.156+05:30  INFO 3172 --- [customer] [restartedMain] c.app.ClmsCustomerApiModuleApplication   : Starting ClmsCustomerApiModuleApplication using Java 17.0.8.1 with PID 3172 (C:\Users\Dell\git\CarLoan_Customer\CLMS-Customer-API-Module\target\classes started by Dell in C:\Users\Dell\git\CarLoan_Customer\CLMS-Customer-API-Module)
2025-05-22T14:33:10.156+05:30  INFO 3172 --- [customer] [restartedMain] c.app.ClmsCustomerApiModuleApplication   : No active profile set, falling back to 1 default profile: "default"
2025-05-22T14:33:10.356+05:30  INFO 3172 --- [customer] [restartedMain] .s.d.r.c.RepositoryConfigurationDelegate : Bootstrapping Spring Data JPA repositories in DEFAULT mode.
2025-05-22T14:33:10.365+05:30  INFO 3172 --- [customer] [restartedMain] .s.d.r.c.RepositoryConfigurationDelegate : Finished Spring Data repository scanning in 8 ms. Found 1 JPA repository interface.
2025-05-22T14:33:10.451+05:30  INFO 3172 --- [customer] [restartedMain] o.s.b.w.embedded.tomcat.TomcatWebServer  : Tomcat initialized with port 7777 (http)
2025-05-22T14:33:10.452+05:30  INFO 3172 --- [customer] [restartedMain] o.apache.catalina.core.StandardService   : Starting service [Tomcat]
2025-05-22T14:33:10.452+05:30  INFO 3172 --- [customer] [restartedMain] o.apache.catalina.core.StandardEngine    : Starting Servlet engine: [Apache Tomcat/10.1.40]
2025-05-22T14:33:10.471+05:30  INFO 3172 --- [customer] [restartedMain] o.a.c.c.C.[Tomcat].[localhost].[/]       : Initializing Spring embedded WebApplicationContext
2025-05-22T14:33:10.472+05:30  INFO 3172 --- [customer] [restartedMain] w.s.c.ServletWebServerApplicationContext : Root WebApplicationContext: initialization completed in 313 ms
2025-05-22T14:33:10.514+05:30  INFO 3172 --- [customer] [restartedMain] o.hibernate.jpa.internal.util.LogHelper  : HHH000204: Processing PersistenceUnitInfo [name: default]
2025-05-22T14:33:10.516+05:30  INFO 3172 --- [customer] [restartedMain] o.h.c.internal.RegionFactoryInitiator    : HHH000026: Second-level cache disabled
2025-05-22T14:33:10.524+05:30  INFO 3172 --- [customer] [restartedMain] o.s.o.j.p.SpringPersistenceUnitInfo      : No LoadTimeWeaver setup: ignoring JPA class transformer
2025-05-22T14:33:10.526+05:30  INFO 3172 --- [customer] [restartedMain] com.zaxxer.hikari.HikariDataSource       : HikariPool-3 - Starting...
2025-05-22T14:33:10.537+05:30  INFO 3172 --- [customer] [restartedMain] com.zaxxer.hikari.pool.HikariPool        : HikariPool-3 - Added connection com.mysql.cj.jdbc.ConnectionImpl@785359e6
2025-05-22T14:33:10.538+05:30  INFO 3172 --- [customer] [restartedMain] com.zaxxer.hikari.HikariDataSource       : HikariPool-3 - Start completed.
2025-05-22T14:33:10.540+05:30  WARN 3172 --- [customer] [restartedMain] org.hibernate.orm.deprecation            : HHH90000025: MySQLDialect does not need to be specified explicitly using 'hibernate.dialect' (remove the property setting and it will be selected by default)
2025-05-22T14:33:10.541+05:30  INFO 3172 --- [customer] [restartedMain] org.hibernate.orm.connections.pooling    : HHH10001005: Database info:
	Database JDBC URL [Connecting through datasource 'HikariDataSource (HikariPool-3)']
	Database driver: undefined/unknown
	Database version: 8.0.37
	Autocommit mode: undefined/unknown
	Isolation level: undefined/unknown
	Minimum pool size: undefined/unknown
	Maximum pool size: undefined/unknown
2025-05-22T14:33:10.655+05:30  INFO 3172 --- [customer] [restartedMain] o.h.e.t.j.p.i.JtaPlatformInitiator       : HHH000489: No JTA platform available (set 'hibernate.transaction.jta.platform' to enable JTA platform integration)
2025-05-22T14:33:10.687+05:30  INFO 3172 --- [customer] [restartedMain] j.LocalContainerEntityManagerFactoryBean : Initialized JPA EntityManagerFactory for persistence unit 'default'
2025-05-22T14:33:10.784+05:30  WARN 3172 --- [customer] [restartedMain] JpaBaseConfiguration$JpaWebConfiguration : spring.jpa.open-in-view is enabled by default. Therefore, database queries may be performed during view rendering. Explicitly configure spring.jpa.open-in-view to disable this warning
2025-05-22T14:33:10.799+05:30  INFO 3172 --- [customer] [restartedMain] o.s.v.b.OptionalValidatorFactoryBean     : Failed to set up a Bean Validation provider: jakarta.validation.NoProviderFoundException: Unable to create a Configuration, because no Jakarta Bean Validation provider could be found. Add a provider like Hibernate Validator (RI) to your classpath.
2025-05-22T14:33:10.944+05:30  INFO 3172 --- [customer] [restartedMain] o.s.b.d.a.OptionalLiveReloadServer       : LiveReload server is running on port 35729
2025-05-22T14:33:10.961+05:30  INFO 3172 --- [customer] [restartedMain] o.s.b.w.embedded.tomcat.TomcatWebServer  : Tomcat started on port 7777 (http) with context path '/'
2025-05-22T14:33:10.965+05:30  INFO 3172 --- [customer] [restartedMain] c.app.ClmsCustomerApiModuleApplication   : Started ClmsCustomerApiModuleApplication in 0.896 seconds (process running for 338.426)
2025-05-22T14:33:10.966+05:30  INFO 3172 --- [customer] [restartedMain] .ConditionEvaluationDeltaLoggingListener : Condition evaluation unchanged
2025-05-22T14:33:34.854+05:30  INFO 3172 --- [customer] [File Watcher] rtingClassPathChangeChangedEventListener : Restarting due to 1 class path change (0 additions, 0 deletions, 1 modification)
2025-05-22T14:33:34.858+05:30  INFO 3172 --- [customer] [Thread-11] o.s.b.w.e.tomcat.GracefulShutdown        : Commencing graceful shutdown. Waiting for active requests to complete
2025-05-22T14:33:34.915+05:30  INFO 3172 --- [customer] [tomcat-shutdown] o.s.b.w.e.tomcat.GracefulShutdown        : Graceful shutdown complete
2025-05-22T14:33:34.918+05:30  INFO 3172 --- [customer] [Thread-11] j.LocalContainerEntityManagerFactoryBean : Closing JPA EntityManagerFactory for persistence unit 'default'
2025-05-22T14:33:34.919+05:30  INFO 3172 --- [customer] [Thread-11] com.zaxxer.hikari.HikariDataSource       : HikariPool-3 - Shutdown initiated...
2025-05-22T14:33:34.925+05:30  INFO 3172 --- [customer] [Thread-11] com.zaxxer.hikari.HikariDataSource       : HikariPool-3 - Shutdown completed.
2025-05-22T14:33:35.010+05:30  INFO 3172 --- [customer] [restartedMain] c.app.ClmsCustomerApiModuleApplication   : Starting ClmsCustomerApiModuleApplication using Java 17.0.8.1 with PID 3172 (C:\Users\Dell\git\CarLoan_Customer\CLMS-Customer-API-Module\target\classes started by Dell in C:\Users\Dell\git\CarLoan_Customer\CLMS-Customer-API-Module)
2025-05-22T14:33:35.011+05:30  INFO 3172 --- [customer] [restartedMain] c.app.ClmsCustomerApiModuleApplication   : No active profile set, falling back to 1 default profile: "default"
2025-05-22T14:33:35.193+05:30  INFO 3172 --- [customer] [restartedMain] .s.d.r.c.RepositoryConfigurationDelegate : Bootstrapping Spring Data JPA repositories in DEFAULT mode.
2025-05-22T14:33:35.202+05:30  INFO 3172 --- [customer] [restartedMain] .s.d.r.c.RepositoryConfigurationDelegate : Finished Spring Data repository scanning in 8 ms. Found 1 JPA repository interface.
2025-05-22T14:33:35.287+05:30  INFO 3172 --- [customer] [restartedMain] o.s.b.w.embedded.tomcat.TomcatWebServer  : Tomcat initialized with port 7777 (http)
2025-05-22T14:33:35.289+05:30  INFO 3172 --- [customer] [restartedMain] o.apache.catalina.core.StandardService   : Starting service [Tomcat]
2025-05-22T14:33:35.289+05:30  INFO 3172 --- [customer] [restartedMain] o.apache.catalina.core.StandardEngine    : Starting Servlet engine: [Apache Tomcat/10.1.40]
2025-05-22T14:33:35.307+05:30  INFO 3172 --- [customer] [restartedMain] o.a.c.c.C.[Tomcat].[localhost].[/]       : Initializing Spring embedded WebApplicationContext
2025-05-22T14:33:35.307+05:30  INFO 3172 --- [customer] [restartedMain] w.s.c.ServletWebServerApplicationContext : Root WebApplicationContext: initialization completed in 294 ms
2025-05-22T14:33:35.341+05:30  INFO 3172 --- [customer] [restartedMain] o.hibernate.jpa.internal.util.LogHelper  : HHH000204: Processing PersistenceUnitInfo [name: default]
2025-05-22T14:33:35.344+05:30  INFO 3172 --- [customer] [restartedMain] o.h.c.internal.RegionFactoryInitiator    : HHH000026: Second-level cache disabled
2025-05-22T14:33:35.351+05:30  INFO 3172 --- [customer] [restartedMain] o.s.o.j.p.SpringPersistenceUnitInfo      : No LoadTimeWeaver setup: ignoring JPA class transformer
2025-05-22T14:33:35.353+05:30  INFO 3172 --- [customer] [restartedMain] com.zaxxer.hikari.HikariDataSource       : HikariPool-4 - Starting...
2025-05-22T14:33:35.366+05:30  INFO 3172 --- [customer] [restartedMain] com.zaxxer.hikari.pool.HikariPool        : HikariPool-4 - Added connection com.mysql.cj.jdbc.ConnectionImpl@600e6e74
2025-05-22T14:33:35.366+05:30  INFO 3172 --- [customer] [restartedMain] com.zaxxer.hikari.HikariDataSource       : HikariPool-4 - Start completed.
2025-05-22T14:33:35.367+05:30  WARN 3172 --- [customer] [restartedMain] org.hibernate.orm.deprecation            : HHH90000025: MySQLDialect does not need to be specified explicitly using 'hibernate.dialect' (remove the property setting and it will be selected by default)
2025-05-22T14:33:35.368+05:30  INFO 3172 --- [customer] [restartedMain] org.hibernate.orm.connections.pooling    : HHH10001005: Database info:
	Database JDBC URL [Connecting through datasource 'HikariDataSource (HikariPool-4)']
	Database driver: undefined/unknown
	Database version: 8.0.37
	Autocommit mode: undefined/unknown
	Isolation level: undefined/unknown
	Minimum pool size: undefined/unknown
	Maximum pool size: undefined/unknown
2025-05-22T14:33:35.450+05:30  INFO 3172 --- [customer] [restartedMain] o.h.e.t.j.p.i.JtaPlatformInitiator       : HHH000489: No JTA platform available (set 'hibernate.transaction.jta.platform' to enable JTA platform integration)
2025-05-22T14:33:35.475+05:30  INFO 3172 --- [customer] [restartedMain] j.LocalContainerEntityManagerFactoryBean : Initialized JPA EntityManagerFactory for persistence unit 'default'
2025-05-22T14:33:35.564+05:30  WARN 3172 --- [customer] [restartedMain] JpaBaseConfiguration$JpaWebConfiguration : spring.jpa.open-in-view is enabled by default. Therefore, database queries may be performed during view rendering. Explicitly configure spring.jpa.open-in-view to disable this warning
2025-05-22T14:33:35.582+05:30  INFO 3172 --- [customer] [restartedMain] o.s.v.b.OptionalValidatorFactoryBean     : Failed to set up a Bean Validation provider: jakarta.validation.NoProviderFoundException: Unable to create a Configuration, because no Jakarta Bean Validation provider could be found. Add a provider like Hibernate Validator (RI) to your classpath.
2025-05-22T14:33:35.698+05:30  INFO 3172 --- [customer] [restartedMain] o.s.b.d.a.OptionalLiveReloadServer       : LiveReload server is running on port 35729
2025-05-22T14:33:35.723+05:30  INFO 3172 --- [customer] [restartedMain] o.s.b.w.embedded.tomcat.TomcatWebServer  : Tomcat started on port 7777 (http) with context path '/'
2025-05-22T14:33:35.730+05:30  INFO 3172 --- [customer] [restartedMain] c.app.ClmsCustomerApiModuleApplication   : Started ClmsCustomerApiModuleApplication in 0.752 seconds (process running for 363.191)
2025-05-22T14:33:35.732+05:30  INFO 3172 --- [customer] [restartedMain] .ConditionEvaluationDeltaLoggingListener : Condition evaluation unchanged
2025-05-22T14:35:24.064+05:30  INFO 3172 --- [customer] [http-nio-7777-exec-2] o.a.c.c.C.[Tomcat].[localhost].[/]       : Initializing Spring DispatcherServlet 'dispatcherServlet'
2025-05-22T14:35:24.065+05:30  INFO 3172 --- [customer] [http-nio-7777-exec-2] o.s.web.servlet.DispatcherServlet        : Initializing Servlet 'dispatcherServlet'
2025-05-22T14:35:24.066+05:30  INFO 3172 --- [customer] [http-nio-7777-exec-2] o.s.web.servlet.DispatcherServlet        : Completed initialization in 1 ms
2025-05-22T14:35:54.217+05:30  INFO 3172 --- [customer] [File Watcher] rtingClassPathChangeChangedEventListener : Restarting due to 1 class path change (0 additions, 0 deletions, 1 modification)
2025-05-22T14:35:54.223+05:30  INFO 3172 --- [customer] [Thread-15] o.s.b.w.e.tomcat.GracefulShutdown        : Commencing graceful shutdown. Waiting for active requests to complete
2025-05-22T14:35:54.293+05:30  INFO 3172 --- [customer] [tomcat-shutdown] o.s.b.w.e.tomcat.GracefulShutdown        : Graceful shutdown complete
2025-05-22T14:35:54.296+05:30  INFO 3172 --- [customer] [Thread-15] j.LocalContainerEntityManagerFactoryBean : Closing JPA EntityManagerFactory for persistence unit 'default'
2025-05-22T14:35:54.297+05:30  INFO 3172 --- [customer] [Thread-15] com.zaxxer.hikari.HikariDataSource       : HikariPool-4 - Shutdown initiated...
2025-05-22T14:35:54.301+05:30  INFO 3172 --- [customer] [Thread-15] com.zaxxer.hikari.HikariDataSource       : HikariPool-4 - Shutdown completed.
2025-05-22T14:35:54.376+05:30  INFO 3172 --- [customer] [restartedMain] c.app.ClmsCustomerApiModuleApplication   : Starting ClmsCustomerApiModuleApplication using Java 17.0.8.1 with PID 3172 (C:\Users\Dell\git\CarLoan_Customer\CLMS-Customer-API-Module\target\classes started by Dell in C:\Users\Dell\git\CarLoan_Customer\CLMS-Customer-API-Module)
2025-05-22T14:35:54.377+05:30  INFO 3172 --- [customer] [restartedMain] c.app.ClmsCustomerApiModuleApplication   : No active profile set, falling back to 1 default profile: "default"
2025-05-22T14:35:54.564+05:30  INFO 3172 --- [customer] [restartedMain] .s.d.r.c.RepositoryConfigurationDelegate : Bootstrapping Spring Data JPA repositories in DEFAULT mode.
2025-05-22T14:35:54.573+05:30  INFO 3172 --- [customer] [restartedMain] .s.d.r.c.RepositoryConfigurationDelegate : Finished Spring Data repository scanning in 7 ms. Found 1 JPA repository interface.
2025-05-22T14:35:54.667+05:30  INFO 3172 --- [customer] [restartedMain] o.s.b.w.embedded.tomcat.TomcatWebServer  : Tomcat initialized with port 7777 (http)
2025-05-22T14:35:54.668+05:30  INFO 3172 --- [customer] [restartedMain] o.apache.catalina.core.StandardService   : Starting service [Tomcat]
2025-05-22T14:35:54.668+05:30  INFO 3172 --- [customer] [restartedMain] o.apache.catalina.core.StandardEngine    : Starting Servlet engine: [Apache Tomcat/10.1.40]
2025-05-22T14:35:54.684+05:30  INFO 3172 --- [customer] [restartedMain] o.a.c.c.C.[Tomcat].[localhost].[/]       : Initializing Spring embedded WebApplicationContext
2025-05-22T14:35:54.684+05:30  INFO 3172 --- [customer] [restartedMain] w.s.c.ServletWebServerApplicationContext : Root WebApplicationContext: initialization completed in 306 ms
2025-05-22T14:35:54.730+05:30  INFO 3172 --- [customer] [restartedMain] o.hibernate.jpa.internal.util.LogHelper  : HHH000204: Processing PersistenceUnitInfo [name: default]
2025-05-22T14:35:54.734+05:30  INFO 3172 --- [customer] [restartedMain] o.h.c.internal.RegionFactoryInitiator    : HHH000026: Second-level cache disabled
2025-05-22T14:35:54.744+05:30  INFO 3172 --- [customer] [restartedMain] o.s.o.j.p.SpringPersistenceUnitInfo      : No LoadTimeWeaver setup: ignoring JPA class transformer
2025-05-22T14:35:54.745+05:30  INFO 3172 --- [customer] [restartedMain] com.zaxxer.hikari.HikariDataSource       : HikariPool-5 - Starting...
2025-05-22T14:35:54.759+05:30  INFO 3172 --- [customer] [restartedMain] com.zaxxer.hikari.pool.HikariPool        : HikariPool-5 - Added connection com.mysql.cj.jdbc.ConnectionImpl@6c59e890
2025-05-22T14:35:54.759+05:30  INFO 3172 --- [customer] [restartedMain] com.zaxxer.hikari.HikariDataSource       : HikariPool-5 - Start completed.
2025-05-22T14:35:54.761+05:30  WARN 3172 --- [customer] [restartedMain] org.hibernate.orm.deprecation            : HHH90000025: MySQLDialect does not need to be specified explicitly using 'hibernate.dialect' (remove the property setting and it will be selected by default)
2025-05-22T14:35:54.761+05:30  INFO 3172 --- [customer] [restartedMain] org.hibernate.orm.connections.pooling    : HHH10001005: Database info:
	Database JDBC URL [Connecting through datasource 'HikariDataSource (HikariPool-5)']
	Database driver: undefined/unknown
	Database version: 8.0.37
	Autocommit mode: undefined/unknown
	Isolation level: undefined/unknown
	Minimum pool size: undefined/unknown
	Maximum pool size: undefined/unknown
2025-05-22T14:35:54.876+05:30  INFO 3172 --- [customer] [restartedMain] o.h.e.t.j.p.i.JtaPlatformInitiator       : HHH000489: No JTA platform available (set 'hibernate.transaction.jta.platform' to enable JTA platform integration)
2025-05-22T14:35:54.916+05:30  INFO 3172 --- [customer] [restartedMain] j.LocalContainerEntityManagerFactoryBean : Initialized JPA EntityManagerFactory for persistence unit 'default'
2025-05-22T14:35:54.999+05:30  WARN 3172 --- [customer] [restartedMain] JpaBaseConfiguration$JpaWebConfiguration : spring.jpa.open-in-view is enabled by default. Therefore, database queries may be performed during view rendering. Explicitly configure spring.jpa.open-in-view to disable this warning
2025-05-22T14:35:55.020+05:30  INFO 3172 --- [customer] [restartedMain] o.s.v.b.OptionalValidatorFactoryBean     : Failed to set up a Bean Validation provider: jakarta.validation.NoProviderFoundException: Unable to create a Configuration, because no Jakarta Bean Validation provider could be found. Add a provider like Hibernate Validator (RI) to your classpath.
2025-05-22T14:35:55.160+05:30  INFO 3172 --- [customer] [restartedMain] o.s.b.d.a.OptionalLiveReloadServer       : LiveReload server is running on port 35729
2025-05-22T14:35:55.171+05:30  INFO 3172 --- [customer] [restartedMain] o.s.b.w.embedded.tomcat.TomcatWebServer  : Tomcat started on port 7777 (http) with context path '/'
2025-05-22T14:35:55.176+05:30  INFO 3172 --- [customer] [restartedMain] c.app.ClmsCustomerApiModuleApplication   : Started ClmsCustomerApiModuleApplication in 0.822 seconds (process running for 502.636)
2025-05-22T14:35:55.178+05:30  INFO 3172 --- [customer] [restartedMain] .ConditionEvaluationDeltaLoggingListener : Condition evaluation unchanged
2025-05-22T14:36:00.409+05:30  INFO 3172 --- [customer] [http-nio-7777-exec-2] o.a.c.c.C.[Tomcat].[localhost].[/]       : Initializing Spring DispatcherServlet 'dispatcherServlet'
2025-05-22T14:36:00.409+05:30  INFO 3172 --- [customer] [http-nio-7777-exec-2] o.s.web.servlet.DispatcherServlet        : Initializing Servlet 'dispatcherServlet'
2025-05-22T14:36:00.411+05:30  INFO 3172 --- [customer] [http-nio-7777-exec-2] o.s.web.servlet.DispatcherServlet        : Completed initialization in 2 ms
2025-05-22T14:39:45.271+05:30  INFO 3172 --- [customer] [File Watcher] rtingClassPathChangeChangedEventListener : Restarting due to 1 class path change (0 additions, 0 deletions, 1 modification)
2025-05-22T14:39:45.278+05:30  INFO 3172 --- [customer] [Thread-19] o.s.b.w.e.tomcat.GracefulShutdown        : Commencing graceful shutdown. Waiting for active requests to complete
2025-05-22T14:39:45.337+05:30  INFO 3172 --- [customer] [tomcat-shutdown] o.s.b.w.e.tomcat.GracefulShutdown        : Graceful shutdown complete
2025-05-22T14:39:45.339+05:30  INFO 3172 --- [customer] [Thread-19] j.LocalContainerEntityManagerFactoryBean : Closing JPA EntityManagerFactory for persistence unit 'default'
2025-05-22T14:39:45.340+05:30  INFO 3172 --- [customer] [Thread-19] com.zaxxer.hikari.HikariDataSource       : HikariPool-5 - Shutdown initiated...
2025-05-22T14:39:45.344+05:30  INFO 3172 --- [customer] [Thread-19] com.zaxxer.hikari.HikariDataSource       : HikariPool-5 - Shutdown completed.
2025-05-22T14:39:45.429+05:30  INFO 3172 --- [customer] [restartedMain] c.app.ClmsCustomerApiModuleApplication   : Starting ClmsCustomerApiModuleApplication using Java 17.0.8.1 with PID 3172 (C:\Users\Dell\git\CarLoan_Customer\CLMS-Customer-API-Module\target\classes started by Dell in C:\Users\Dell\git\CarLoan_Customer\CLMS-Customer-API-Module)
2025-05-22T14:39:45.429+05:30  INFO 3172 --- [customer] [restartedMain] c.app.ClmsCustomerApiModuleApplication   : No active profile set, falling back to 1 default profile: "default"
2025-05-22T14:39:45.601+05:30  INFO 3172 --- [customer] [restartedMain] .s.d.r.c.RepositoryConfigurationDelegate : Bootstrapping Spring Data JPA repositories in DEFAULT mode.
2025-05-22T14:39:45.611+05:30  INFO 3172 --- [customer] [restartedMain] .s.d.r.c.RepositoryConfigurationDelegate : Finished Spring Data repository scanning in 8 ms. Found 1 JPA repository interface.
2025-05-22T14:39:45.684+05:30  INFO 3172 --- [customer] [restartedMain] o.s.b.w.embedded.tomcat.TomcatWebServer  : Tomcat initialized with port 7777 (http)
2025-05-22T14:39:45.685+05:30  INFO 3172 --- [customer] [restartedMain] o.apache.catalina.core.StandardService   : Starting service [Tomcat]
2025-05-22T14:39:45.685+05:30  INFO 3172 --- [customer] [restartedMain] o.apache.catalina.core.StandardEngine    : Starting Servlet engine: [Apache Tomcat/10.1.40]
2025-05-22T14:39:45.700+05:30  INFO 3172 --- [customer] [restartedMain] o.a.c.c.C.[Tomcat].[localhost].[/]       : Initializing Spring embedded WebApplicationContext
2025-05-22T14:39:45.701+05:30  INFO 3172 --- [customer] [restartedMain] w.s.c.ServletWebServerApplicationContext : Root WebApplicationContext: initialization completed in 271 ms
2025-05-22T14:39:45.739+05:30  INFO 3172 --- [customer] [restartedMain] o.hibernate.jpa.internal.util.LogHelper  : HHH000204: Processing PersistenceUnitInfo [name: default]
2025-05-22T14:39:45.742+05:30  INFO 3172 --- [customer] [restartedMain] o.h.c.internal.RegionFactoryInitiator    : HHH000026: Second-level cache disabled
2025-05-22T14:39:45.751+05:30  INFO 3172 --- [customer] [restartedMain] o.s.o.j.p.SpringPersistenceUnitInfo      : No LoadTimeWeaver setup: ignoring JPA class transformer
2025-05-22T14:39:45.752+05:30  INFO 3172 --- [customer] [restartedMain] com.zaxxer.hikari.HikariDataSource       : HikariPool-6 - Starting...
2025-05-22T14:39:45.765+05:30  INFO 3172 --- [customer] [restartedMain] com.zaxxer.hikari.pool.HikariPool        : HikariPool-6 - Added connection com.mysql.cj.jdbc.ConnectionImpl@32ef94ae
2025-05-22T14:39:45.765+05:30  INFO 3172 --- [customer] [restartedMain] com.zaxxer.hikari.HikariDataSource       : HikariPool-6 - Start completed.
2025-05-22T14:39:45.766+05:30  WARN 3172 --- [customer] [restartedMain] org.hibernate.orm.deprecation            : HHH90000025: MySQLDialect does not need to be specified explicitly using 'hibernate.dialect' (remove the property setting and it will be selected by default)
2025-05-22T14:39:45.767+05:30  INFO 3172 --- [customer] [restartedMain] org.hibernate.orm.connections.pooling    : HHH10001005: Database info:
	Database JDBC URL [Connecting through datasource 'HikariDataSource (HikariPool-6)']
	Database driver: undefined/unknown
	Database version: 8.0.37
	Autocommit mode: undefined/unknown
	Isolation level: undefined/unknown
	Minimum pool size: undefined/unknown
	Maximum pool size: undefined/unknown
2025-05-22T14:39:45.833+05:30  INFO 3172 --- [customer] [restartedMain] o.h.e.t.j.p.i.JtaPlatformInitiator       : HHH000489: No JTA platform available (set 'hibernate.transaction.jta.platform' to enable JTA platform integration)
2025-05-22T14:39:45.860+05:30  INFO 3172 --- [customer] [restartedMain] j.LocalContainerEntityManagerFactoryBean : Initialized JPA EntityManagerFactory for persistence unit 'default'
2025-05-22T14:39:45.943+05:30  WARN 3172 --- [customer] [restartedMain] JpaBaseConfiguration$JpaWebConfiguration : spring.jpa.open-in-view is enabled by default. Therefore, database queries may be performed during view rendering. Explicitly configure spring.jpa.open-in-view to disable this warning
2025-05-22T14:39:45.959+05:30  INFO 3172 --- [customer] [restartedMain] o.s.v.b.OptionalValidatorFactoryBean     : Failed to set up a Bean Validation provider: jakarta.validation.NoProviderFoundException: Unable to create a Configuration, because no Jakarta Bean Validation provider could be found. Add a provider like Hibernate Validator (RI) to your classpath.
2025-05-22T14:39:46.058+05:30  INFO 3172 --- [customer] [restartedMain] o.s.b.d.a.OptionalLiveReloadServer       : LiveReload server is running on port 35729
2025-05-22T14:39:46.075+05:30  INFO 3172 --- [customer] [restartedMain] o.s.b.w.embedded.tomcat.TomcatWebServer  : Tomcat started on port 7777 (http) with context path '/'
2025-05-22T14:39:46.084+05:30  INFO 3172 --- [customer] [restartedMain] c.app.ClmsCustomerApiModuleApplication   : Started ClmsCustomerApiModuleApplication in 0.685 seconds (process running for 733.545)
2025-05-22T14:39:46.086+05:30  INFO 3172 --- [customer] [restartedMain] .ConditionEvaluationDeltaLoggingListener : Condition evaluation unchanged
2025-05-22T14:44:04.877+05:30  INFO 3172 --- [customer] [File Watcher] rtingClassPathChangeChangedEventListener : Restarting due to 1 class path change (0 additions, 0 deletions, 1 modification)
2025-05-22T14:44:04.880+05:30  INFO 3172 --- [customer] [Thread-23] o.s.b.w.e.tomcat.GracefulShutdown        : Commencing graceful shutdown. Waiting for active requests to complete
2025-05-22T14:44:04.932+05:30  INFO 3172 --- [customer] [tomcat-shutdown] o.s.b.w.e.tomcat.GracefulShutdown        : Graceful shutdown complete
2025-05-22T14:44:04.934+05:30  INFO 3172 --- [customer] [Thread-23] j.LocalContainerEntityManagerFactoryBean : Closing JPA EntityManagerFactory for persistence unit 'default'
2025-05-22T14:44:04.934+05:30  INFO 3172 --- [customer] [Thread-23] com.zaxxer.hikari.HikariDataSource       : HikariPool-6 - Shutdown initiated...
2025-05-22T14:44:04.939+05:30  INFO 3172 --- [customer] [Thread-23] com.zaxxer.hikari.HikariDataSource       : HikariPool-6 - Shutdown completed.
2025-05-22T14:44:05.023+05:30  INFO 3172 --- [customer] [restartedMain] c.app.ClmsCustomerApiModuleApplication   : Starting ClmsCustomerApiModuleApplication using Java 17.0.8.1 with PID 3172 (C:\Users\Dell\git\CarLoan_Customer\CLMS-Customer-API-Module\target\classes started by Dell in C:\Users\Dell\git\CarLoan_Customer\CLMS-Customer-API-Module)
2025-05-22T14:44:05.024+05:30  INFO 3172 --- [customer] [restartedMain] c.app.ClmsCustomerApiModuleApplication   : No active profile set, falling back to 1 default profile: "default"
2025-05-22T14:44:05.175+05:30  INFO 3172 --- [customer] [restartedMain] .s.d.r.c.RepositoryConfigurationDelegate : Bootstrapping Spring Data JPA repositories in DEFAULT mode.
2025-05-22T14:44:05.185+05:30  INFO 3172 --- [customer] [restartedMain] .s.d.r.c.RepositoryConfigurationDelegate : Finished Spring Data repository scanning in 8 ms. Found 1 JPA repository interface.
2025-05-22T14:44:05.267+05:30  INFO 3172 --- [customer] [restartedMain] o.s.b.w.embedded.tomcat.TomcatWebServer  : Tomcat initialized with port 7777 (http)
2025-05-22T14:44:05.268+05:30  INFO 3172 --- [customer] [restartedMain] o.apache.catalina.core.StandardService   : Starting service [Tomcat]
2025-05-22T14:44:05.268+05:30  INFO 3172 --- [customer] [restartedMain] o.apache.catalina.core.StandardEngine    : Starting Servlet engine: [Apache Tomcat/10.1.40]
2025-05-22T14:44:05.283+05:30  INFO 3172 --- [customer] [restartedMain] o.a.c.c.C.[Tomcat].[localhost].[/]       : Initializing Spring embedded WebApplicationContext
2025-05-22T14:44:05.284+05:30  INFO 3172 --- [customer] [restartedMain] w.s.c.ServletWebServerApplicationContext : Root WebApplicationContext: initialization completed in 259 ms
2025-05-22T14:44:05.317+05:30  INFO 3172 --- [customer] [restartedMain] o.hibernate.jpa.internal.util.LogHelper  : HHH000204: Processing PersistenceUnitInfo [name: default]
2025-05-22T14:44:05.321+05:30  INFO 3172 --- [customer] [restartedMain] o.h.c.internal.RegionFactoryInitiator    : HHH000026: Second-level cache disabled
2025-05-22T14:44:05.332+05:30  INFO 3172 --- [customer] [restartedMain] o.s.o.j.p.SpringPersistenceUnitInfo      : No LoadTimeWeaver setup: ignoring JPA class transformer
2025-05-22T14:44:05.333+05:30  INFO 3172 --- [customer] [restartedMain] com.zaxxer.hikari.HikariDataSource       : HikariPool-7 - Starting...
2025-05-22T14:44:05.346+05:30  INFO 3172 --- [customer] [restartedMain] com.zaxxer.hikari.pool.HikariPool        : HikariPool-7 - Added connection com.mysql.cj.jdbc.ConnectionImpl@6e5ad10a
2025-05-22T14:44:05.346+05:30  INFO 3172 --- [customer] [restartedMain] com.zaxxer.hikari.HikariDataSource       : HikariPool-7 - Start completed.
2025-05-22T14:44:05.348+05:30  WARN 3172 --- [customer] [restartedMain] org.hibernate.orm.deprecation            : HHH90000025: MySQLDialect does not need to be specified explicitly using 'hibernate.dialect' (remove the property setting and it will be selected by default)
2025-05-22T14:44:05.348+05:30  INFO 3172 --- [customer] [restartedMain] org.hibernate.orm.connections.pooling    : HHH10001005: Database info:
	Database JDBC URL [Connecting through datasource 'HikariDataSource (HikariPool-7)']
	Database driver: undefined/unknown
	Database version: 8.0.37
	Autocommit mode: undefined/unknown
	Isolation level: undefined/unknown
	Minimum pool size: undefined/unknown
	Maximum pool size: undefined/unknown
2025-05-22T14:44:05.413+05:30  INFO 3172 --- [customer] [restartedMain] o.h.e.t.j.p.i.JtaPlatformInitiator       : HHH000489: No JTA platform available (set 'hibernate.transaction.jta.platform' to enable JTA platform integration)
2025-05-22T14:44:05.441+05:30  INFO 3172 --- [customer] [restartedMain] j.LocalContainerEntityManagerFactoryBean : Initialized JPA EntityManagerFactory for persistence unit 'default'
2025-05-22T14:44:05.534+05:30  WARN 3172 --- [customer] [restartedMain] JpaBaseConfiguration$JpaWebConfiguration : spring.jpa.open-in-view is enabled by default. Therefore, database queries may be performed during view rendering. Explicitly configure spring.jpa.open-in-view to disable this warning
2025-05-22T14:44:05.553+05:30  INFO 3172 --- [customer] [restartedMain] o.s.v.b.OptionalValidatorFactoryBean     : Failed to set up a Bean Validation provider: jakarta.validation.NoProviderFoundException: Unable to create a Configuration, because no Jakarta Bean Validation provider could be found. Add a provider like Hibernate Validator (RI) to your classpath.
2025-05-22T14:44:05.652+05:30  INFO 3172 --- [customer] [restartedMain] o.s.b.d.a.OptionalLiveReloadServer       : LiveReload server is running on port 35729
2025-05-22T14:44:05.667+05:30  INFO 3172 --- [customer] [restartedMain] o.s.b.w.embedded.tomcat.TomcatWebServer  : Tomcat started on port 7777 (http) with context path '/'
2025-05-22T14:44:05.672+05:30  INFO 3172 --- [customer] [restartedMain] c.app.ClmsCustomerApiModuleApplication   : Started ClmsCustomerApiModuleApplication in 0.674 seconds (process running for 993.133)
2025-05-22T14:44:05.673+05:30  INFO 3172 --- [customer] [restartedMain] .ConditionEvaluationDeltaLoggingListener : Condition evaluation unchanged
2025-05-22T14:44:17.294+05:30  INFO 3172 --- [customer] [File Watcher] rtingClassPathChangeChangedEventListener : Restarting due to 1 class path change (0 additions, 0 deletions, 1 modification)
2025-05-22T14:44:17.295+05:30  INFO 3172 --- [customer] [Thread-27] o.s.b.w.e.tomcat.GracefulShutdown        : Commencing graceful shutdown. Waiting for active requests to complete
2025-05-22T14:44:17.337+05:30  INFO 3172 --- [customer] [tomcat-shutdown] o.s.b.w.e.tomcat.GracefulShutdown        : Graceful shutdown complete
2025-05-22T14:44:17.339+05:30  INFO 3172 --- [customer] [Thread-27] j.LocalContainerEntityManagerFactoryBean : Closing JPA EntityManagerFactory for persistence unit 'default'
2025-05-22T14:44:17.339+05:30  INFO 3172 --- [customer] [Thread-27] com.zaxxer.hikari.HikariDataSource       : HikariPool-7 - Shutdown initiated...
2025-05-22T14:44:17.343+05:30  INFO 3172 --- [customer] [Thread-27] com.zaxxer.hikari.HikariDataSource       : HikariPool-7 - Shutdown completed.
2025-05-22T14:44:17.426+05:30  INFO 3172 --- [customer] [restartedMain] c.app.ClmsCustomerApiModuleApplication   : Starting ClmsCustomerApiModuleApplication using Java 17.0.8.1 with PID 3172 (C:\Users\Dell\git\CarLoan_Customer\CLMS-Customer-API-Module\target\classes started by Dell in C:\Users\Dell\git\CarLoan_Customer\CLMS-Customer-API-Module)
2025-05-22T14:44:17.426+05:30  INFO 3172 --- [customer] [restartedMain] c.app.ClmsCustomerApiModuleApplication   : No active profile set, falling back to 1 default profile: "default"
2025-05-22T14:44:17.575+05:30  INFO 3172 --- [customer] [restartedMain] .s.d.r.c.RepositoryConfigurationDelegate : Bootstrapping Spring Data JPA repositories in DEFAULT mode.
2025-05-22T14:44:17.583+05:30  INFO 3172 --- [customer] [restartedMain] .s.d.r.c.RepositoryConfigurationDelegate : Finished Spring Data repository scanning in 7 ms. Found 1 JPA repository interface.
2025-05-22T14:44:17.663+05:30  INFO 3172 --- [customer] [restartedMain] o.s.b.w.embedded.tomcat.TomcatWebServer  : Tomcat initialized with port 7777 (http)
2025-05-22T14:44:17.664+05:30  INFO 3172 --- [customer] [restartedMain] o.apache.catalina.core.StandardService   : Starting service [Tomcat]
2025-05-22T14:44:17.664+05:30  INFO 3172 --- [customer] [restartedMain] o.apache.catalina.core.StandardEngine    : Starting Servlet engine: [Apache Tomcat/10.1.40]
2025-05-22T14:44:17.678+05:30  INFO 3172 --- [customer] [restartedMain] o.a.c.c.C.[Tomcat].[localhost].[/]       : Initializing Spring embedded WebApplicationContext
2025-05-22T14:44:17.679+05:30  INFO 3172 --- [customer] [restartedMain] w.s.c.ServletWebServerApplicationContext : Root WebApplicationContext: initialization completed in 252 ms
2025-05-22T14:44:17.713+05:30  INFO 3172 --- [customer] [restartedMain] o.hibernate.jpa.internal.util.LogHelper  : HHH000204: Processing PersistenceUnitInfo [name: default]
2025-05-22T14:44:17.716+05:30  INFO 3172 --- [customer] [restartedMain] o.h.c.internal.RegionFactoryInitiator    : HHH000026: Second-level cache disabled
2025-05-22T14:44:17.725+05:30  INFO 3172 --- [customer] [restartedMain] o.s.o.j.p.SpringPersistenceUnitInfo      : No LoadTimeWeaver setup: ignoring JPA class transformer
2025-05-22T14:44:17.726+05:30  INFO 3172 --- [customer] [restartedMain] com.zaxxer.hikari.HikariDataSource       : HikariPool-8 - Starting...
2025-05-22T14:44:17.740+05:30  INFO 3172 --- [customer] [restartedMain] com.zaxxer.hikari.pool.HikariPool        : HikariPool-8 - Added connection com.mysql.cj.jdbc.ConnectionImpl@66be0a54
2025-05-22T14:44:17.740+05:30  INFO 3172 --- [customer] [restartedMain] com.zaxxer.hikari.HikariDataSource       : HikariPool-8 - Start completed.
2025-05-22T14:44:17.741+05:30  WARN 3172 --- [customer] [restartedMain] org.hibernate.orm.deprecation            : HHH90000025: MySQLDialect does not need to be specified explicitly using 'hibernate.dialect' (remove the property setting and it will be selected by default)
2025-05-22T14:44:17.741+05:30  INFO 3172 --- [customer] [restartedMain] org.hibernate.orm.connections.pooling    : HHH10001005: Database info:
	Database JDBC URL [Connecting through datasource 'HikariDataSource (HikariPool-8)']
	Database driver: undefined/unknown
	Database version: 8.0.37
	Autocommit mode: undefined/unknown
	Isolation level: undefined/unknown
	Minimum pool size: undefined/unknown
	Maximum pool size: undefined/unknown
2025-05-22T14:44:17.802+05:30  INFO 3172 --- [customer] [restartedMain] o.h.e.t.j.p.i.JtaPlatformInitiator       : HHH000489: No JTA platform available (set 'hibernate.transaction.jta.platform' to enable JTA platform integration)
2025-05-22T14:44:17.835+05:30  INFO 3172 --- [customer] [restartedMain] j.LocalContainerEntityManagerFactoryBean : Initialized JPA EntityManagerFactory for persistence unit 'default'
2025-05-22T14:44:17.923+05:30  WARN 3172 --- [customer] [restartedMain] JpaBaseConfiguration$JpaWebConfiguration : spring.jpa.open-in-view is enabled by default. Therefore, database queries may be performed during view rendering. Explicitly configure spring.jpa.open-in-view to disable this warning
2025-05-22T14:44:17.937+05:30  INFO 3172 --- [customer] [restartedMain] o.s.v.b.OptionalValidatorFactoryBean     : Failed to set up a Bean Validation provider: jakarta.validation.NoProviderFoundException: Unable to create a Configuration, because no Jakarta Bean Validation provider could be found. Add a provider like Hibernate Validator (RI) to your classpath.
2025-05-22T14:44:18.047+05:30  INFO 3172 --- [customer] [restartedMain] o.s.b.d.a.OptionalLiveReloadServer       : LiveReload server is running on port 35729
2025-05-22T14:44:18.068+05:30  INFO 3172 --- [customer] [restartedMain] o.s.b.w.embedded.tomcat.TomcatWebServer  : Tomcat started on port 7777 (http) with context path '/'
2025-05-22T14:44:18.074+05:30  INFO 3172 --- [customer] [restartedMain] c.app.ClmsCustomerApiModuleApplication   : Started ClmsCustomerApiModuleApplication in 0.677 seconds (process running for 1005.535)
2025-05-22T14:44:18.076+05:30  INFO 3172 --- [customer] [restartedMain] .ConditionEvaluationDeltaLoggingListener : Condition evaluation unchanged
2025-05-22T14:46:17.204+05:30  INFO 3172 --- [customer] [File Watcher] rtingClassPathChangeChangedEventListener : Restarting due to 1 class path change (0 additions, 0 deletions, 1 modification)
2025-05-22T14:46:17.208+05:30  INFO 3172 --- [customer] [Thread-31] o.s.b.w.e.tomcat.GracefulShutdown        : Commencing graceful shutdown. Waiting for active requests to complete
2025-05-22T14:46:17.270+05:30  INFO 3172 --- [customer] [tomcat-shutdown] o.s.b.w.e.tomcat.GracefulShutdown        : Graceful shutdown complete
2025-05-22T14:46:17.272+05:30  INFO 3172 --- [customer] [Thread-31] j.LocalContainerEntityManagerFactoryBean : Closing JPA EntityManagerFactory for persistence unit 'default'
2025-05-22T14:46:17.273+05:30  INFO 3172 --- [customer] [Thread-31] com.zaxxer.hikari.HikariDataSource       : HikariPool-8 - Shutdown initiated...
2025-05-22T14:46:17.279+05:30  INFO 3172 --- [customer] [Thread-31] com.zaxxer.hikari.HikariDataSource       : HikariPool-8 - Shutdown completed.
2025-05-22T14:46:17.357+05:30  INFO 3172 --- [customer] [restartedMain] c.app.ClmsCustomerApiModuleApplication   : Starting ClmsCustomerApiModuleApplication using Java 17.0.8.1 with PID 3172 (C:\Users\Dell\git\CarLoan_Customer\CLMS-Customer-API-Module\target\classes started by Dell in C:\Users\Dell\git\CarLoan_Customer\CLMS-Customer-API-Module)
2025-05-22T14:46:17.358+05:30  INFO 3172 --- [customer] [restartedMain] c.app.ClmsCustomerApiModuleApplication   : No active profile set, falling back to 1 default profile: "default"
2025-05-22T14:46:17.510+05:30  INFO 3172 --- [customer] [restartedMain] .s.d.r.c.RepositoryConfigurationDelegate : Bootstrapping Spring Data JPA repositories in DEFAULT mode.
2025-05-22T14:46:17.518+05:30  INFO 3172 --- [customer] [restartedMain] .s.d.r.c.RepositoryConfigurationDelegate : Finished Spring Data repository scanning in 7 ms. Found 1 JPA repository interface.
2025-05-22T14:46:17.591+05:30  INFO 3172 --- [customer] [restartedMain] o.s.b.w.embedded.tomcat.TomcatWebServer  : Tomcat initialized with port 7777 (http)
2025-05-22T14:46:17.592+05:30  INFO 3172 --- [customer] [restartedMain] o.apache.catalina.core.StandardService   : Starting service [Tomcat]
2025-05-22T14:46:17.592+05:30  INFO 3172 --- [customer] [restartedMain] o.apache.catalina.core.StandardEngine    : Starting Servlet engine: [Apache Tomcat/10.1.40]
2025-05-22T14:46:17.608+05:30  INFO 3172 --- [customer] [restartedMain] o.a.c.c.C.[Tomcat].[localhost].[/]       : Initializing Spring embedded WebApplicationContext
2025-05-22T14:46:17.608+05:30  INFO 3172 --- [customer] [restartedMain] w.s.c.ServletWebServerApplicationContext : Root WebApplicationContext: initialization completed in 249 ms
2025-05-22T14:46:17.649+05:30  INFO 3172 --- [customer] [restartedMain] o.hibernate.jpa.internal.util.LogHelper  : HHH000204: Processing PersistenceUnitInfo [name: default]
2025-05-22T14:46:17.652+05:30  INFO 3172 --- [customer] [restartedMain] o.h.c.internal.RegionFactoryInitiator    : HHH000026: Second-level cache disabled
2025-05-22T14:46:17.660+05:30  INFO 3172 --- [customer] [restartedMain] o.s.o.j.p.SpringPersistenceUnitInfo      : No LoadTimeWeaver setup: ignoring JPA class transformer
2025-05-22T14:46:17.661+05:30  INFO 3172 --- [customer] [restartedMain] com.zaxxer.hikari.HikariDataSource       : HikariPool-9 - Starting...
2025-05-22T14:46:17.674+05:30  INFO 3172 --- [customer] [restartedMain] com.zaxxer.hikari.pool.HikariPool        : HikariPool-9 - Added connection com.mysql.cj.jdbc.ConnectionImpl@95a2f5a
2025-05-22T14:46:17.675+05:30  INFO 3172 --- [customer] [restartedMain] com.zaxxer.hikari.HikariDataSource       : HikariPool-9 - Start completed.
2025-05-22T14:46:17.675+05:30  WARN 3172 --- [customer] [restartedMain] org.hibernate.orm.deprecation            : HHH90000025: MySQLDialect does not need to be specified explicitly using 'hibernate.dialect' (remove the property setting and it will be selected by default)
2025-05-22T14:46:17.676+05:30  INFO 3172 --- [customer] [restartedMain] org.hibernate.orm.connections.pooling    : HHH10001005: Database info:
	Database JDBC URL [Connecting through datasource 'HikariDataSource (HikariPool-9)']
	Database driver: undefined/unknown
	Database version: 8.0.37
	Autocommit mode: undefined/unknown
	Isolation level: undefined/unknown
	Minimum pool size: undefined/unknown
	Maximum pool size: undefined/unknown
2025-05-22T14:46:17.741+05:30  INFO 3172 --- [customer] [restartedMain] o.h.e.t.j.p.i.JtaPlatformInitiator       : HHH000489: No JTA platform available (set 'hibernate.transaction.jta.platform' to enable JTA platform integration)
2025-05-22T14:46:17.770+05:30  INFO 3172 --- [customer] [restartedMain] j.LocalContainerEntityManagerFactoryBean : Initialized JPA EntityManagerFactory for persistence unit 'default'
2025-05-22T14:46:17.851+05:30  WARN 3172 --- [customer] [restartedMain] JpaBaseConfiguration$JpaWebConfiguration : spring.jpa.open-in-view is enabled by default. Therefore, database queries may be performed during view rendering. Explicitly configure spring.jpa.open-in-view to disable this warning
2025-05-22T14:46:17.862+05:30  INFO 3172 --- [customer] [restartedMain] o.s.v.b.OptionalValidatorFactoryBean     : Failed to set up a Bean Validation provider: jakarta.validation.NoProviderFoundException: Unable to create a Configuration, because no Jakarta Bean Validation provider could be found. Add a provider like Hibernate Validator (RI) to your classpath.
2025-05-22T14:46:17.970+05:30  INFO 3172 --- [customer] [restartedMain] o.s.b.d.a.OptionalLiveReloadServer       : LiveReload server is running on port 35729
2025-05-22T14:46:17.981+05:30  INFO 3172 --- [customer] [restartedMain] o.s.b.w.embedded.tomcat.TomcatWebServer  : Tomcat started on port 7777 (http) with context path '/'
2025-05-22T14:46:17.986+05:30  INFO 3172 --- [customer] [restartedMain] c.app.ClmsCustomerApiModuleApplication   : Started ClmsCustomerApiModuleApplication in 0.654 seconds (process running for 1125.447)
2025-05-22T14:46:17.987+05:30  INFO 3172 --- [customer] [restartedMain] .ConditionEvaluationDeltaLoggingListener : Condition evaluation unchanged
2025-05-22T14:47:53.228+05:30  INFO 3172 --- [customer] [File Watcher] rtingClassPathChangeChangedEventListener : Restarting due to 1 class path change (0 additions, 0 deletions, 1 modification)
2025-05-22T14:47:53.229+05:30  INFO 3172 --- [customer] [Thread-35] o.s.b.w.e.tomcat.GracefulShutdown        : Commencing graceful shutdown. Waiting for active requests to complete
2025-05-22T14:47:53.278+05:30  INFO 3172 --- [customer] [tomcat-shutdown] o.s.b.w.e.tomcat.GracefulShutdown        : Graceful shutdown complete
2025-05-22T14:47:53.280+05:30  INFO 3172 --- [customer] [Thread-35] j.LocalContainerEntityManagerFactoryBean : Closing JPA EntityManagerFactory for persistence unit 'default'
2025-05-22T14:47:53.280+05:30  INFO 3172 --- [customer] [Thread-35] com.zaxxer.hikari.HikariDataSource       : HikariPool-9 - Shutdown initiated...
2025-05-22T14:47:53.287+05:30  INFO 3172 --- [customer] [Thread-35] com.zaxxer.hikari.HikariDataSource       : HikariPool-9 - Shutdown completed.
2025-05-22T14:47:53.377+05:30  INFO 3172 --- [customer] [restartedMain] c.app.ClmsCustomerApiModuleApplication   : Starting ClmsCustomerApiModuleApplication using Java 17.0.8.1 with PID 3172 (C:\Users\Dell\git\CarLoan_Customer\CLMS-Customer-API-Module\target\classes started by Dell in C:\Users\Dell\git\CarLoan_Customer\CLMS-Customer-API-Module)
2025-05-22T14:47:53.377+05:30  INFO 3172 --- [customer] [restartedMain] c.app.ClmsCustomerApiModuleApplication   : No active profile set, falling back to 1 default profile: "default"
2025-05-22T14:47:53.604+05:30  INFO 3172 --- [customer] [restartedMain] .s.d.r.c.RepositoryConfigurationDelegate : Bootstrapping Spring Data JPA repositories in DEFAULT mode.
2025-05-22T14:47:53.612+05:30  INFO 3172 --- [customer] [restartedMain] .s.d.r.c.RepositoryConfigurationDelegate : Finished Spring Data repository scanning in 6 ms. Found 1 JPA repository interface.
2025-05-22T14:47:53.703+05:30  INFO 3172 --- [customer] [restartedMain] o.s.b.w.embedded.tomcat.TomcatWebServer  : Tomcat initialized with port 7777 (http)
2025-05-22T14:47:53.704+05:30  INFO 3172 --- [customer] [restartedMain] o.apache.catalina.core.StandardService   : Starting service [Tomcat]
2025-05-22T14:47:53.704+05:30  INFO 3172 --- [customer] [restartedMain] o.apache.catalina.core.StandardEngine    : Starting Servlet engine: [Apache Tomcat/10.1.40]
2025-05-22T14:47:53.725+05:30  INFO 3172 --- [customer] [restartedMain] o.a.c.c.C.[Tomcat].[localhost].[/]       : Initializing Spring embedded WebApplicationContext
2025-05-22T14:47:53.725+05:30  INFO 3172 --- [customer] [restartedMain] w.s.c.ServletWebServerApplicationContext : Root WebApplicationContext: initialization completed in 346 ms
2025-05-22T14:47:53.762+05:30  INFO 3172 --- [customer] [restartedMain] o.hibernate.jpa.internal.util.LogHelper  : HHH000204: Processing PersistenceUnitInfo [name: default]
2025-05-22T14:47:53.765+05:30  INFO 3172 --- [customer] [restartedMain] o.h.c.internal.RegionFactoryInitiator    : HHH000026: Second-level cache disabled
2025-05-22T14:47:53.776+05:30  INFO 3172 --- [customer] [restartedMain] o.s.o.j.p.SpringPersistenceUnitInfo      : No LoadTimeWeaver setup: ignoring JPA class transformer
2025-05-22T14:47:53.777+05:30  INFO 3172 --- [customer] [restartedMain] com.zaxxer.hikari.HikariDataSource       : HikariPool-10 - Starting...
2025-05-22T14:47:53.795+05:30  INFO 3172 --- [customer] [restartedMain] com.zaxxer.hikari.pool.HikariPool        : HikariPool-10 - Added connection com.mysql.cj.jdbc.ConnectionImpl@7332572
2025-05-22T14:47:53.795+05:30  INFO 3172 --- [customer] [restartedMain] com.zaxxer.hikari.HikariDataSource       : HikariPool-10 - Start completed.
2025-05-22T14:47:53.796+05:30  WARN 3172 --- [customer] [restartedMain] org.hibernate.orm.deprecation            : HHH90000025: MySQLDialect does not need to be specified explicitly using 'hibernate.dialect' (remove the property setting and it will be selected by default)
2025-05-22T14:47:53.796+05:30  INFO 3172 --- [customer] [restartedMain] org.hibernate.orm.connections.pooling    : HHH10001005: Database info:
	Database JDBC URL [Connecting through datasource 'HikariDataSource (HikariPool-10)']
	Database driver: undefined/unknown
	Database version: 8.0.37
	Autocommit mode: undefined/unknown
	Isolation level: undefined/unknown
	Minimum pool size: undefined/unknown
	Maximum pool size: undefined/unknown
2025-05-22T14:47:53.870+05:30  INFO 3172 --- [customer] [restartedMain] o.h.e.t.j.p.i.JtaPlatformInitiator       : HHH000489: No JTA platform available (set 'hibernate.transaction.jta.platform' to enable JTA platform integration)
2025-05-22T14:47:53.898+05:30  INFO 3172 --- [customer] [restartedMain] j.LocalContainerEntityManagerFactoryBean : Initialized JPA EntityManagerFactory for persistence unit 'default'
2025-05-22T14:47:54.005+05:30  WARN 3172 --- [customer] [restartedMain] JpaBaseConfiguration$JpaWebConfiguration : spring.jpa.open-in-view is enabled by default. Therefore, database queries may be performed during view rendering. Explicitly configure spring.jpa.open-in-view to disable this warning
2025-05-22T14:47:54.025+05:30  INFO 3172 --- [customer] [restartedMain] o.s.v.b.OptionalValidatorFactoryBean     : Failed to set up a Bean Validation provider: jakarta.validation.NoProviderFoundException: Unable to create a Configuration, because no Jakarta Bean Validation provider could be found. Add a provider like Hibernate Validator (RI) to your classpath.
2025-05-22T14:47:54.163+05:30  INFO 3172 --- [customer] [restartedMain] o.s.b.d.a.OptionalLiveReloadServer       : LiveReload server is running on port 35729
2025-05-22T14:47:54.181+05:30  INFO 3172 --- [customer] [restartedMain] o.s.b.w.embedded.tomcat.TomcatWebServer  : Tomcat started on port 7777 (http) with context path '/'
2025-05-22T14:47:54.187+05:30  INFO 3172 --- [customer] [restartedMain] c.app.ClmsCustomerApiModuleApplication   : Started ClmsCustomerApiModuleApplication in 0.839 seconds (process running for 1221.648)
2025-05-22T14:47:54.188+05:30  INFO 3172 --- [customer] [restartedMain] .ConditionEvaluationDeltaLoggingListener : Condition evaluation unchanged
2025-05-22T14:49:25.725+05:30  INFO 3172 --- [customer] [File Watcher] rtingClassPathChangeChangedEventListener : Restarting due to 1 class path change (0 additions, 0 deletions, 1 modification)
2025-05-22T14:49:25.726+05:30  INFO 3172 --- [customer] [Thread-39] o.s.b.w.e.tomcat.GracefulShutdown        : Commencing graceful shutdown. Waiting for active requests to complete
2025-05-22T14:49:25.775+05:30  INFO 3172 --- [customer] [tomcat-shutdown] o.s.b.w.e.tomcat.GracefulShutdown        : Graceful shutdown complete
2025-05-22T14:49:25.778+05:30  INFO 3172 --- [customer] [Thread-39] j.LocalContainerEntityManagerFactoryBean : Closing JPA EntityManagerFactory for persistence unit 'default'
2025-05-22T14:49:25.779+05:30  INFO 3172 --- [customer] [Thread-39] com.zaxxer.hikari.HikariDataSource       : HikariPool-10 - Shutdown initiated...
2025-05-22T14:49:25.784+05:30  INFO 3172 --- [customer] [Thread-39] com.zaxxer.hikari.HikariDataSource       : HikariPool-10 - Shutdown completed.
2025-05-22T14:49:25.868+05:30  INFO 3172 --- [customer] [restartedMain] c.app.ClmsCustomerApiModuleApplication   : Starting ClmsCustomerApiModuleApplication using Java 17.0.8.1 with PID 3172 (C:\Users\Dell\git\CarLoan_Customer\CLMS-Customer-API-Module\target\classes started by Dell in C:\Users\Dell\git\CarLoan_Customer\CLMS-Customer-API-Module)
2025-05-22T14:49:25.868+05:30  INFO 3172 --- [customer] [restartedMain] c.app.ClmsCustomerApiModuleApplication   : No active profile set, falling back to 1 default profile: "default"
2025-05-22T14:49:26.020+05:30  INFO 3172 --- [customer] [restartedMain] .s.d.r.c.RepositoryConfigurationDelegate : Bootstrapping Spring Data JPA repositories in DEFAULT mode.
2025-05-22T14:49:26.028+05:30  INFO 3172 --- [customer] [restartedMain] .s.d.r.c.RepositoryConfigurationDelegate : Finished Spring Data repository scanning in 6 ms. Found 1 JPA repository interface.
2025-05-22T14:49:26.100+05:30  INFO 3172 --- [customer] [restartedMain] o.s.b.w.embedded.tomcat.TomcatWebServer  : Tomcat initialized with port 7777 (http)
2025-05-22T14:49:26.100+05:30  INFO 3172 --- [customer] [restartedMain] o.apache.catalina.core.StandardService   : Starting service [Tomcat]
2025-05-22T14:49:26.101+05:30  INFO 3172 --- [customer] [restartedMain] o.apache.catalina.core.StandardEngine    : Starting Servlet engine: [Apache Tomcat/10.1.40]
2025-05-22T14:49:26.115+05:30  INFO 3172 --- [customer] [restartedMain] o.a.c.c.C.[Tomcat].[localhost].[/]       : Initializing Spring embedded WebApplicationContext
2025-05-22T14:49:26.115+05:30  INFO 3172 --- [customer] [restartedMain] w.s.c.ServletWebServerApplicationContext : Root WebApplicationContext: initialization completed in 245 ms
2025-05-22T14:49:26.148+05:30  INFO 3172 --- [customer] [restartedMain] o.hibernate.jpa.internal.util.LogHelper  : HHH000204: Processing PersistenceUnitInfo [name: default]
2025-05-22T14:49:26.150+05:30  INFO 3172 --- [customer] [restartedMain] o.h.c.internal.RegionFactoryInitiator    : HHH000026: Second-level cache disabled
2025-05-22T14:49:26.156+05:30  INFO 3172 --- [customer] [restartedMain] o.s.o.j.p.SpringPersistenceUnitInfo      : No LoadTimeWeaver setup: ignoring JPA class transformer
2025-05-22T14:49:26.157+05:30  INFO 3172 --- [customer] [restartedMain] com.zaxxer.hikari.HikariDataSource       : HikariPool-11 - Starting...
2025-05-22T14:49:26.168+05:30  INFO 3172 --- [customer] [restartedMain] com.zaxxer.hikari.pool.HikariPool        : HikariPool-11 - Added connection com.mysql.cj.jdbc.ConnectionImpl@2b2d60e3
2025-05-22T14:49:26.169+05:30  INFO 3172 --- [customer] [restartedMain] com.zaxxer.hikari.HikariDataSource       : HikariPool-11 - Start completed.
2025-05-22T14:49:26.171+05:30  WARN 3172 --- [customer] [restartedMain] org.hibernate.orm.deprecation            : HHH90000025: MySQLDialect does not need to be specified explicitly using 'hibernate.dialect' (remove the property setting and it will be selected by default)
2025-05-22T14:49:26.171+05:30  INFO 3172 --- [customer] [restartedMain] org.hibernate.orm.connections.pooling    : HHH10001005: Database info:
	Database JDBC URL [Connecting through datasource 'HikariDataSource (HikariPool-11)']
	Database driver: undefined/unknown
	Database version: 8.0.37
	Autocommit mode: undefined/unknown
	Isolation level: undefined/unknown
	Minimum pool size: undefined/unknown
	Maximum pool size: undefined/unknown
2025-05-22T14:49:26.254+05:30  INFO 3172 --- [customer] [restartedMain] o.h.e.t.j.p.i.JtaPlatformInitiator       : HHH000489: No JTA platform available (set 'hibernate.transaction.jta.platform' to enable JTA platform integration)
2025-05-22T14:49:26.288+05:30  INFO 3172 --- [customer] [restartedMain] j.LocalContainerEntityManagerFactoryBean : Initialized JPA EntityManagerFactory for persistence unit 'default'
2025-05-22T14:49:26.355+05:30  WARN 3172 --- [customer] [restartedMain] JpaBaseConfiguration$JpaWebConfiguration : spring.jpa.open-in-view is enabled by default. Therefore, database queries may be performed during view rendering. Explicitly configure spring.jpa.open-in-view to disable this warning
2025-05-22T14:49:26.370+05:30  INFO 3172 --- [customer] [restartedMain] o.s.v.b.OptionalValidatorFactoryBean     : Failed to set up a Bean Validation provider: jakarta.validation.NoProviderFoundException: Unable to create a Configuration, because no Jakarta Bean Validation provider could be found. Add a provider like Hibernate Validator (RI) to your classpath.
2025-05-22T14:49:26.461+05:30  INFO 3172 --- [customer] [restartedMain] o.s.b.d.a.OptionalLiveReloadServer       : LiveReload server is running on port 35729
2025-05-22T14:49:26.473+05:30  INFO 3172 --- [customer] [restartedMain] o.s.b.w.embedded.tomcat.TomcatWebServer  : Tomcat started on port 7777 (http) with context path '/'
2025-05-22T14:49:26.477+05:30  INFO 3172 --- [customer] [restartedMain] c.app.ClmsCustomerApiModuleApplication   : Started ClmsCustomerApiModuleApplication in 0.633 seconds (process running for 1313.938)
2025-05-22T14:49:26.478+05:30  INFO 3172 --- [customer] [restartedMain] .ConditionEvaluationDeltaLoggingListener : Condition evaluation unchanged
2025-05-22T14:49:58.420+05:30  INFO 3172 --- [customer] [File Watcher] rtingClassPathChangeChangedEventListener : Restarting due to 1 class path change (0 additions, 0 deletions, 1 modification)
2025-05-22T14:49:58.421+05:30  INFO 3172 --- [customer] [Thread-43] o.s.b.w.e.tomcat.GracefulShutdown        : Commencing graceful shutdown. Waiting for active requests to complete
2025-05-22T14:49:58.462+05:30  INFO 3172 --- [customer] [tomcat-shutdown] o.s.b.w.e.tomcat.GracefulShutdown        : Graceful shutdown complete
2025-05-22T14:49:58.464+05:30  INFO 3172 --- [customer] [Thread-43] j.LocalContainerEntityManagerFactoryBean : Closing JPA EntityManagerFactory for persistence unit 'default'
2025-05-22T14:49:58.469+05:30  INFO 3172 --- [customer] [Thread-43] com.zaxxer.hikari.HikariDataSource       : HikariPool-11 - Shutdown initiated...
2025-05-22T14:49:58.473+05:30  INFO 3172 --- [customer] [Thread-43] com.zaxxer.hikari.HikariDataSource       : HikariPool-11 - Shutdown completed.
2025-05-22T14:49:58.557+05:30  INFO 3172 --- [customer] [restartedMain] c.app.ClmsCustomerApiModuleApplication   : Starting ClmsCustomerApiModuleApplication using Java 17.0.8.1 with PID 3172 (C:\Users\Dell\git\CarLoan_Customer\CLMS-Customer-API-Module\target\classes started by Dell in C:\Users\Dell\git\CarLoan_Customer\CLMS-Customer-API-Module)
2025-05-22T14:49:58.557+05:30  INFO 3172 --- [customer] [restartedMain] c.app.ClmsCustomerApiModuleApplication   : No active profile set, falling back to 1 default profile: "default"
2025-05-22T14:49:58.730+05:30  INFO 3172 --- [customer] [restartedMain] .s.d.r.c.RepositoryConfigurationDelegate : Bootstrapping Spring Data JPA repositories in DEFAULT mode.
2025-05-22T14:49:58.739+05:30  INFO 3172 --- [customer] [restartedMain] .s.d.r.c.RepositoryConfigurationDelegate : Finished Spring Data repository scanning in 7 ms. Found 1 JPA repository interface.
2025-05-22T14:49:58.814+05:30  INFO 3172 --- [customer] [restartedMain] o.s.b.w.embedded.tomcat.TomcatWebServer  : Tomcat initialized with port 7777 (http)
2025-05-22T14:49:58.814+05:30  INFO 3172 --- [customer] [restartedMain] o.apache.catalina.core.StandardService   : Starting service [Tomcat]
2025-05-22T14:49:58.814+05:30  INFO 3172 --- [customer] [restartedMain] o.apache.catalina.core.StandardEngine    : Starting Servlet engine: [Apache Tomcat/10.1.40]
2025-05-22T14:49:58.828+05:30  INFO 3172 --- [customer] [restartedMain] o.a.c.c.C.[Tomcat].[localhost].[/]       : Initializing Spring embedded WebApplicationContext
2025-05-22T14:49:58.829+05:30  INFO 3172 --- [customer] [restartedMain] w.s.c.ServletWebServerApplicationContext : Root WebApplicationContext: initialization completed in 270 ms
2025-05-22T14:49:58.865+05:30  INFO 3172 --- [customer] [restartedMain] o.hibernate.jpa.internal.util.LogHelper  : HHH000204: Processing PersistenceUnitInfo [name: default]
2025-05-22T14:49:58.867+05:30  INFO 3172 --- [customer] [restartedMain] o.h.c.internal.RegionFactoryInitiator    : HHH000026: Second-level cache disabled
2025-05-22T14:49:58.876+05:30  INFO 3172 --- [customer] [restartedMain] o.s.o.j.p.SpringPersistenceUnitInfo      : No LoadTimeWeaver setup: ignoring JPA class transformer
2025-05-22T14:49:58.876+05:30  INFO 3172 --- [customer] [restartedMain] com.zaxxer.hikari.HikariDataSource       : HikariPool-12 - Starting...
2025-05-22T14:49:58.887+05:30  INFO 3172 --- [customer] [restartedMain] com.zaxxer.hikari.pool.HikariPool        : HikariPool-12 - Added connection com.mysql.cj.jdbc.ConnectionImpl@4cf4775e
2025-05-22T14:49:58.887+05:30  INFO 3172 --- [customer] [restartedMain] com.zaxxer.hikari.HikariDataSource       : HikariPool-12 - Start completed.
2025-05-22T14:49:58.888+05:30  WARN 3172 --- [customer] [restartedMain] org.hibernate.orm.deprecation            : HHH90000025: MySQLDialect does not need to be specified explicitly using 'hibernate.dialect' (remove the property setting and it will be selected by default)
2025-05-22T14:49:58.888+05:30  INFO 3172 --- [customer] [restartedMain] org.hibernate.orm.connections.pooling    : HHH10001005: Database info:
	Database JDBC URL [Connecting through datasource 'HikariDataSource (HikariPool-12)']
	Database driver: undefined/unknown
	Database version: 8.0.37
	Autocommit mode: undefined/unknown
	Isolation level: undefined/unknown
	Minimum pool size: undefined/unknown
	Maximum pool size: undefined/unknown
2025-05-22T14:49:58.948+05:30  INFO 3172 --- [customer] [restartedMain] o.h.e.t.j.p.i.JtaPlatformInitiator       : HHH000489: No JTA platform available (set 'hibernate.transaction.jta.platform' to enable JTA platform integration)
2025-05-22T14:49:58.977+05:30  INFO 3172 --- [customer] [restartedMain] j.LocalContainerEntityManagerFactoryBean : Initialized JPA EntityManagerFactory for persistence unit 'default'
2025-05-22T14:49:59.072+05:30  WARN 3172 --- [customer] [restartedMain] JpaBaseConfiguration$JpaWebConfiguration : spring.jpa.open-in-view is enabled by default. Therefore, database queries may be performed during view rendering. Explicitly configure spring.jpa.open-in-view to disable this warning
2025-05-22T14:49:59.087+05:30  INFO 3172 --- [customer] [restartedMain] o.s.v.b.OptionalValidatorFactoryBean     : Failed to set up a Bean Validation provider: jakarta.validation.NoProviderFoundException: Unable to create a Configuration, because no Jakarta Bean Validation provider could be found. Add a provider like Hibernate Validator (RI) to your classpath.
2025-05-22T14:49:59.200+05:30  INFO 3172 --- [customer] [restartedMain] o.s.b.d.a.OptionalLiveReloadServer       : LiveReload server is running on port 35729
2025-05-22T14:49:59.215+05:30  INFO 3172 --- [customer] [restartedMain] o.s.b.w.embedded.tomcat.TomcatWebServer  : Tomcat started on port 7777 (http) with context path '/'
2025-05-22T14:49:59.221+05:30  INFO 3172 --- [customer] [restartedMain] c.app.ClmsCustomerApiModuleApplication   : Started ClmsCustomerApiModuleApplication in 0.689 seconds (process running for 1346.682)
2025-05-22T14:49:59.223+05:30  INFO 3172 --- [customer] [restartedMain] .ConditionEvaluationDeltaLoggingListener : Condition evaluation unchanged
2025-05-22T14:51:26.452+05:30  INFO 3172 --- [customer] [File Watcher] rtingClassPathChangeChangedEventListener : Restarting due to 1 class path change (0 additions, 0 deletions, 1 modification)
2025-05-22T14:51:26.453+05:30  INFO 3172 --- [customer] [Thread-47] o.s.b.w.e.tomcat.GracefulShutdown        : Commencing graceful shutdown. Waiting for active requests to complete
2025-05-22T14:51:26.493+05:30  INFO 3172 --- [customer] [tomcat-shutdown] o.s.b.w.e.tomcat.GracefulShutdown        : Graceful shutdown complete
2025-05-22T14:51:26.494+05:30  INFO 3172 --- [customer] [Thread-47] j.LocalContainerEntityManagerFactoryBean : Closing JPA EntityManagerFactory for persistence unit 'default'
2025-05-22T14:51:26.495+05:30  INFO 3172 --- [customer] [Thread-47] com.zaxxer.hikari.HikariDataSource       : HikariPool-12 - Shutdown initiated...
2025-05-22T14:51:26.501+05:30  INFO 3172 --- [customer] [Thread-47] com.zaxxer.hikari.HikariDataSource       : HikariPool-12 - Shutdown completed.
2025-05-22T14:51:26.571+05:30  INFO 3172 --- [customer] [restartedMain] c.app.ClmsCustomerApiModuleApplication   : Starting ClmsCustomerApiModuleApplication using Java 17.0.8.1 with PID 3172 (C:\Users\Dell\git\CarLoan_Customer\CLMS-Customer-API-Module\target\classes started by Dell in C:\Users\Dell\git\CarLoan_Customer\CLMS-Customer-API-Module)
2025-05-22T14:51:26.572+05:30  INFO 3172 --- [customer] [restartedMain] c.app.ClmsCustomerApiModuleApplication   : No active profile set, falling back to 1 default profile: "default"
2025-05-22T14:51:26.734+05:30  INFO 3172 --- [customer] [restartedMain] .s.d.r.c.RepositoryConfigurationDelegate : Bootstrapping Spring Data JPA repositories in DEFAULT mode.
2025-05-22T14:51:26.740+05:30  INFO 3172 --- [customer] [restartedMain] .s.d.r.c.RepositoryConfigurationDelegate : Finished Spring Data repository scanning in 5 ms. Found 1 JPA repository interface.
2025-05-22T14:51:26.812+05:30  INFO 3172 --- [customer] [restartedMain] o.s.b.w.embedded.tomcat.TomcatWebServer  : Tomcat initialized with port 7777 (http)
2025-05-22T14:51:26.812+05:30  INFO 3172 --- [customer] [restartedMain] o.apache.catalina.core.StandardService   : Starting service [Tomcat]
2025-05-22T14:51:26.813+05:30  INFO 3172 --- [customer] [restartedMain] o.apache.catalina.core.StandardEngine    : Starting Servlet engine: [Apache Tomcat/10.1.40]
2025-05-22T14:51:26.831+05:30  INFO 3172 --- [customer] [restartedMain] o.a.c.c.C.[Tomcat].[localhost].[/]       : Initializing Spring embedded WebApplicationContext
2025-05-22T14:51:26.831+05:30  INFO 3172 --- [customer] [restartedMain] w.s.c.ServletWebServerApplicationContext : Root WebApplicationContext: initialization completed in 258 ms
2025-05-22T14:51:26.865+05:30  INFO 3172 --- [customer] [restartedMain] o.hibernate.jpa.internal.util.LogHelper  : HHH000204: Processing PersistenceUnitInfo [name: default]
2025-05-22T14:51:26.868+05:30  INFO 3172 --- [customer] [restartedMain] o.h.c.internal.RegionFactoryInitiator    : HHH000026: Second-level cache disabled
2025-05-22T14:51:26.874+05:30  INFO 3172 --- [customer] [restartedMain] o.s.o.j.p.SpringPersistenceUnitInfo      : No LoadTimeWeaver setup: ignoring JPA class transformer
2025-05-22T14:51:26.874+05:30  INFO 3172 --- [customer] [restartedMain] com.zaxxer.hikari.HikariDataSource       : HikariPool-13 - Starting...
2025-05-22T14:51:26.885+05:30  INFO 3172 --- [customer] [restartedMain] com.zaxxer.hikari.pool.HikariPool        : HikariPool-13 - Added connection com.mysql.cj.jdbc.ConnectionImpl@69bd3436
2025-05-22T14:51:26.885+05:30  INFO 3172 --- [customer] [restartedMain] com.zaxxer.hikari.HikariDataSource       : HikariPool-13 - Start completed.
2025-05-22T14:51:26.886+05:30  WARN 3172 --- [customer] [restartedMain] org.hibernate.orm.deprecation            : HHH90000025: MySQLDialect does not need to be specified explicitly using 'hibernate.dialect' (remove the property setting and it will be selected by default)
2025-05-22T14:51:26.886+05:30  INFO 3172 --- [customer] [restartedMain] org.hibernate.orm.connections.pooling    : HHH10001005: Database info:
	Database JDBC URL [Connecting through datasource 'HikariDataSource (HikariPool-13)']
	Database driver: undefined/unknown
	Database version: 8.0.37
	Autocommit mode: undefined/unknown
	Isolation level: undefined/unknown
	Minimum pool size: undefined/unknown
	Maximum pool size: undefined/unknown
2025-05-22T14:51:26.972+05:30  INFO 3172 --- [customer] [restartedMain] o.h.e.t.j.p.i.JtaPlatformInitiator       : HHH000489: No JTA platform available (set 'hibernate.transaction.jta.platform' to enable JTA platform integration)
2025-05-22T14:51:27.002+05:30  INFO 3172 --- [customer] [restartedMain] j.LocalContainerEntityManagerFactoryBean : Initialized JPA EntityManagerFactory for persistence unit 'default'
2025-05-22T14:51:27.109+05:30  WARN 3172 --- [customer] [restartedMain] JpaBaseConfiguration$JpaWebConfiguration : spring.jpa.open-in-view is enabled by default. Therefore, database queries may be performed during view rendering. Explicitly configure spring.jpa.open-in-view to disable this warning
2025-05-22T14:51:27.123+05:30  INFO 3172 --- [customer] [restartedMain] o.s.v.b.OptionalValidatorFactoryBean     : Failed to set up a Bean Validation provider: jakarta.validation.NoProviderFoundException: Unable to create a Configuration, because no Jakarta Bean Validation provider could be found. Add a provider like Hibernate Validator (RI) to your classpath.
2025-05-22T14:51:27.249+05:30  INFO 3172 --- [customer] [restartedMain] o.s.b.d.a.OptionalLiveReloadServer       : LiveReload server is running on port 35729
2025-05-22T14:51:27.260+05:30  INFO 3172 --- [customer] [restartedMain] o.s.b.w.embedded.tomcat.TomcatWebServer  : Tomcat started on port 7777 (http) with context path '/'
2025-05-22T14:51:27.265+05:30  INFO 3172 --- [customer] [restartedMain] c.app.ClmsCustomerApiModuleApplication   : Started ClmsCustomerApiModuleApplication in 0.715 seconds (process running for 1434.726)
2025-05-22T14:51:27.266+05:30  INFO 3172 --- [customer] [restartedMain] .ConditionEvaluationDeltaLoggingListener : Condition evaluation unchanged
2025-05-22T14:58:03.497+05:30  INFO 3172 --- [customer] [File Watcher] rtingClassPathChangeChangedEventListener : Restarting due to 1 class path change (0 additions, 0 deletions, 1 modification)
2025-05-22T14:58:03.501+05:30  INFO 3172 --- [customer] [Thread-51] o.s.b.w.e.tomcat.GracefulShutdown        : Commencing graceful shutdown. Waiting for active requests to complete
2025-05-22T14:58:03.562+05:30  INFO 3172 --- [customer] [tomcat-shutdown] o.s.b.w.e.tomcat.GracefulShutdown        : Graceful shutdown complete
2025-05-22T14:58:03.563+05:30  INFO 3172 --- [customer] [Thread-51] j.LocalContainerEntityManagerFactoryBean : Closing JPA EntityManagerFactory for persistence unit 'default'
2025-05-22T14:58:03.564+05:30  INFO 3172 --- [customer] [Thread-51] com.zaxxer.hikari.HikariDataSource       : HikariPool-13 - Shutdown initiated...
2025-05-22T14:58:03.568+05:30  INFO 3172 --- [customer] [Thread-51] com.zaxxer.hikari.HikariDataSource       : HikariPool-13 - Shutdown completed.
2025-05-22T14:58:03.656+05:30  INFO 3172 --- [customer] [restartedMain] c.app.ClmsCustomerApiModuleApplication   : Starting ClmsCustomerApiModuleApplication using Java 17.0.8.1 with PID 3172 (C:\Users\Dell\git\CarLoan_Customer\CLMS-Customer-API-Module\target\classes started by Dell in C:\Users\Dell\git\CarLoan_Customer\CLMS-Customer-API-Module)
2025-05-22T14:58:03.657+05:30  INFO 3172 --- [customer] [restartedMain] c.app.ClmsCustomerApiModuleApplication   : No active profile set, falling back to 1 default profile: "default"
2025-05-22T14:58:03.878+05:30  INFO 3172 --- [customer] [restartedMain] .s.d.r.c.RepositoryConfigurationDelegate : Bootstrapping Spring Data JPA repositories in DEFAULT mode.
2025-05-22T14:58:03.887+05:30  INFO 3172 --- [customer] [restartedMain] .s.d.r.c.RepositoryConfigurationDelegate : Finished Spring Data repository scanning in 9 ms. Found 1 JPA repository interface.
2025-05-22T14:58:03.963+05:30  INFO 3172 --- [customer] [restartedMain] o.s.b.w.embedded.tomcat.TomcatWebServer  : Tomcat initialized with port 7777 (http)
2025-05-22T14:58:03.963+05:30  INFO 3172 --- [customer] [restartedMain] o.apache.catalina.core.StandardService   : Starting service [Tomcat]
2025-05-22T14:58:03.963+05:30  INFO 3172 --- [customer] [restartedMain] o.apache.catalina.core.StandardEngine    : Starting Servlet engine: [Apache Tomcat/10.1.40]
2025-05-22T14:58:03.980+05:30  INFO 3172 --- [customer] [restartedMain] o.a.c.c.C.[Tomcat].[localhost].[/]       : Initializing Spring embedded WebApplicationContext
2025-05-22T14:58:03.981+05:30  INFO 3172 --- [customer] [restartedMain] w.s.c.ServletWebServerApplicationContext : Root WebApplicationContext: initialization completed in 322 ms
2025-05-22T14:58:04.032+05:30  INFO 3172 --- [customer] [restartedMain] o.hibernate.jpa.internal.util.LogHelper  : HHH000204: Processing PersistenceUnitInfo [name: default]
2025-05-22T14:58:04.035+05:30  INFO 3172 --- [customer] [restartedMain] o.h.c.internal.RegionFactoryInitiator    : HHH000026: Second-level cache disabled
2025-05-22T14:58:04.040+05:30  INFO 3172 --- [customer] [restartedMain] o.s.o.j.p.SpringPersistenceUnitInfo      : No LoadTimeWeaver setup: ignoring JPA class transformer
2025-05-22T14:58:04.041+05:30  INFO 3172 --- [customer] [restartedMain] com.zaxxer.hikari.HikariDataSource       : HikariPool-14 - Starting...
2025-05-22T14:58:04.054+05:30  INFO 3172 --- [customer] [restartedMain] com.zaxxer.hikari.pool.HikariPool        : HikariPool-14 - Added connection com.mysql.cj.jdbc.ConnectionImpl@2d35ba91
2025-05-22T14:58:04.055+05:30  INFO 3172 --- [customer] [restartedMain] com.zaxxer.hikari.HikariDataSource       : HikariPool-14 - Start completed.
2025-05-22T14:58:04.056+05:30  WARN 3172 --- [customer] [restartedMain] org.hibernate.orm.deprecation            : HHH90000025: MySQLDialect does not need to be specified explicitly using 'hibernate.dialect' (remove the property setting and it will be selected by default)
2025-05-22T14:58:04.056+05:30  INFO 3172 --- [customer] [restartedMain] org.hibernate.orm.connections.pooling    : HHH10001005: Database info:
	Database JDBC URL [Connecting through datasource 'HikariDataSource (HikariPool-14)']
	Database driver: undefined/unknown
	Database version: 8.0.37
	Autocommit mode: undefined/unknown
	Isolation level: undefined/unknown
	Minimum pool size: undefined/unknown
	Maximum pool size: undefined/unknown
2025-05-22T14:58:04.122+05:30  INFO 3172 --- [customer] [restartedMain] o.h.e.t.j.p.i.JtaPlatformInitiator       : HHH000489: No JTA platform available (set 'hibernate.transaction.jta.platform' to enable JTA platform integration)
2025-05-22T14:58:04.152+05:30  INFO 3172 --- [customer] [restartedMain] j.LocalContainerEntityManagerFactoryBean : Initialized JPA EntityManagerFactory for persistence unit 'default'
2025-05-22T14:58:04.233+05:30  WARN 3172 --- [customer] [restartedMain] JpaBaseConfiguration$JpaWebConfiguration : spring.jpa.open-in-view is enabled by default. Therefore, database queries may be performed during view rendering. Explicitly configure spring.jpa.open-in-view to disable this warning
2025-05-22T14:58:04.249+05:30  INFO 3172 --- [customer] [restartedMain] o.s.v.b.OptionalValidatorFactoryBean     : Failed to set up a Bean Validation provider: jakarta.validation.NoProviderFoundException: Unable to create a Configuration, because no Jakarta Bean Validation provider could be found. Add a provider like Hibernate Validator (RI) to your classpath.
2025-05-22T14:58:04.370+05:30  INFO 3172 --- [customer] [restartedMain] o.s.b.d.a.OptionalLiveReloadServer       : LiveReload server is running on port 35729
2025-05-22T14:58:04.382+05:30  INFO 3172 --- [customer] [restartedMain] o.s.b.w.embedded.tomcat.TomcatWebServer  : Tomcat started on port 7777 (http) with context path '/'
2025-05-22T14:58:04.388+05:30  INFO 3172 --- [customer] [restartedMain] c.app.ClmsCustomerApiModuleApplication   : Started ClmsCustomerApiModuleApplication in 0.758 seconds (process running for 1831.849)
2025-05-22T14:58:04.389+05:30  INFO 3172 --- [customer] [restartedMain] .ConditionEvaluationDeltaLoggingListener : Condition evaluation unchanged
2025-05-22T14:58:33.486+05:30  INFO 3172 --- [customer] [File Watcher] rtingClassPathChangeChangedEventListener : Restarting due to 1 class path change (0 additions, 0 deletions, 1 modification)
2025-05-22T14:58:33.490+05:30  INFO 3172 --- [customer] [Thread-55] o.s.b.w.e.tomcat.GracefulShutdown        : Commencing graceful shutdown. Waiting for active requests to complete
2025-05-22T14:58:33.550+05:30  INFO 3172 --- [customer] [tomcat-shutdown] o.s.b.w.e.tomcat.GracefulShutdown        : Graceful shutdown complete
2025-05-22T14:58:33.551+05:30  INFO 3172 --- [customer] [Thread-55] j.LocalContainerEntityManagerFactoryBean : Closing JPA EntityManagerFactory for persistence unit 'default'
2025-05-22T14:58:33.552+05:30  INFO 3172 --- [customer] [Thread-55] com.zaxxer.hikari.HikariDataSource       : HikariPool-14 - Shutdown initiated...
2025-05-22T14:58:33.555+05:30  INFO 3172 --- [customer] [Thread-55] com.zaxxer.hikari.HikariDataSource       : HikariPool-14 - Shutdown completed.
2025-05-22T14:58:33.652+05:30  INFO 3172 --- [customer] [restartedMain] c.app.ClmsCustomerApiModuleApplication   : Starting ClmsCustomerApiModuleApplication using Java 17.0.8.1 with PID 3172 (C:\Users\Dell\git\CarLoan_Customer\CLMS-Customer-API-Module\target\classes started by Dell in C:\Users\Dell\git\CarLoan_Customer\CLMS-Customer-API-Module)
2025-05-22T14:58:33.652+05:30  INFO 3172 --- [customer] [restartedMain] c.app.ClmsCustomerApiModuleApplication   : No active profile set, falling back to 1 default profile: "default"
2025-05-22T14:58:33.829+05:30  INFO 3172 --- [customer] [restartedMain] .s.d.r.c.RepositoryConfigurationDelegate : Bootstrapping Spring Data JPA repositories in DEFAULT mode.
2025-05-22T14:58:33.837+05:30  INFO 3172 --- [customer] [restartedMain] .s.d.r.c.RepositoryConfigurationDelegate : Finished Spring Data repository scanning in 7 ms. Found 1 JPA repository interface.
2025-05-22T14:58:33.918+05:30  INFO 3172 --- [customer] [restartedMain] o.s.b.w.embedded.tomcat.TomcatWebServer  : Tomcat initialized with port 7777 (http)
2025-05-22T14:58:33.918+05:30  INFO 3172 --- [customer] [restartedMain] o.apache.catalina.core.StandardService   : Starting service [Tomcat]
2025-05-22T14:58:33.918+05:30  INFO 3172 --- [customer] [restartedMain] o.apache.catalina.core.StandardEngine    : Starting Servlet engine: [Apache Tomcat/10.1.40]
2025-05-22T14:58:33.935+05:30  INFO 3172 --- [customer] [restartedMain] o.a.c.c.C.[Tomcat].[localhost].[/]       : Initializing Spring embedded WebApplicationContext
2025-05-22T14:58:33.935+05:30  INFO 3172 --- [customer] [restartedMain] w.s.c.ServletWebServerApplicationContext : Root WebApplicationContext: initialization completed in 282 ms
2025-05-22T14:58:33.967+05:30  INFO 3172 --- [customer] [restartedMain] o.hibernate.jpa.internal.util.LogHelper  : HHH000204: Processing PersistenceUnitInfo [name: default]
2025-05-22T14:58:33.969+05:30  INFO 3172 --- [customer] [restartedMain] o.h.c.internal.RegionFactoryInitiator    : HHH000026: Second-level cache disabled
2025-05-22T14:58:33.976+05:30  INFO 3172 --- [customer] [restartedMain] o.s.o.j.p.SpringPersistenceUnitInfo      : No LoadTimeWeaver setup: ignoring JPA class transformer
2025-05-22T14:58:33.977+05:30  INFO 3172 --- [customer] [restartedMain] com.zaxxer.hikari.HikariDataSource       : HikariPool-15 - Starting...
2025-05-22T14:58:33.987+05:30  INFO 3172 --- [customer] [restartedMain] com.zaxxer.hikari.pool.HikariPool        : HikariPool-15 - Added connection com.mysql.cj.jdbc.ConnectionImpl@7e77199a
2025-05-22T14:58:33.987+05:30  INFO 3172 --- [customer] [restartedMain] com.zaxxer.hikari.HikariDataSource       : HikariPool-15 - Start completed.
2025-05-22T14:58:33.989+05:30  WARN 3172 --- [customer] [restartedMain] org.hibernate.orm.deprecation            : HHH90000025: MySQLDialect does not need to be specified explicitly using 'hibernate.dialect' (remove the property setting and it will be selected by default)
2025-05-22T14:58:33.989+05:30  INFO 3172 --- [customer] [restartedMain] org.hibernate.orm.connections.pooling    : HHH10001005: Database info:
	Database JDBC URL [Connecting through datasource 'HikariDataSource (HikariPool-15)']
	Database driver: undefined/unknown
	Database version: 8.0.37
	Autocommit mode: undefined/unknown
	Isolation level: undefined/unknown
	Minimum pool size: undefined/unknown
	Maximum pool size: undefined/unknown
2025-05-22T14:58:34.053+05:30  INFO 3172 --- [customer] [restartedMain] o.h.e.t.j.p.i.JtaPlatformInitiator       : HHH000489: No JTA platform available (set 'hibernate.transaction.jta.platform' to enable JTA platform integration)
2025-05-22T14:58:34.081+05:30  INFO 3172 --- [customer] [restartedMain] j.LocalContainerEntityManagerFactoryBean : Initialized JPA EntityManagerFactory for persistence unit 'default'
2025-05-22T14:58:34.157+05:30  WARN 3172 --- [customer] [restartedMain] JpaBaseConfiguration$JpaWebConfiguration : spring.jpa.open-in-view is enabled by default. Therefore, database queries may be performed during view rendering. Explicitly configure spring.jpa.open-in-view to disable this warning
2025-05-22T14:58:34.169+05:30  INFO 3172 --- [customer] [restartedMain] o.s.v.b.OptionalValidatorFactoryBean     : Failed to set up a Bean Validation provider: jakarta.validation.NoProviderFoundException: Unable to create a Configuration, because no Jakarta Bean Validation provider could be found. Add a provider like Hibernate Validator (RI) to your classpath.
2025-05-22T14:58:34.263+05:30  INFO 3172 --- [customer] [restartedMain] o.s.b.d.a.OptionalLiveReloadServer       : LiveReload server is running on port 35729
2025-05-22T14:58:34.275+05:30  INFO 3172 --- [customer] [restartedMain] o.s.b.w.embedded.tomcat.TomcatWebServer  : Tomcat started on port 7777 (http) with context path '/'
2025-05-22T14:58:34.284+05:30  INFO 3172 --- [customer] [restartedMain] c.app.ClmsCustomerApiModuleApplication   : Started ClmsCustomerApiModuleApplication in 0.661 seconds (process running for 1861.745)
2025-05-22T14:58:34.286+05:30  INFO 3172 --- [customer] [restartedMain] .ConditionEvaluationDeltaLoggingListener : Condition evaluation unchanged
2025-05-22T14:58:53.059+05:30  INFO 3172 --- [customer] [File Watcher] rtingClassPathChangeChangedEventListener : Restarting due to 3 class path changes (0 additions, 0 deletions, 3 modifications)
2025-05-22T14:58:53.063+05:30  INFO 3172 --- [customer] [Thread-59] o.s.b.w.e.tomcat.GracefulShutdown        : Commencing graceful shutdown. Waiting for active requests to complete
2025-05-22T14:58:53.129+05:30  INFO 3172 --- [customer] [tomcat-shutdown] o.s.b.w.e.tomcat.GracefulShutdown        : Graceful shutdown complete
2025-05-22T14:58:53.131+05:30  INFO 3172 --- [customer] [Thread-59] j.LocalContainerEntityManagerFactoryBean : Closing JPA EntityManagerFactory for persistence unit 'default'
2025-05-22T14:58:53.131+05:30  INFO 3172 --- [customer] [Thread-59] com.zaxxer.hikari.HikariDataSource       : HikariPool-15 - Shutdown initiated...
2025-05-22T14:58:53.134+05:30  INFO 3172 --- [customer] [Thread-59] com.zaxxer.hikari.HikariDataSource       : HikariPool-15 - Shutdown completed.
2025-05-22T14:58:53.213+05:30  INFO 3172 --- [customer] [restartedMain] c.app.ClmsCustomerApiModuleApplication   : Starting ClmsCustomerApiModuleApplication using Java 17.0.8.1 with PID 3172 (C:\Users\Dell\git\CarLoan_Customer\CLMS-Customer-API-Module\target\classes started by Dell in C:\Users\Dell\git\CarLoan_Customer\CLMS-Customer-API-Module)
2025-05-22T14:58:53.213+05:30  INFO 3172 --- [customer] [restartedMain] c.app.ClmsCustomerApiModuleApplication   : No active profile set, falling back to 1 default profile: "default"
2025-05-22T14:58:53.388+05:30  INFO 3172 --- [customer] [restartedMain] .s.d.r.c.RepositoryConfigurationDelegate : Bootstrapping Spring Data JPA repositories in DEFAULT mode.
2025-05-22T14:58:53.398+05:30  INFO 3172 --- [customer] [restartedMain] .s.d.r.c.RepositoryConfigurationDelegate : Finished Spring Data repository scanning in 9 ms. Found 1 JPA repository interface.
2025-05-22T14:58:53.497+05:30  INFO 3172 --- [customer] [restartedMain] o.s.b.w.embedded.tomcat.TomcatWebServer  : Tomcat initialized with port 7777 (http)
2025-05-22T14:58:53.499+05:30  INFO 3172 --- [customer] [restartedMain] o.apache.catalina.core.StandardService   : Starting service [Tomcat]
2025-05-22T14:58:53.499+05:30  INFO 3172 --- [customer] [restartedMain] o.apache.catalina.core.StandardEngine    : Starting Servlet engine: [Apache Tomcat/10.1.40]
2025-05-22T14:58:53.518+05:30  INFO 3172 --- [customer] [restartedMain] o.a.c.c.C.[Tomcat].[localhost].[/]       : Initializing Spring embedded WebApplicationContext
2025-05-22T14:58:53.518+05:30  INFO 3172 --- [customer] [restartedMain] w.s.c.ServletWebServerApplicationContext : Root WebApplicationContext: initialization completed in 304 ms
2025-05-22T14:58:53.570+05:30  INFO 3172 --- [customer] [restartedMain] o.hibernate.jpa.internal.util.LogHelper  : HHH000204: Processing PersistenceUnitInfo [name: default]
2025-05-22T14:58:53.572+05:30  INFO 3172 --- [customer] [restartedMain] o.h.c.internal.RegionFactoryInitiator    : HHH000026: Second-level cache disabled
2025-05-22T14:58:53.580+05:30  INFO 3172 --- [customer] [restartedMain] o.s.o.j.p.SpringPersistenceUnitInfo      : No LoadTimeWeaver setup: ignoring JPA class transformer
2025-05-22T14:58:53.581+05:30  INFO 3172 --- [customer] [restartedMain] com.zaxxer.hikari.HikariDataSource       : HikariPool-16 - Starting...
2025-05-22T14:58:53.595+05:30  INFO 3172 --- [customer] [restartedMain] com.zaxxer.hikari.pool.HikariPool        : HikariPool-16 - Added connection com.mysql.cj.jdbc.ConnectionImpl@4a352f2c
2025-05-22T14:58:53.596+05:30  INFO 3172 --- [customer] [restartedMain] com.zaxxer.hikari.HikariDataSource       : HikariPool-16 - Start completed.
2025-05-22T14:58:53.599+05:30  WARN 3172 --- [customer] [restartedMain] org.hibernate.orm.deprecation            : HHH90000025: MySQLDialect does not need to be specified explicitly using 'hibernate.dialect' (remove the property setting and it will be selected by default)
2025-05-22T14:58:53.599+05:30  INFO 3172 --- [customer] [restartedMain] org.hibernate.orm.connections.pooling    : HHH10001005: Database info:
	Database JDBC URL [Connecting through datasource 'HikariDataSource (HikariPool-16)']
	Database driver: undefined/unknown
	Database version: 8.0.37
	Autocommit mode: undefined/unknown
	Isolation level: undefined/unknown
	Minimum pool size: undefined/unknown
	Maximum pool size: undefined/unknown
2025-05-22T14:58:53.734+05:30  INFO 3172 --- [customer] [restartedMain] o.h.e.t.j.p.i.JtaPlatformInitiator       : HHH000489: No JTA platform available (set 'hibernate.transaction.jta.platform' to enable JTA platform integration)
2025-05-22T14:58:53.760+05:30  INFO 3172 --- [customer] [restartedMain] j.LocalContainerEntityManagerFactoryBean : Initialized JPA EntityManagerFactory for persistence unit 'default'
2025-05-22T14:58:53.852+05:30  WARN 3172 --- [customer] [restartedMain] JpaBaseConfiguration$JpaWebConfiguration : spring.jpa.open-in-view is enabled by default. Therefore, database queries may be performed during view rendering. Explicitly configure spring.jpa.open-in-view to disable this warning
2025-05-22T14:58:53.871+05:30  INFO 3172 --- [customer] [restartedMain] o.s.v.b.OptionalValidatorFactoryBean     : Failed to set up a Bean Validation provider: jakarta.validation.NoProviderFoundException: Unable to create a Configuration, because no Jakarta Bean Validation provider could be found. Add a provider like Hibernate Validator (RI) to your classpath.
2025-05-22T14:58:54.011+05:30  INFO 3172 --- [customer] [restartedMain] o.s.b.d.a.OptionalLiveReloadServer       : LiveReload server is running on port 35729
2025-05-22T14:58:54.024+05:30  INFO 3172 --- [customer] [restartedMain] o.s.b.w.embedded.tomcat.TomcatWebServer  : Tomcat started on port 7777 (http) with context path '/'
2025-05-22T14:58:54.029+05:30  INFO 3172 --- [customer] [restartedMain] c.app.ClmsCustomerApiModuleApplication   : Started ClmsCustomerApiModuleApplication in 0.839 seconds (process running for 1881.49)
2025-05-22T14:58:54.030+05:30  INFO 3172 --- [customer] [restartedMain] .ConditionEvaluationDeltaLoggingListener : Condition evaluation unchanged
2025-05-22T14:59:10.834+05:30  INFO 3172 --- [customer] [File Watcher] rtingClassPathChangeChangedEventListener : Restarting due to 1 class path change (0 additions, 0 deletions, 1 modification)
2025-05-22T14:59:10.838+05:30  INFO 3172 --- [customer] [Thread-63] o.s.b.w.e.tomcat.GracefulShutdown        : Commencing graceful shutdown. Waiting for active requests to complete
2025-05-22T14:59:10.884+05:30  INFO 3172 --- [customer] [tomcat-shutdown] o.s.b.w.e.tomcat.GracefulShutdown        : Graceful shutdown complete
2025-05-22T14:59:10.886+05:30  INFO 3172 --- [customer] [Thread-63] j.LocalContainerEntityManagerFactoryBean : Closing JPA EntityManagerFactory for persistence unit 'default'
2025-05-22T14:59:10.886+05:30  INFO 3172 --- [customer] [Thread-63] com.zaxxer.hikari.HikariDataSource       : HikariPool-16 - Shutdown initiated...
2025-05-22T14:59:10.890+05:30  INFO 3172 --- [customer] [Thread-63] com.zaxxer.hikari.HikariDataSource       : HikariPool-16 - Shutdown completed.
2025-05-22T14:59:10.965+05:30  INFO 3172 --- [customer] [restartedMain] c.app.ClmsCustomerApiModuleApplication   : Starting ClmsCustomerApiModuleApplication using Java 17.0.8.1 with PID 3172 (C:\Users\Dell\git\CarLoan_Customer\CLMS-Customer-API-Module\target\classes started by Dell in C:\Users\Dell\git\CarLoan_Customer\CLMS-Customer-API-Module)
2025-05-22T14:59:10.965+05:30  INFO 3172 --- [customer] [restartedMain] c.app.ClmsCustomerApiModuleApplication   : No active profile set, falling back to 1 default profile: "default"
2025-05-22T14:59:11.119+05:30  INFO 3172 --- [customer] [restartedMain] .s.d.r.c.RepositoryConfigurationDelegate : Bootstrapping Spring Data JPA repositories in DEFAULT mode.
2025-05-22T14:59:11.126+05:30  INFO 3172 --- [customer] [restartedMain] .s.d.r.c.RepositoryConfigurationDelegate : Finished Spring Data repository scanning in 5 ms. Found 1 JPA repository interface.
2025-05-22T14:59:11.213+05:30  INFO 3172 --- [customer] [restartedMain] o.s.b.w.embedded.tomcat.TomcatWebServer  : Tomcat initialized with port 7777 (http)
2025-05-22T14:59:11.213+05:30  INFO 3172 --- [customer] [restartedMain] o.apache.catalina.core.StandardService   : Starting service [Tomcat]
2025-05-22T14:59:11.213+05:30  INFO 3172 --- [customer] [restartedMain] o.apache.catalina.core.StandardEngine    : Starting Servlet engine: [Apache Tomcat/10.1.40]
2025-05-22T14:59:11.227+05:30  INFO 3172 --- [customer] [restartedMain] o.a.c.c.C.[Tomcat].[localhost].[/]       : Initializing Spring embedded WebApplicationContext
2025-05-22T14:59:11.227+05:30  INFO 3172 --- [customer] [restartedMain] w.s.c.ServletWebServerApplicationContext : Root WebApplicationContext: initialization completed in 260 ms
2025-05-22T14:59:11.261+05:30  INFO 3172 --- [customer] [restartedMain] o.hibernate.jpa.internal.util.LogHelper  : HHH000204: Processing PersistenceUnitInfo [name: default]
2025-05-22T14:59:11.262+05:30  INFO 3172 --- [customer] [restartedMain] o.h.c.internal.RegionFactoryInitiator    : HHH000026: Second-level cache disabled
2025-05-22T14:59:11.272+05:30  INFO 3172 --- [customer] [restartedMain] o.s.o.j.p.SpringPersistenceUnitInfo      : No LoadTimeWeaver setup: ignoring JPA class transformer
2025-05-22T14:59:11.273+05:30  INFO 3172 --- [customer] [restartedMain] com.zaxxer.hikari.HikariDataSource       : HikariPool-17 - Starting...
2025-05-22T14:59:11.286+05:30  INFO 3172 --- [customer] [restartedMain] com.zaxxer.hikari.pool.HikariPool        : HikariPool-17 - Added connection com.mysql.cj.jdbc.ConnectionImpl@2152efbf
2025-05-22T14:59:11.286+05:30  INFO 3172 --- [customer] [restartedMain] com.zaxxer.hikari.HikariDataSource       : HikariPool-17 - Start completed.
2025-05-22T14:59:11.288+05:30  WARN 3172 --- [customer] [restartedMain] org.hibernate.orm.deprecation            : HHH90000025: MySQLDialect does not need to be specified explicitly using 'hibernate.dialect' (remove the property setting and it will be selected by default)
2025-05-22T14:59:11.288+05:30  INFO 3172 --- [customer] [restartedMain] org.hibernate.orm.connections.pooling    : HHH10001005: Database info:
	Database JDBC URL [Connecting through datasource 'HikariDataSource (HikariPool-17)']
	Database driver: undefined/unknown
	Database version: 8.0.37
	Autocommit mode: undefined/unknown
	Isolation level: undefined/unknown
	Minimum pool size: undefined/unknown
	Maximum pool size: undefined/unknown
2025-05-22T14:59:11.341+05:30  INFO 3172 --- [customer] [restartedMain] o.h.e.t.j.p.i.JtaPlatformInitiator       : HHH000489: No JTA platform available (set 'hibernate.transaction.jta.platform' to enable JTA platform integration)
2025-05-22T14:59:11.363+05:30  INFO 3172 --- [customer] [restartedMain] j.LocalContainerEntityManagerFactoryBean : Initialized JPA EntityManagerFactory for persistence unit 'default'
2025-05-22T14:59:11.431+05:30  WARN 3172 --- [customer] [restartedMain] JpaBaseConfiguration$JpaWebConfiguration : spring.jpa.open-in-view is enabled by default. Therefore, database queries may be performed during view rendering. Explicitly configure spring.jpa.open-in-view to disable this warning
2025-05-22T14:59:11.442+05:30  INFO 3172 --- [customer] [restartedMain] o.s.v.b.OptionalValidatorFactoryBean     : Failed to set up a Bean Validation provider: jakarta.validation.NoProviderFoundException: Unable to create a Configuration, because no Jakarta Bean Validation provider could be found. Add a provider like Hibernate Validator (RI) to your classpath.
2025-05-22T14:59:11.538+05:30  INFO 3172 --- [customer] [restartedMain] o.s.b.d.a.OptionalLiveReloadServer       : LiveReload server is running on port 35729
2025-05-22T14:59:11.550+05:30  INFO 3172 --- [customer] [restartedMain] o.s.b.w.embedded.tomcat.TomcatWebServer  : Tomcat started on port 7777 (http) with context path '/'
2025-05-22T14:59:11.556+05:30  INFO 3172 --- [customer] [restartedMain] c.app.ClmsCustomerApiModuleApplication   : Started ClmsCustomerApiModuleApplication in 0.612 seconds (process running for 1899.017)
2025-05-22T14:59:11.557+05:30  INFO 3172 --- [customer] [restartedMain] .ConditionEvaluationDeltaLoggingListener : Condition evaluation unchanged
2025-05-22T14:59:33.855+05:30  INFO 3172 --- [customer] [File Watcher] rtingClassPathChangeChangedEventListener : Restarting due to 3 class path changes (0 additions, 0 deletions, 3 modifications)
2025-05-22T14:59:33.857+05:30  INFO 3172 --- [customer] [Thread-67] o.s.b.w.e.tomcat.GracefulShutdown        : Commencing graceful shutdown. Waiting for active requests to complete
2025-05-22T14:59:33.915+05:30  INFO 3172 --- [customer] [tomcat-shutdown] o.s.b.w.e.tomcat.GracefulShutdown        : Graceful shutdown complete
2025-05-22T14:59:33.917+05:30  INFO 3172 --- [customer] [Thread-67] j.LocalContainerEntityManagerFactoryBean : Closing JPA EntityManagerFactory for persistence unit 'default'
2025-05-22T14:59:33.917+05:30  INFO 3172 --- [customer] [Thread-67] com.zaxxer.hikari.HikariDataSource       : HikariPool-17 - Shutdown initiated...
2025-05-22T14:59:33.921+05:30  INFO 3172 --- [customer] [Thread-67] com.zaxxer.hikari.HikariDataSource       : HikariPool-17 - Shutdown completed.
2025-05-22T14:59:34.009+05:30  INFO 3172 --- [customer] [restartedMain] c.app.ClmsCustomerApiModuleApplication   : Starting ClmsCustomerApiModuleApplication using Java 17.0.8.1 with PID 3172 (C:\Users\Dell\git\CarLoan_Customer\CLMS-Customer-API-Module\target\classes started by Dell in C:\Users\Dell\git\CarLoan_Customer\CLMS-Customer-API-Module)
2025-05-22T14:59:34.009+05:30  INFO 3172 --- [customer] [restartedMain] c.app.ClmsCustomerApiModuleApplication   : No active profile set, falling back to 1 default profile: "default"
2025-05-22T14:59:34.166+05:30  INFO 3172 --- [customer] [restartedMain] .s.d.r.c.RepositoryConfigurationDelegate : Bootstrapping Spring Data JPA repositories in DEFAULT mode.
2025-05-22T14:59:34.174+05:30  INFO 3172 --- [customer] [restartedMain] .s.d.r.c.RepositoryConfigurationDelegate : Finished Spring Data repository scanning in 7 ms. Found 1 JPA repository interface.
2025-05-22T14:59:34.244+05:30  INFO 3172 --- [customer] [restartedMain] o.s.b.w.embedded.tomcat.TomcatWebServer  : Tomcat initialized with port 7777 (http)
2025-05-22T14:59:34.245+05:30  INFO 3172 --- [customer] [restartedMain] o.apache.catalina.core.StandardService   : Starting service [Tomcat]
2025-05-22T14:59:34.245+05:30  INFO 3172 --- [customer] [restartedMain] o.apache.catalina.core.StandardEngine    : Starting Servlet engine: [Apache Tomcat/10.1.40]
2025-05-22T14:59:34.258+05:30  INFO 3172 --- [customer] [restartedMain] o.a.c.c.C.[Tomcat].[localhost].[/]       : Initializing Spring embedded WebApplicationContext
2025-05-22T14:59:34.258+05:30  INFO 3172 --- [customer] [restartedMain] w.s.c.ServletWebServerApplicationContext : Root WebApplicationContext: initialization completed in 248 ms
2025-05-22T14:59:34.297+05:30  INFO 3172 --- [customer] [restartedMain] o.hibernate.jpa.internal.util.LogHelper  : HHH000204: Processing PersistenceUnitInfo [name: default]
2025-05-22T14:59:34.300+05:30  INFO 3172 --- [customer] [restartedMain] o.h.c.internal.RegionFactoryInitiator    : HHH000026: Second-level cache disabled
2025-05-22T14:59:34.317+05:30  INFO 3172 --- [customer] [restartedMain] o.s.o.j.p.SpringPersistenceUnitInfo      : No LoadTimeWeaver setup: ignoring JPA class transformer
2025-05-22T14:59:34.319+05:30  INFO 3172 --- [customer] [restartedMain] com.zaxxer.hikari.HikariDataSource       : HikariPool-18 - Starting...
2025-05-22T14:59:34.330+05:30  INFO 3172 --- [customer] [restartedMain] com.zaxxer.hikari.pool.HikariPool        : HikariPool-18 - Added connection com.mysql.cj.jdbc.ConnectionImpl@58169d3b
2025-05-22T14:59:34.331+05:30  INFO 3172 --- [customer] [restartedMain] com.zaxxer.hikari.HikariDataSource       : HikariPool-18 - Start completed.
2025-05-22T14:59:34.333+05:30  WARN 3172 --- [customer] [restartedMain] org.hibernate.orm.deprecation            : HHH90000025: MySQLDialect does not need to be specified explicitly using 'hibernate.dialect' (remove the property setting and it will be selected by default)
2025-05-22T14:59:34.333+05:30  INFO 3172 --- [customer] [restartedMain] org.hibernate.orm.connections.pooling    : HHH10001005: Database info:
	Database JDBC URL [Connecting through datasource 'HikariDataSource (HikariPool-18)']
	Database driver: undefined/unknown
	Database version: 8.0.37
	Autocommit mode: undefined/unknown
	Isolation level: undefined/unknown
	Minimum pool size: undefined/unknown
	Maximum pool size: undefined/unknown
2025-05-22T14:59:34.403+05:30  INFO 3172 --- [customer] [restartedMain] o.h.e.t.j.p.i.JtaPlatformInitiator       : HHH000489: No JTA platform available (set 'hibernate.transaction.jta.platform' to enable JTA platform integration)
2025-05-22T14:59:34.433+05:30  INFO 3172 --- [customer] [restartedMain] j.LocalContainerEntityManagerFactoryBean : Initialized JPA EntityManagerFactory for persistence unit 'default'
2025-05-22T14:59:34.514+05:30  WARN 3172 --- [customer] [restartedMain] JpaBaseConfiguration$JpaWebConfiguration : spring.jpa.open-in-view is enabled by default. Therefore, database queries may be performed during view rendering. Explicitly configure spring.jpa.open-in-view to disable this warning
2025-05-22T14:59:34.527+05:30  INFO 3172 --- [customer] [restartedMain] o.s.v.b.OptionalValidatorFactoryBean     : Failed to set up a Bean Validation provider: jakarta.validation.NoProviderFoundException: Unable to create a Configuration, because no Jakarta Bean Validation provider could be found. Add a provider like Hibernate Validator (RI) to your classpath.
2025-05-22T14:59:34.644+05:30  INFO 3172 --- [customer] [restartedMain] o.s.b.d.a.OptionalLiveReloadServer       : LiveReload server is running on port 35729
2025-05-22T14:59:34.659+05:30  INFO 3172 --- [customer] [restartedMain] o.s.b.w.embedded.tomcat.TomcatWebServer  : Tomcat started on port 7777 (http) with context path '/'
2025-05-22T14:59:34.663+05:30  INFO 3172 --- [customer] [restartedMain] c.app.ClmsCustomerApiModuleApplication   : Started ClmsCustomerApiModuleApplication in 0.679 seconds (process running for 1922.124)
2025-05-22T14:59:34.664+05:30  INFO 3172 --- [customer] [restartedMain] .ConditionEvaluationDeltaLoggingListener : Condition evaluation unchanged
2025-05-22T14:59:43.217+05:30  INFO 3172 --- [customer] [File Watcher] rtingClassPathChangeChangedEventListener : Restarting due to 1 class path change (0 additions, 0 deletions, 1 modification)
2025-05-22T14:59:43.220+05:30  INFO 3172 --- [customer] [Thread-71] o.s.b.w.e.tomcat.GracefulShutdown        : Commencing graceful shutdown. Waiting for active requests to complete
2025-05-22T14:59:43.271+05:30  INFO 3172 --- [customer] [tomcat-shutdown] o.s.b.w.e.tomcat.GracefulShutdown        : Graceful shutdown complete
2025-05-22T14:59:43.272+05:30  INFO 3172 --- [customer] [Thread-71] j.LocalContainerEntityManagerFactoryBean : Closing JPA EntityManagerFactory for persistence unit 'default'
2025-05-22T14:59:43.273+05:30  INFO 3172 --- [customer] [Thread-71] com.zaxxer.hikari.HikariDataSource       : HikariPool-18 - Shutdown initiated...
2025-05-22T14:59:43.277+05:30  INFO 3172 --- [customer] [Thread-71] com.zaxxer.hikari.HikariDataSource       : HikariPool-18 - Shutdown completed.
2025-05-22T14:59:43.364+05:30  INFO 3172 --- [customer] [restartedMain] c.app.ClmsCustomerApiModuleApplication   : Starting ClmsCustomerApiModuleApplication using Java 17.0.8.1 with PID 3172 (C:\Users\Dell\git\CarLoan_Customer\CLMS-Customer-API-Module\target\classes started by Dell in C:\Users\Dell\git\CarLoan_Customer\CLMS-Customer-API-Module)
2025-05-22T14:59:43.364+05:30  INFO 3172 --- [customer] [restartedMain] c.app.ClmsCustomerApiModuleApplication   : No active profile set, falling back to 1 default profile: "default"
2025-05-22T14:59:43.525+05:30  INFO 3172 --- [customer] [restartedMain] .s.d.r.c.RepositoryConfigurationDelegate : Bootstrapping Spring Data JPA repositories in DEFAULT mode.
2025-05-22T14:59:43.533+05:30  INFO 3172 --- [customer] [restartedMain] .s.d.r.c.RepositoryConfigurationDelegate : Finished Spring Data repository scanning in 6 ms. Found 1 JPA repository interface.
2025-05-22T14:59:43.598+05:30  INFO 3172 --- [customer] [restartedMain] o.s.b.w.embedded.tomcat.TomcatWebServer  : Tomcat initialized with port 7777 (http)
2025-05-22T14:59:43.599+05:30  INFO 3172 --- [customer] [restartedMain] o.apache.catalina.core.StandardService   : Starting service [Tomcat]
2025-05-22T14:59:43.599+05:30  INFO 3172 --- [customer] [restartedMain] o.apache.catalina.core.StandardEngine    : Starting Servlet engine: [Apache Tomcat/10.1.40]
2025-05-22T14:59:43.622+05:30  INFO 3172 --- [customer] [restartedMain] o.a.c.c.C.[Tomcat].[localhost].[/]       : Initializing Spring embedded WebApplicationContext
2025-05-22T14:59:43.622+05:30  INFO 3172 --- [customer] [restartedMain] w.s.c.ServletWebServerApplicationContext : Root WebApplicationContext: initialization completed in 257 ms
2025-05-22T14:59:43.649+05:30  INFO 3172 --- [customer] [restartedMain] o.hibernate.jpa.internal.util.LogHelper  : HHH000204: Processing PersistenceUnitInfo [name: default]
2025-05-22T14:59:43.651+05:30  INFO 3172 --- [customer] [restartedMain] o.h.c.internal.RegionFactoryInitiator    : HHH000026: Second-level cache disabled
2025-05-22T14:59:43.663+05:30  INFO 3172 --- [customer] [restartedMain] o.s.o.j.p.SpringPersistenceUnitInfo      : No LoadTimeWeaver setup: ignoring JPA class transformer
2025-05-22T14:59:43.664+05:30  INFO 3172 --- [customer] [restartedMain] com.zaxxer.hikari.HikariDataSource       : HikariPool-19 - Starting...
2025-05-22T14:59:43.676+05:30  INFO 3172 --- [customer] [restartedMain] com.zaxxer.hikari.pool.HikariPool        : HikariPool-19 - Added connection com.mysql.cj.jdbc.ConnectionImpl@1a964ef0
2025-05-22T14:59:43.676+05:30  INFO 3172 --- [customer] [restartedMain] com.zaxxer.hikari.HikariDataSource       : HikariPool-19 - Start completed.
2025-05-22T14:59:43.677+05:30  WARN 3172 --- [customer] [restartedMain] org.hibernate.orm.deprecation            : HHH90000025: MySQLDialect does not need to be specified explicitly using 'hibernate.dialect' (remove the property setting and it will be selected by default)
2025-05-22T14:59:43.677+05:30  INFO 3172 --- [customer] [restartedMain] org.hibernate.orm.connections.pooling    : HHH10001005: Database info:
	Database JDBC URL [Connecting through datasource 'HikariDataSource (HikariPool-19)']
	Database driver: undefined/unknown
	Database version: 8.0.37
	Autocommit mode: undefined/unknown
	Isolation level: undefined/unknown
	Minimum pool size: undefined/unknown
	Maximum pool size: undefined/unknown
2025-05-22T14:59:43.734+05:30  INFO 3172 --- [customer] [restartedMain] o.h.e.t.j.p.i.JtaPlatformInitiator       : HHH000489: No JTA platform available (set 'hibernate.transaction.jta.platform' to enable JTA platform integration)
2025-05-22T14:59:43.759+05:30  INFO 3172 --- [customer] [restartedMain] j.LocalContainerEntityManagerFactoryBean : Initialized JPA EntityManagerFactory for persistence unit 'default'
2025-05-22T14:59:43.820+05:30  WARN 3172 --- [customer] [restartedMain] JpaBaseConfiguration$JpaWebConfiguration : spring.jpa.open-in-view is enabled by default. Therefore, database queries may be performed during view rendering. Explicitly configure spring.jpa.open-in-view to disable this warning
2025-05-22T14:59:43.834+05:30  INFO 3172 --- [customer] [restartedMain] o.s.v.b.OptionalValidatorFactoryBean     : Failed to set up a Bean Validation provider: jakarta.validation.NoProviderFoundException: Unable to create a Configuration, because no Jakarta Bean Validation provider could be found. Add a provider like Hibernate Validator (RI) to your classpath.
2025-05-22T14:59:43.930+05:30  INFO 3172 --- [customer] [restartedMain] o.s.b.d.a.OptionalLiveReloadServer       : LiveReload server is running on port 35729
2025-05-22T14:59:43.945+05:30  INFO 3172 --- [customer] [restartedMain] o.s.b.w.embedded.tomcat.TomcatWebServer  : Tomcat started on port 7777 (http) with context path '/'
2025-05-22T14:59:43.949+05:30  INFO 3172 --- [customer] [restartedMain] c.app.ClmsCustomerApiModuleApplication   : Started ClmsCustomerApiModuleApplication in 0.61 seconds (process running for 1931.41)
2025-05-22T14:59:43.950+05:30  INFO 3172 --- [customer] [restartedMain] .ConditionEvaluationDeltaLoggingListener : Condition evaluation unchanged
2025-05-22T15:07:24.437+05:30  INFO 3172 --- [customer] [File Watcher] rtingClassPathChangeChangedEventListener : Restarting due to 1 class path change (0 additions, 0 deletions, 1 modification)
2025-05-22T15:07:24.439+05:30  INFO 3172 --- [customer] [Thread-75] o.s.b.w.e.tomcat.GracefulShutdown        : Commencing graceful shutdown. Waiting for active requests to complete
2025-05-22T15:07:24.485+05:30  INFO 3172 --- [customer] [tomcat-shutdown] o.s.b.w.e.tomcat.GracefulShutdown        : Graceful shutdown complete
2025-05-22T15:07:24.486+05:30  INFO 3172 --- [customer] [Thread-75] j.LocalContainerEntityManagerFactoryBean : Closing JPA EntityManagerFactory for persistence unit 'default'
2025-05-22T15:07:24.487+05:30  INFO 3172 --- [customer] [Thread-75] com.zaxxer.hikari.HikariDataSource       : HikariPool-19 - Shutdown initiated...
2025-05-22T15:07:24.492+05:30  INFO 3172 --- [customer] [Thread-75] com.zaxxer.hikari.HikariDataSource       : HikariPool-19 - Shutdown completed.
2025-05-22T15:07:24.583+05:30  INFO 3172 --- [customer] [restartedMain] c.app.ClmsCustomerApiModuleApplication   : Starting ClmsCustomerApiModuleApplication using Java 17.0.8.1 with PID 3172 (C:\Users\Dell\git\CarLoan_Customer\CLMS-Customer-API-Module\target\classes started by Dell in C:\Users\Dell\git\CarLoan_Customer\CLMS-Customer-API-Module)
2025-05-22T15:07:24.583+05:30  INFO 3172 --- [customer] [restartedMain] c.app.ClmsCustomerApiModuleApplication   : No active profile set, falling back to 1 default profile: "default"
2025-05-22T15:07:24.776+05:30  INFO 3172 --- [customer] [restartedMain] .s.d.r.c.RepositoryConfigurationDelegate : Bootstrapping Spring Data JPA repositories in DEFAULT mode.
2025-05-22T15:07:24.783+05:30  INFO 3172 --- [customer] [restartedMain] .s.d.r.c.RepositoryConfigurationDelegate : Finished Spring Data repository scanning in 6 ms. Found 1 JPA repository interface.
2025-05-22T15:07:24.869+05:30  INFO 3172 --- [customer] [restartedMain] o.s.b.w.embedded.tomcat.TomcatWebServer  : Tomcat initialized with port 7777 (http)
2025-05-22T15:07:24.870+05:30  INFO 3172 --- [customer] [restartedMain] o.apache.catalina.core.StandardService   : Starting service [Tomcat]
2025-05-22T15:07:24.870+05:30  INFO 3172 --- [customer] [restartedMain] o.apache.catalina.core.StandardEngine    : Starting Servlet engine: [Apache Tomcat/10.1.40]
2025-05-22T15:07:24.889+05:30  INFO 3172 --- [customer] [restartedMain] o.a.c.c.C.[Tomcat].[localhost].[/]       : Initializing Spring embedded WebApplicationContext
2025-05-22T15:07:24.890+05:30  INFO 3172 --- [customer] [restartedMain] w.s.c.ServletWebServerApplicationContext : Root WebApplicationContext: initialization completed in 306 ms
2025-05-22T15:07:24.920+05:30  INFO 3172 --- [customer] [restartedMain] o.hibernate.jpa.internal.util.LogHelper  : HHH000204: Processing PersistenceUnitInfo [name: default]
2025-05-22T15:07:24.924+05:30  INFO 3172 --- [customer] [restartedMain] o.h.c.internal.RegionFactoryInitiator    : HHH000026: Second-level cache disabled
2025-05-22T15:07:24.930+05:30  INFO 3172 --- [customer] [restartedMain] o.s.o.j.p.SpringPersistenceUnitInfo      : No LoadTimeWeaver setup: ignoring JPA class transformer
2025-05-22T15:07:24.931+05:30  INFO 3172 --- [customer] [restartedMain] com.zaxxer.hikari.HikariDataSource       : HikariPool-20 - Starting...
2025-05-22T15:07:24.946+05:30  INFO 3172 --- [customer] [restartedMain] com.zaxxer.hikari.pool.HikariPool        : HikariPool-20 - Added connection com.mysql.cj.jdbc.ConnectionImpl@34a46bb7
2025-05-22T15:07:24.946+05:30  INFO 3172 --- [customer] [restartedMain] com.zaxxer.hikari.HikariDataSource       : HikariPool-20 - Start completed.
2025-05-22T15:07:24.947+05:30  WARN 3172 --- [customer] [restartedMain] org.hibernate.orm.deprecation            : HHH90000025: MySQLDialect does not need to be specified explicitly using 'hibernate.dialect' (remove the property setting and it will be selected by default)
2025-05-22T15:07:24.948+05:30  INFO 3172 --- [customer] [restartedMain] org.hibernate.orm.connections.pooling    : HHH10001005: Database info:
	Database JDBC URL [Connecting through datasource 'HikariDataSource (HikariPool-20)']
	Database driver: undefined/unknown
	Database version: 8.0.37
	Autocommit mode: undefined/unknown
	Isolation level: undefined/unknown
	Minimum pool size: undefined/unknown
	Maximum pool size: undefined/unknown
2025-05-22T15:07:25.000+05:30  INFO 3172 --- [customer] [restartedMain] o.h.e.t.j.p.i.JtaPlatformInitiator       : HHH000489: No JTA platform available (set 'hibernate.transaction.jta.platform' to enable JTA platform integration)
2025-05-22T15:07:25.026+05:30  INFO 3172 --- [customer] [restartedMain] j.LocalContainerEntityManagerFactoryBean : Initialized JPA EntityManagerFactory for persistence unit 'default'
2025-05-22T15:07:25.120+05:30  WARN 3172 --- [customer] [restartedMain] JpaBaseConfiguration$JpaWebConfiguration : spring.jpa.open-in-view is enabled by default. Therefore, database queries may be performed during view rendering. Explicitly configure spring.jpa.open-in-view to disable this warning
2025-05-22T15:07:25.134+05:30  INFO 3172 --- [customer] [restartedMain] o.s.v.b.OptionalValidatorFactoryBean     : Failed to set up a Bean Validation provider: jakarta.validation.NoProviderFoundException: Unable to create a Configuration, because no Jakarta Bean Validation provider could be found. Add a provider like Hibernate Validator (RI) to your classpath.
2025-05-22T15:07:25.247+05:30  INFO 3172 --- [customer] [restartedMain] o.s.b.d.a.OptionalLiveReloadServer       : LiveReload server is running on port 35729
2025-05-22T15:07:25.259+05:30  INFO 3172 --- [customer] [restartedMain] o.s.b.w.embedded.tomcat.TomcatWebServer  : Tomcat started on port 7777 (http) with context path '/'
2025-05-22T15:07:25.263+05:30  INFO 3172 --- [customer] [restartedMain] c.app.ClmsCustomerApiModuleApplication   : Started ClmsCustomerApiModuleApplication in 0.705 seconds (process running for 2392.723)
2025-05-22T15:07:25.264+05:30  INFO 3172 --- [customer] [restartedMain] .ConditionEvaluationDeltaLoggingListener : Condition evaluation unchanged
2025-05-22T15:07:55.370+05:30  INFO 3172 --- [customer] [File Watcher] rtingClassPathChangeChangedEventListener : Restarting due to 1 class path change (0 additions, 0 deletions, 1 modification)
2025-05-22T15:07:55.371+05:30  INFO 3172 --- [customer] [Thread-79] o.s.b.w.e.tomcat.GracefulShutdown        : Commencing graceful shutdown. Waiting for active requests to complete
2025-05-22T15:07:55.411+05:30  INFO 3172 --- [customer] [tomcat-shutdown] o.s.b.w.e.tomcat.GracefulShutdown        : Graceful shutdown complete
2025-05-22T15:07:55.413+05:30  INFO 3172 --- [customer] [Thread-79] j.LocalContainerEntityManagerFactoryBean : Closing JPA EntityManagerFactory for persistence unit 'default'
2025-05-22T15:07:55.413+05:30  INFO 3172 --- [customer] [Thread-79] com.zaxxer.hikari.HikariDataSource       : HikariPool-20 - Shutdown initiated...
2025-05-22T15:07:55.417+05:30  INFO 3172 --- [customer] [Thread-79] com.zaxxer.hikari.HikariDataSource       : HikariPool-20 - Shutdown completed.
2025-05-22T15:07:55.503+05:30  INFO 3172 --- [customer] [restartedMain] c.app.ClmsCustomerApiModuleApplication   : Starting ClmsCustomerApiModuleApplication using Java 17.0.8.1 with PID 3172 (C:\Users\Dell\git\CarLoan_Customer\CLMS-Customer-API-Module\target\classes started by Dell in C:\Users\Dell\git\CarLoan_Customer\CLMS-Customer-API-Module)
2025-05-22T15:07:55.504+05:30  INFO 3172 --- [customer] [restartedMain] c.app.ClmsCustomerApiModuleApplication   : No active profile set, falling back to 1 default profile: "default"
2025-05-22T15:07:55.676+05:30  INFO 3172 --- [customer] [restartedMain] .s.d.r.c.RepositoryConfigurationDelegate : Bootstrapping Spring Data JPA repositories in DEFAULT mode.
2025-05-22T15:07:55.686+05:30  INFO 3172 --- [customer] [restartedMain] .s.d.r.c.RepositoryConfigurationDelegate : Finished Spring Data repository scanning in 8 ms. Found 1 JPA repository interface.
2025-05-22T15:07:55.766+05:30  INFO 3172 --- [customer] [restartedMain] o.s.b.w.embedded.tomcat.TomcatWebServer  : Tomcat initialized with port 7777 (http)
2025-05-22T15:07:55.767+05:30  INFO 3172 --- [customer] [restartedMain] o.apache.catalina.core.StandardService   : Starting service [Tomcat]
2025-05-22T15:07:55.767+05:30  INFO 3172 --- [customer] [restartedMain] o.apache.catalina.core.StandardEngine    : Starting Servlet engine: [Apache Tomcat/10.1.40]
2025-05-22T15:07:55.795+05:30  INFO 3172 --- [customer] [restartedMain] o.a.c.c.C.[Tomcat].[localhost].[/]       : Initializing Spring embedded WebApplicationContext
2025-05-22T15:07:55.795+05:30  INFO 3172 --- [customer] [restartedMain] w.s.c.ServletWebServerApplicationContext : Root WebApplicationContext: initialization completed in 290 ms
2025-05-22T15:07:55.822+05:30  INFO 3172 --- [customer] [restartedMain] o.hibernate.jpa.internal.util.LogHelper  : HHH000204: Processing PersistenceUnitInfo [name: default]
2025-05-22T15:07:55.824+05:30  INFO 3172 --- [customer] [restartedMain] o.h.c.internal.RegionFactoryInitiator    : HHH000026: Second-level cache disabled
2025-05-22T15:07:55.831+05:30  INFO 3172 --- [customer] [restartedMain] o.s.o.j.p.SpringPersistenceUnitInfo      : No LoadTimeWeaver setup: ignoring JPA class transformer
2025-05-22T15:07:55.832+05:30  INFO 3172 --- [customer] [restartedMain] com.zaxxer.hikari.HikariDataSource       : HikariPool-21 - Starting...
2025-05-22T15:07:55.843+05:30  INFO 3172 --- [customer] [restartedMain] com.zaxxer.hikari.pool.HikariPool        : HikariPool-21 - Added connection com.mysql.cj.jdbc.ConnectionImpl@c3f2f6b
2025-05-22T15:07:55.843+05:30  INFO 3172 --- [customer] [restartedMain] com.zaxxer.hikari.HikariDataSource       : HikariPool-21 - Start completed.
2025-05-22T15:07:55.844+05:30  WARN 3172 --- [customer] [restartedMain] org.hibernate.orm.deprecation            : HHH90000025: MySQLDialect does not need to be specified explicitly using 'hibernate.dialect' (remove the property setting and it will be selected by default)
2025-05-22T15:07:55.845+05:30  INFO 3172 --- [customer] [restartedMain] org.hibernate.orm.connections.pooling    : HHH10001005: Database info:
	Database JDBC URL [Connecting through datasource 'HikariDataSource (HikariPool-21)']
	Database driver: undefined/unknown
	Database version: 8.0.37
	Autocommit mode: undefined/unknown
	Isolation level: undefined/unknown
	Minimum pool size: undefined/unknown
	Maximum pool size: undefined/unknown
2025-05-22T15:07:55.896+05:30  INFO 3172 --- [customer] [restartedMain] o.h.e.t.j.p.i.JtaPlatformInitiator       : HHH000489: No JTA platform available (set 'hibernate.transaction.jta.platform' to enable JTA platform integration)
2025-05-22T15:07:55.926+05:30  INFO 3172 --- [customer] [restartedMain] j.LocalContainerEntityManagerFactoryBean : Initialized JPA EntityManagerFactory for persistence unit 'default'
2025-05-22T15:07:56.003+05:30  WARN 3172 --- [customer] [restartedMain] JpaBaseConfiguration$JpaWebConfiguration : spring.jpa.open-in-view is enabled by default. Therefore, database queries may be performed during view rendering. Explicitly configure spring.jpa.open-in-view to disable this warning
2025-05-22T15:07:56.020+05:30  INFO 3172 --- [customer] [restartedMain] o.s.v.b.OptionalValidatorFactoryBean     : Failed to set up a Bean Validation provider: jakarta.validation.NoProviderFoundException: Unable to create a Configuration, because no Jakarta Bean Validation provider could be found. Add a provider like Hibernate Validator (RI) to your classpath.
2025-05-22T15:07:56.119+05:30  INFO 3172 --- [customer] [restartedMain] o.s.b.d.a.OptionalLiveReloadServer       : LiveReload server is running on port 35729
2025-05-22T15:07:56.131+05:30  INFO 3172 --- [customer] [restartedMain] o.s.b.w.embedded.tomcat.TomcatWebServer  : Tomcat started on port 7777 (http) with context path '/'
2025-05-22T15:07:56.136+05:30  INFO 3172 --- [customer] [restartedMain] c.app.ClmsCustomerApiModuleApplication   : Started ClmsCustomerApiModuleApplication in 0.652 seconds (process running for 2423.597)
2025-05-22T15:07:56.137+05:30  INFO 3172 --- [customer] [restartedMain] .ConditionEvaluationDeltaLoggingListener : Condition evaluation unchanged
2025-05-22T15:09:21.268+05:30  INFO 3172 --- [customer] [File Watcher] rtingClassPathChangeChangedEventListener : Restarting due to 1 class path change (0 additions, 0 deletions, 1 modification)
2025-05-22T15:09:21.273+05:30  INFO 3172 --- [customer] [Thread-83] o.s.b.w.e.tomcat.GracefulShutdown        : Commencing graceful shutdown. Waiting for active requests to complete
2025-05-22T15:09:21.332+05:30  INFO 3172 --- [customer] [tomcat-shutdown] o.s.b.w.e.tomcat.GracefulShutdown        : Graceful shutdown complete
2025-05-22T15:09:21.333+05:30  INFO 3172 --- [customer] [Thread-83] j.LocalContainerEntityManagerFactoryBean : Closing JPA EntityManagerFactory for persistence unit 'default'
2025-05-22T15:09:21.333+05:30  INFO 3172 --- [customer] [Thread-83] com.zaxxer.hikari.HikariDataSource       : HikariPool-21 - Shutdown initiated...
2025-05-22T15:09:21.337+05:30  INFO 3172 --- [customer] [Thread-83] com.zaxxer.hikari.HikariDataSource       : HikariPool-21 - Shutdown completed.
2025-05-22T15:09:21.432+05:30  INFO 3172 --- [customer] [restartedMain] c.app.ClmsCustomerApiModuleApplication   : Starting ClmsCustomerApiModuleApplication using Java 17.0.8.1 with PID 3172 (C:\Users\Dell\git\CarLoan_Customer\CLMS-Customer-API-Module\target\classes started by Dell in C:\Users\Dell\git\CarLoan_Customer\CLMS-Customer-API-Module)
2025-05-22T15:09:21.432+05:30  INFO 3172 --- [customer] [restartedMain] c.app.ClmsCustomerApiModuleApplication   : No active profile set, falling back to 1 default profile: "default"
2025-05-22T15:09:21.606+05:30  INFO 3172 --- [customer] [restartedMain] .s.d.r.c.RepositoryConfigurationDelegate : Bootstrapping Spring Data JPA repositories in DEFAULT mode.
2025-05-22T15:09:21.614+05:30  INFO 3172 --- [customer] [restartedMain] .s.d.r.c.RepositoryConfigurationDelegate : Finished Spring Data repository scanning in 6 ms. Found 1 JPA repository interface.
2025-05-22T15:09:21.687+05:30  INFO 3172 --- [customer] [restartedMain] o.s.b.w.embedded.tomcat.TomcatWebServer  : Tomcat initialized with port 7777 (http)
2025-05-22T15:09:21.687+05:30  INFO 3172 --- [customer] [restartedMain] o.apache.catalina.core.StandardService   : Starting service [Tomcat]
2025-05-22T15:09:21.688+05:30  INFO 3172 --- [customer] [restartedMain] o.apache.catalina.core.StandardEngine    : Starting Servlet engine: [Apache Tomcat/10.1.40]
2025-05-22T15:09:21.702+05:30  INFO 3172 --- [customer] [restartedMain] o.a.c.c.C.[Tomcat].[localhost].[/]       : Initializing Spring embedded WebApplicationContext
2025-05-22T15:09:21.702+05:30  INFO 3172 --- [customer] [restartedMain] w.s.c.ServletWebServerApplicationContext : Root WebApplicationContext: initialization completed in 268 ms
2025-05-22T15:09:21.732+05:30  INFO 3172 --- [customer] [restartedMain] o.hibernate.jpa.internal.util.LogHelper  : HHH000204: Processing PersistenceUnitInfo [name: default]
2025-05-22T15:09:21.735+05:30  INFO 3172 --- [customer] [restartedMain] o.h.c.internal.RegionFactoryInitiator    : HHH000026: Second-level cache disabled
2025-05-22T15:09:21.742+05:30  INFO 3172 --- [customer] [restartedMain] o.s.o.j.p.SpringPersistenceUnitInfo      : No LoadTimeWeaver setup: ignoring JPA class transformer
2025-05-22T15:09:21.743+05:30  INFO 3172 --- [customer] [restartedMain] com.zaxxer.hikari.HikariDataSource       : HikariPool-22 - Starting...
2025-05-22T15:09:21.753+05:30  INFO 3172 --- [customer] [restartedMain] com.zaxxer.hikari.pool.HikariPool        : HikariPool-22 - Added connection com.mysql.cj.jdbc.ConnectionImpl@7363499
2025-05-22T15:09:21.753+05:30  INFO 3172 --- [customer] [restartedMain] com.zaxxer.hikari.HikariDataSource       : HikariPool-22 - Start completed.
2025-05-22T15:09:21.754+05:30  WARN 3172 --- [customer] [restartedMain] org.hibernate.orm.deprecation            : HHH90000025: MySQLDialect does not need to be specified explicitly using 'hibernate.dialect' (remove the property setting and it will be selected by default)
2025-05-22T15:09:21.754+05:30  INFO 3172 --- [customer] [restartedMain] org.hibernate.orm.connections.pooling    : HHH10001005: Database info:
	Database JDBC URL [Connecting through datasource 'HikariDataSource (HikariPool-22)']
	Database driver: undefined/unknown
	Database version: 8.0.37
	Autocommit mode: undefined/unknown
	Isolation level: undefined/unknown
	Minimum pool size: undefined/unknown
	Maximum pool size: undefined/unknown
2025-05-22T15:09:21.811+05:30  INFO 3172 --- [customer] [restartedMain] o.h.e.t.j.p.i.JtaPlatformInitiator       : HHH000489: No JTA platform available (set 'hibernate.transaction.jta.platform' to enable JTA platform integration)
2025-05-22T15:09:21.834+05:30  INFO 3172 --- [customer] [restartedMain] j.LocalContainerEntityManagerFactoryBean : Initialized JPA EntityManagerFactory for persistence unit 'default'
2025-05-22T15:09:21.908+05:30  WARN 3172 --- [customer] [restartedMain] JpaBaseConfiguration$JpaWebConfiguration : spring.jpa.open-in-view is enabled by default. Therefore, database queries may be performed during view rendering. Explicitly configure spring.jpa.open-in-view to disable this warning
2025-05-22T15:09:21.923+05:30  INFO 3172 --- [customer] [restartedMain] o.s.v.b.OptionalValidatorFactoryBean     : Failed to set up a Bean Validation provider: jakarta.validation.NoProviderFoundException: Unable to create a Configuration, because no Jakarta Bean Validation provider could be found. Add a provider like Hibernate Validator (RI) to your classpath.
2025-05-22T15:09:22.027+05:30  INFO 3172 --- [customer] [restartedMain] o.s.b.d.a.OptionalLiveReloadServer       : LiveReload server is running on port 35729
2025-05-22T15:09:22.041+05:30  INFO 3172 --- [customer] [restartedMain] o.s.b.w.embedded.tomcat.TomcatWebServer  : Tomcat started on port 7777 (http) with context path '/'
2025-05-22T15:09:22.047+05:30  INFO 3172 --- [customer] [restartedMain] c.app.ClmsCustomerApiModuleApplication   : Started ClmsCustomerApiModuleApplication in 0.643 seconds (process running for 2509.508)
2025-05-22T15:09:22.049+05:30  INFO 3172 --- [customer] [restartedMain] .ConditionEvaluationDeltaLoggingListener : Condition evaluation unchanged
2025-05-22T15:13:46.396+05:30  INFO 3172 --- [customer] [File Watcher] rtingClassPathChangeChangedEventListener : Restarting due to 1 class path change (0 additions, 0 deletions, 1 modification)
2025-05-22T15:13:46.397+05:30  INFO 3172 --- [customer] [Thread-87] o.s.b.w.e.tomcat.GracefulShutdown        : Commencing graceful shutdown. Waiting for active requests to complete
2025-05-22T15:13:46.438+05:30  INFO 3172 --- [customer] [tomcat-shutdown] o.s.b.w.e.tomcat.GracefulShutdown        : Graceful shutdown complete
2025-05-22T15:13:46.440+05:30  INFO 3172 --- [customer] [Thread-87] j.LocalContainerEntityManagerFactoryBean : Closing JPA EntityManagerFactory for persistence unit 'default'
2025-05-22T15:13:46.440+05:30  INFO 3172 --- [customer] [Thread-87] com.zaxxer.hikari.HikariDataSource       : HikariPool-22 - Shutdown initiated...
2025-05-22T15:13:46.444+05:30  INFO 3172 --- [customer] [Thread-87] com.zaxxer.hikari.HikariDataSource       : HikariPool-22 - Shutdown completed.
2025-05-22T15:13:46.519+05:30  INFO 3172 --- [customer] [restartedMain] c.app.ClmsCustomerApiModuleApplication   : Starting ClmsCustomerApiModuleApplication using Java 17.0.8.1 with PID 3172 (C:\Users\Dell\git\CarLoan_Customer\CLMS-Customer-API-Module\target\classes started by Dell in C:\Users\Dell\git\CarLoan_Customer\CLMS-Customer-API-Module)
2025-05-22T15:13:46.519+05:30  INFO 3172 --- [customer] [restartedMain] c.app.ClmsCustomerApiModuleApplication   : No active profile set, falling back to 1 default profile: "default"
2025-05-22T15:13:46.683+05:30  INFO 3172 --- [customer] [restartedMain] .s.d.r.c.RepositoryConfigurationDelegate : Bootstrapping Spring Data JPA repositories in DEFAULT mode.
2025-05-22T15:13:46.693+05:30  INFO 3172 --- [customer] [restartedMain] .s.d.r.c.RepositoryConfigurationDelegate : Finished Spring Data repository scanning in 8 ms. Found 1 JPA repository interface.
2025-05-22T15:13:46.769+05:30  INFO 3172 --- [customer] [restartedMain] o.s.b.w.embedded.tomcat.TomcatWebServer  : Tomcat initialized with port 7777 (http)
2025-05-22T15:13:46.770+05:30  INFO 3172 --- [customer] [restartedMain] o.apache.catalina.core.StandardService   : Starting service [Tomcat]
2025-05-22T15:13:46.770+05:30  INFO 3172 --- [customer] [restartedMain] o.apache.catalina.core.StandardEngine    : Starting Servlet engine: [Apache Tomcat/10.1.40]
2025-05-22T15:13:46.788+05:30  INFO 3172 --- [customer] [restartedMain] o.a.c.c.C.[Tomcat].[localhost].[/]       : Initializing Spring embedded WebApplicationContext
2025-05-22T15:13:46.788+05:30  INFO 3172 --- [customer] [restartedMain] w.s.c.ServletWebServerApplicationContext : Root WebApplicationContext: initialization completed in 267 ms
2025-05-22T15:13:46.815+05:30  INFO 3172 --- [customer] [restartedMain] o.hibernate.jpa.internal.util.LogHelper  : HHH000204: Processing PersistenceUnitInfo [name: default]
2025-05-22T15:13:46.817+05:30  INFO 3172 --- [customer] [restartedMain] o.h.c.internal.RegionFactoryInitiator    : HHH000026: Second-level cache disabled
2025-05-22T15:13:46.824+05:30  INFO 3172 --- [customer] [restartedMain] o.s.o.j.p.SpringPersistenceUnitInfo      : No LoadTimeWeaver setup: ignoring JPA class transformer
2025-05-22T15:13:46.824+05:30  INFO 3172 --- [customer] [restartedMain] com.zaxxer.hikari.HikariDataSource       : HikariPool-23 - Starting...
2025-05-22T15:13:46.835+05:30  INFO 3172 --- [customer] [restartedMain] com.zaxxer.hikari.pool.HikariPool        : HikariPool-23 - Added connection com.mysql.cj.jdbc.ConnectionImpl@ad07866
2025-05-22T15:13:46.836+05:30  INFO 3172 --- [customer] [restartedMain] com.zaxxer.hikari.HikariDataSource       : HikariPool-23 - Start completed.
2025-05-22T15:13:46.837+05:30  WARN 3172 --- [customer] [restartedMain] org.hibernate.orm.deprecation            : HHH90000025: MySQLDialect does not need to be specified explicitly using 'hibernate.dialect' (remove the property setting and it will be selected by default)
2025-05-22T15:13:46.837+05:30  INFO 3172 --- [customer] [restartedMain] org.hibernate.orm.connections.pooling    : HHH10001005: Database info:
	Database JDBC URL [Connecting through datasource 'HikariDataSource (HikariPool-23)']
	Database driver: undefined/unknown
	Database version: 8.0.37
	Autocommit mode: undefined/unknown
	Isolation level: undefined/unknown
	Minimum pool size: undefined/unknown
	Maximum pool size: undefined/unknown
2025-05-22T15:13:46.891+05:30  INFO 3172 --- [customer] [restartedMain] o.h.e.t.j.p.i.JtaPlatformInitiator       : HHH000489: No JTA platform available (set 'hibernate.transaction.jta.platform' to enable JTA platform integration)
2025-05-22T15:13:46.920+05:30  INFO 3172 --- [customer] [restartedMain] j.LocalContainerEntityManagerFactoryBean : Initialized JPA EntityManagerFactory for persistence unit 'default'
2025-05-22T15:13:46.986+05:30  WARN 3172 --- [customer] [restartedMain] JpaBaseConfiguration$JpaWebConfiguration : spring.jpa.open-in-view is enabled by default. Therefore, database queries may be performed during view rendering. Explicitly configure spring.jpa.open-in-view to disable this warning
2025-05-22T15:13:47.001+05:30  INFO 3172 --- [customer] [restartedMain] o.s.v.b.OptionalValidatorFactoryBean     : Failed to set up a Bean Validation provider: jakarta.validation.NoProviderFoundException: Unable to create a Configuration, because no Jakarta Bean Validation provider could be found. Add a provider like Hibernate Validator (RI) to your classpath.
2025-05-22T15:13:47.108+05:30  INFO 3172 --- [customer] [restartedMain] o.s.b.d.a.OptionalLiveReloadServer       : LiveReload server is running on port 35729
2025-05-22T15:13:47.119+05:30  INFO 3172 --- [customer] [restartedMain] o.s.b.w.embedded.tomcat.TomcatWebServer  : Tomcat started on port 7777 (http) with context path '/'
2025-05-22T15:13:47.123+05:30  INFO 3172 --- [customer] [restartedMain] c.app.ClmsCustomerApiModuleApplication   : Started ClmsCustomerApiModuleApplication in 0.623 seconds (process running for 2774.584)
2025-05-22T15:13:47.125+05:30  INFO 3172 --- [customer] [restartedMain] .ConditionEvaluationDeltaLoggingListener : Condition evaluation unchanged
2025-05-22T15:15:15.427+05:30  INFO 3172 --- [customer] [File Watcher] rtingClassPathChangeChangedEventListener : Restarting due to 1 class path change (0 additions, 0 deletions, 1 modification)
2025-05-22T15:15:15.431+05:30  INFO 3172 --- [customer] [Thread-91] o.s.b.w.e.tomcat.GracefulShutdown        : Commencing graceful shutdown. Waiting for active requests to complete
2025-05-22T15:15:15.494+05:30  INFO 3172 --- [customer] [tomcat-shutdown] o.s.b.w.e.tomcat.GracefulShutdown        : Graceful shutdown complete
2025-05-22T15:15:15.495+05:30  INFO 3172 --- [customer] [Thread-91] j.LocalContainerEntityManagerFactoryBean : Closing JPA EntityManagerFactory for persistence unit 'default'
2025-05-22T15:15:15.496+05:30  INFO 3172 --- [customer] [Thread-91] com.zaxxer.hikari.HikariDataSource       : HikariPool-23 - Shutdown initiated...
2025-05-22T15:15:15.499+05:30  INFO 3172 --- [customer] [Thread-91] com.zaxxer.hikari.HikariDataSource       : HikariPool-23 - Shutdown completed.
2025-05-22T15:15:15.577+05:30  INFO 3172 --- [customer] [restartedMain] c.app.ClmsCustomerApiModuleApplication   : Starting ClmsCustomerApiModuleApplication using Java 17.0.8.1 with PID 3172 (C:\Users\Dell\git\CarLoan_Customer\CLMS-Customer-API-Module\target\classes started by Dell in C:\Users\Dell\git\CarLoan_Customer\CLMS-Customer-API-Module)
2025-05-22T15:15:15.577+05:30  INFO 3172 --- [customer] [restartedMain] c.app.ClmsCustomerApiModuleApplication   : No active profile set, falling back to 1 default profile: "default"
2025-05-22T15:15:15.804+05:30  INFO 3172 --- [customer] [restartedMain] .s.d.r.c.RepositoryConfigurationDelegate : Bootstrapping Spring Data JPA repositories in DEFAULT mode.
2025-05-22T15:15:15.812+05:30  INFO 3172 --- [customer] [restartedMain] .s.d.r.c.RepositoryConfigurationDelegate : Finished Spring Data repository scanning in 7 ms. Found 1 JPA repository interface.
2025-05-22T15:15:15.883+05:30  INFO 3172 --- [customer] [restartedMain] o.s.b.w.embedded.tomcat.TomcatWebServer  : Tomcat initialized with port 7777 (http)
2025-05-22T15:15:15.884+05:30  INFO 3172 --- [customer] [restartedMain] o.apache.catalina.core.StandardService   : Starting service [Tomcat]
2025-05-22T15:15:15.884+05:30  INFO 3172 --- [customer] [restartedMain] o.apache.catalina.core.StandardEngine    : Starting Servlet engine: [Apache Tomcat/10.1.40]
2025-05-22T15:15:15.899+05:30  INFO 3172 --- [customer] [restartedMain] o.a.c.c.C.[Tomcat].[localhost].[/]       : Initializing Spring embedded WebApplicationContext
2025-05-22T15:15:15.899+05:30  INFO 3172 --- [customer] [restartedMain] w.s.c.ServletWebServerApplicationContext : Root WebApplicationContext: initialization completed in 321 ms
2025-05-22T15:15:15.928+05:30  INFO 3172 --- [customer] [restartedMain] o.hibernate.jpa.internal.util.LogHelper  : HHH000204: Processing PersistenceUnitInfo [name: default]
2025-05-22T15:15:15.930+05:30  INFO 3172 --- [customer] [restartedMain] o.h.c.internal.RegionFactoryInitiator    : HHH000026: Second-level cache disabled
2025-05-22T15:15:15.938+05:30  INFO 3172 --- [customer] [restartedMain] o.s.o.j.p.SpringPersistenceUnitInfo      : No LoadTimeWeaver setup: ignoring JPA class transformer
2025-05-22T15:15:15.939+05:30  INFO 3172 --- [customer] [restartedMain] com.zaxxer.hikari.HikariDataSource       : HikariPool-24 - Starting...
2025-05-22T15:15:15.950+05:30  INFO 3172 --- [customer] [restartedMain] com.zaxxer.hikari.pool.HikariPool        : HikariPool-24 - Added connection com.mysql.cj.jdbc.ConnectionImpl@6fd52659
2025-05-22T15:15:15.950+05:30  INFO 3172 --- [customer] [restartedMain] com.zaxxer.hikari.HikariDataSource       : HikariPool-24 - Start completed.
2025-05-22T15:15:15.951+05:30  WARN 3172 --- [customer] [restartedMain] org.hibernate.orm.deprecation            : HHH90000025: MySQLDialect does not need to be specified explicitly using 'hibernate.dialect' (remove the property setting and it will be selected by default)
2025-05-22T15:15:15.952+05:30  INFO 3172 --- [customer] [restartedMain] org.hibernate.orm.connections.pooling    : HHH10001005: Database info:
	Database JDBC URL [Connecting through datasource 'HikariDataSource (HikariPool-24)']
	Database driver: undefined/unknown
	Database version: 8.0.37
	Autocommit mode: undefined/unknown
	Isolation level: undefined/unknown
	Minimum pool size: undefined/unknown
	Maximum pool size: undefined/unknown
2025-05-22T15:15:16.003+05:30  INFO 3172 --- [customer] [restartedMain] o.h.e.t.j.p.i.JtaPlatformInitiator       : HHH000489: No JTA platform available (set 'hibernate.transaction.jta.platform' to enable JTA platform integration)
2025-05-22T15:15:16.025+05:30  INFO 3172 --- [customer] [restartedMain] j.LocalContainerEntityManagerFactoryBean : Initialized JPA EntityManagerFactory for persistence unit 'default'
2025-05-22T15:15:16.096+05:30  WARN 3172 --- [customer] [restartedMain] JpaBaseConfiguration$JpaWebConfiguration : spring.jpa.open-in-view is enabled by default. Therefore, database queries may be performed during view rendering. Explicitly configure spring.jpa.open-in-view to disable this warning
2025-05-22T15:15:16.115+05:30  INFO 3172 --- [customer] [restartedMain] o.s.v.b.OptionalValidatorFactoryBean     : Failed to set up a Bean Validation provider: jakarta.validation.NoProviderFoundException: Unable to create a Configuration, because no Jakarta Bean Validation provider could be found. Add a provider like Hibernate Validator (RI) to your classpath.
2025-05-22T15:15:16.201+05:30  INFO 3172 --- [customer] [restartedMain] o.s.b.d.a.OptionalLiveReloadServer       : LiveReload server is running on port 35729
2025-05-22T15:15:16.216+05:30  INFO 3172 --- [customer] [restartedMain] o.s.b.w.embedded.tomcat.TomcatWebServer  : Tomcat started on port 7777 (http) with context path '/'
2025-05-22T15:15:16.221+05:30  INFO 3172 --- [customer] [restartedMain] c.app.ClmsCustomerApiModuleApplication   : Started ClmsCustomerApiModuleApplication in 0.665 seconds (process running for 2863.682)
2025-05-22T15:15:16.223+05:30  INFO 3172 --- [customer] [restartedMain] .ConditionEvaluationDeltaLoggingListener : Condition evaluation unchanged
2025-05-22T15:16:26.369+05:30  INFO 3172 --- [customer] [File Watcher] rtingClassPathChangeChangedEventListener : Restarting due to 1 class path change (0 additions, 0 deletions, 1 modification)
2025-05-22T15:16:26.373+05:30  INFO 3172 --- [customer] [Thread-95] o.s.b.w.e.tomcat.GracefulShutdown        : Commencing graceful shutdown. Waiting for active requests to complete
2025-05-22T15:16:26.454+05:30  INFO 3172 --- [customer] [tomcat-shutdown] o.s.b.w.e.tomcat.GracefulShutdown        : Graceful shutdown complete
2025-05-22T15:16:26.455+05:30  INFO 3172 --- [customer] [Thread-95] j.LocalContainerEntityManagerFactoryBean : Closing JPA EntityManagerFactory for persistence unit 'default'
2025-05-22T15:16:26.456+05:30  INFO 3172 --- [customer] [Thread-95] com.zaxxer.hikari.HikariDataSource       : HikariPool-24 - Shutdown initiated...
2025-05-22T15:16:26.460+05:30  INFO 3172 --- [customer] [Thread-95] com.zaxxer.hikari.HikariDataSource       : HikariPool-24 - Shutdown completed.
2025-05-22T15:16:26.551+05:30  INFO 3172 --- [customer] [restartedMain] c.app.ClmsCustomerApiModuleApplication   : Starting ClmsCustomerApiModuleApplication using Java 17.0.8.1 with PID 3172 (C:\Users\Dell\git\CarLoan_Customer\CLMS-Customer-API-Module\target\classes started by Dell in C:\Users\Dell\git\CarLoan_Customer\CLMS-Customer-API-Module)
2025-05-22T15:16:26.551+05:30  INFO 3172 --- [customer] [restartedMain] c.app.ClmsCustomerApiModuleApplication   : No active profile set, falling back to 1 default profile: "default"
2025-05-22T15:16:26.751+05:30  INFO 3172 --- [customer] [restartedMain] .s.d.r.c.RepositoryConfigurationDelegate : Bootstrapping Spring Data JPA repositories in DEFAULT mode.
2025-05-22T15:16:26.759+05:30  INFO 3172 --- [customer] [restartedMain] .s.d.r.c.RepositoryConfigurationDelegate : Finished Spring Data repository scanning in 6 ms. Found 1 JPA repository interface.
2025-05-22T15:16:26.865+05:30  INFO 3172 --- [customer] [restartedMain] o.s.b.w.embedded.tomcat.TomcatWebServer  : Tomcat initialized with port 7777 (http)
2025-05-22T15:16:26.865+05:30  INFO 3172 --- [customer] [restartedMain] o.apache.catalina.core.StandardService   : Starting service [Tomcat]
2025-05-22T15:16:26.866+05:30  INFO 3172 --- [customer] [restartedMain] o.apache.catalina.core.StandardEngine    : Starting Servlet engine: [Apache Tomcat/10.1.40]
2025-05-22T15:16:26.886+05:30  INFO 3172 --- [customer] [restartedMain] o.a.c.c.C.[Tomcat].[localhost].[/]       : Initializing Spring embedded WebApplicationContext
2025-05-22T15:16:26.886+05:30  INFO 3172 --- [customer] [restartedMain] w.s.c.ServletWebServerApplicationContext : Root WebApplicationContext: initialization completed in 334 ms
2025-05-22T15:16:26.931+05:30  INFO 3172 --- [customer] [restartedMain] o.hibernate.jpa.internal.util.LogHelper  : HHH000204: Processing PersistenceUnitInfo [name: default]
2025-05-22T15:16:26.935+05:30  INFO 3172 --- [customer] [restartedMain] o.h.c.internal.RegionFactoryInitiator    : HHH000026: Second-level cache disabled
2025-05-22T15:16:26.945+05:30  INFO 3172 --- [customer] [restartedMain] o.s.o.j.p.SpringPersistenceUnitInfo      : No LoadTimeWeaver setup: ignoring JPA class transformer
2025-05-22T15:16:26.946+05:30  INFO 3172 --- [customer] [restartedMain] com.zaxxer.hikari.HikariDataSource       : HikariPool-25 - Starting...
2025-05-22T15:16:26.959+05:30  INFO 3172 --- [customer] [restartedMain] com.zaxxer.hikari.pool.HikariPool        : HikariPool-25 - Added connection com.mysql.cj.jdbc.ConnectionImpl@1fd9c2c9
2025-05-22T15:16:26.959+05:30  INFO 3172 --- [customer] [restartedMain] com.zaxxer.hikari.HikariDataSource       : HikariPool-25 - Start completed.
2025-05-22T15:16:26.960+05:30  WARN 3172 --- [customer] [restartedMain] org.hibernate.orm.deprecation            : HHH90000025: MySQLDialect does not need to be specified explicitly using 'hibernate.dialect' (remove the property setting and it will be selected by default)
2025-05-22T15:16:26.961+05:30  INFO 3172 --- [customer] [restartedMain] org.hibernate.orm.connections.pooling    : HHH10001005: Database info:
	Database JDBC URL [Connecting through datasource 'HikariDataSource (HikariPool-25)']
	Database driver: undefined/unknown
	Database version: 8.0.37
	Autocommit mode: undefined/unknown
	Isolation level: undefined/unknown
	Minimum pool size: undefined/unknown
	Maximum pool size: undefined/unknown
2025-05-22T15:16:27.038+05:30  INFO 3172 --- [customer] [restartedMain] o.h.e.t.j.p.i.JtaPlatformInitiator       : HHH000489: No JTA platform available (set 'hibernate.transaction.jta.platform' to enable JTA platform integration)
2025-05-22T15:16:27.068+05:30  INFO 3172 --- [customer] [restartedMain] j.LocalContainerEntityManagerFactoryBean : Initialized JPA EntityManagerFactory for persistence unit 'default'
2025-05-22T15:16:27.170+05:30  WARN 3172 --- [customer] [restartedMain] JpaBaseConfiguration$JpaWebConfiguration : spring.jpa.open-in-view is enabled by default. Therefore, database queries may be performed during view rendering. Explicitly configure spring.jpa.open-in-view to disable this warning
2025-05-22T15:16:27.190+05:30  INFO 3172 --- [customer] [restartedMain] o.s.v.b.OptionalValidatorFactoryBean     : Failed to set up a Bean Validation provider: jakarta.validation.NoProviderFoundException: Unable to create a Configuration, because no Jakarta Bean Validation provider could be found. Add a provider like Hibernate Validator (RI) to your classpath.
2025-05-22T15:16:27.325+05:30  INFO 3172 --- [customer] [restartedMain] o.s.b.d.a.OptionalLiveReloadServer       : LiveReload server is running on port 35729
2025-05-22T15:16:27.339+05:30  INFO 3172 --- [customer] [restartedMain] o.s.b.w.embedded.tomcat.TomcatWebServer  : Tomcat started on port 7777 (http) with context path '/'
2025-05-22T15:16:27.348+05:30  INFO 3172 --- [customer] [restartedMain] c.app.ClmsCustomerApiModuleApplication   : Started ClmsCustomerApiModuleApplication in 0.823 seconds (process running for 2934.809)
2025-05-22T15:16:27.349+05:30  INFO 3172 --- [customer] [restartedMain] .ConditionEvaluationDeltaLoggingListener : Condition evaluation unchanged
2025-05-22T15:17:22.159+05:30  INFO 3172 --- [customer] [File Watcher] rtingClassPathChangeChangedEventListener : Restarting due to 1 class path change (0 additions, 0 deletions, 1 modification)
2025-05-22T15:17:22.162+05:30  INFO 3172 --- [customer] [Thread-99] o.s.b.w.e.tomcat.GracefulShutdown        : Commencing graceful shutdown. Waiting for active requests to complete
2025-05-22T15:17:22.286+05:30  INFO 3172 --- [customer] [tomcat-shutdown] o.s.b.w.e.tomcat.GracefulShutdown        : Graceful shutdown complete
2025-05-22T15:17:22.288+05:30  INFO 3172 --- [customer] [Thread-99] j.LocalContainerEntityManagerFactoryBean : Closing JPA EntityManagerFactory for persistence unit 'default'
2025-05-22T15:17:22.289+05:30  INFO 3172 --- [customer] [Thread-99] com.zaxxer.hikari.HikariDataSource       : HikariPool-25 - Shutdown initiated...
2025-05-22T15:17:22.293+05:30  INFO 3172 --- [customer] [Thread-99] com.zaxxer.hikari.HikariDataSource       : HikariPool-25 - Shutdown completed.
2025-05-22T15:17:22.389+05:30  INFO 3172 --- [customer] [restartedMain] c.app.ClmsCustomerApiModuleApplication   : Starting ClmsCustomerApiModuleApplication using Java 17.0.8.1 with PID 3172 (C:\Users\Dell\git\CarLoan_Customer\CLMS-Customer-API-Module\target\classes started by Dell in C:\Users\Dell\git\CarLoan_Customer\CLMS-Customer-API-Module)
2025-05-22T15:17:22.389+05:30  INFO 3172 --- [customer] [restartedMain] c.app.ClmsCustomerApiModuleApplication   : No active profile set, falling back to 1 default profile: "default"
2025-05-22T15:17:22.582+05:30  INFO 3172 --- [customer] [restartedMain] .s.d.r.c.RepositoryConfigurationDelegate : Bootstrapping Spring Data JPA repositories in DEFAULT mode.
2025-05-22T15:17:22.595+05:30  INFO 3172 --- [customer] [restartedMain] .s.d.r.c.RepositoryConfigurationDelegate : Finished Spring Data repository scanning in 11 ms. Found 1 JPA repository interface.
2025-05-22T15:17:22.689+05:30  INFO 3172 --- [customer] [restartedMain] o.s.b.w.embedded.tomcat.TomcatWebServer  : Tomcat initialized with port 7777 (http)
2025-05-22T15:17:22.690+05:30  INFO 3172 --- [customer] [restartedMain] o.apache.catalina.core.StandardService   : Starting service [Tomcat]
2025-05-22T15:17:22.690+05:30  INFO 3172 --- [customer] [restartedMain] o.apache.catalina.core.StandardEngine    : Starting Servlet engine: [Apache Tomcat/10.1.40]
2025-05-22T15:17:22.719+05:30  INFO 3172 --- [customer] [restartedMain] o.a.c.c.C.[Tomcat].[localhost].[/]       : Initializing Spring embedded WebApplicationContext
2025-05-22T15:17:22.719+05:30  INFO 3172 --- [customer] [restartedMain] w.s.c.ServletWebServerApplicationContext : Root WebApplicationContext: initialization completed in 328 ms
2025-05-22T15:17:22.766+05:30  INFO 3172 --- [customer] [restartedMain] o.hibernate.jpa.internal.util.LogHelper  : HHH000204: Processing PersistenceUnitInfo [name: default]
2025-05-22T15:17:22.768+05:30  INFO 3172 --- [customer] [restartedMain] o.h.c.internal.RegionFactoryInitiator    : HHH000026: Second-level cache disabled
2025-05-22T15:17:22.775+05:30  INFO 3172 --- [customer] [restartedMain] o.s.o.j.p.SpringPersistenceUnitInfo      : No LoadTimeWeaver setup: ignoring JPA class transformer
2025-05-22T15:17:22.776+05:30  INFO 3172 --- [customer] [restartedMain] com.zaxxer.hikari.HikariDataSource       : HikariPool-26 - Starting...
2025-05-22T15:17:22.789+05:30  INFO 3172 --- [customer] [restartedMain] com.zaxxer.hikari.pool.HikariPool        : HikariPool-26 - Added connection com.mysql.cj.jdbc.ConnectionImpl@55434bcb
2025-05-22T15:17:22.789+05:30  INFO 3172 --- [customer] [restartedMain] com.zaxxer.hikari.HikariDataSource       : HikariPool-26 - Start completed.
2025-05-22T15:17:22.791+05:30  WARN 3172 --- [customer] [restartedMain] org.hibernate.orm.deprecation            : HHH90000025: MySQLDialect does not need to be specified explicitly using 'hibernate.dialect' (remove the property setting and it will be selected by default)
2025-05-22T15:17:22.791+05:30  INFO 3172 --- [customer] [restartedMain] org.hibernate.orm.connections.pooling    : HHH10001005: Database info:
	Database JDBC URL [Connecting through datasource 'HikariDataSource (HikariPool-26)']
	Database driver: undefined/unknown
	Database version: 8.0.37
	Autocommit mode: undefined/unknown
	Isolation level: undefined/unknown
	Minimum pool size: undefined/unknown
	Maximum pool size: undefined/unknown
2025-05-22T15:17:22.859+05:30  INFO 3172 --- [customer] [restartedMain] o.h.e.t.j.p.i.JtaPlatformInitiator       : HHH000489: No JTA platform available (set 'hibernate.transaction.jta.platform' to enable JTA platform integration)
2025-05-22T15:17:22.889+05:30  INFO 3172 --- [customer] [restartedMain] j.LocalContainerEntityManagerFactoryBean : Initialized JPA EntityManagerFactory for persistence unit 'default'
2025-05-22T15:17:22.991+05:30  WARN 3172 --- [customer] [restartedMain] JpaBaseConfiguration$JpaWebConfiguration : spring.jpa.open-in-view is enabled by default. Therefore, database queries may be performed during view rendering. Explicitly configure spring.jpa.open-in-view to disable this warning
2025-05-22T15:17:23.012+05:30  INFO 3172 --- [customer] [restartedMain] o.s.v.b.OptionalValidatorFactoryBean     : Failed to set up a Bean Validation provider: jakarta.validation.NoProviderFoundException: Unable to create a Configuration, because no Jakarta Bean Validation provider could be found. Add a provider like Hibernate Validator (RI) to your classpath.
2025-05-22T15:17:23.147+05:30  INFO 3172 --- [customer] [restartedMain] o.s.b.d.a.OptionalLiveReloadServer       : LiveReload server is running on port 35729
2025-05-22T15:17:23.166+05:30  INFO 3172 --- [customer] [restartedMain] o.s.b.w.embedded.tomcat.TomcatWebServer  : Tomcat started on port 7777 (http) with context path '/'
2025-05-22T15:17:23.174+05:30  INFO 3172 --- [customer] [restartedMain] c.app.ClmsCustomerApiModuleApplication   : Started ClmsCustomerApiModuleApplication in 0.812 seconds (process running for 2990.635)
2025-05-22T15:17:23.176+05:30  INFO 3172 --- [customer] [restartedMain] .ConditionEvaluationDeltaLoggingListener : Condition evaluation unchanged
2025-05-22T15:19:58.430+05:30  INFO 3172 --- [customer] [File Watcher] rtingClassPathChangeChangedEventListener : Restarting due to 1 class path change (0 additions, 0 deletions, 1 modification)
2025-05-22T15:19:58.434+05:30  INFO 3172 --- [customer] [Thread-103] o.s.b.w.e.tomcat.GracefulShutdown        : Commencing graceful shutdown. Waiting for active requests to complete
2025-05-22T15:19:58.548+05:30  INFO 3172 --- [customer] [tomcat-shutdown] o.s.b.w.e.tomcat.GracefulShutdown        : Graceful shutdown complete
2025-05-22T15:19:58.550+05:30  INFO 3172 --- [customer] [Thread-103] j.LocalContainerEntityManagerFactoryBean : Closing JPA EntityManagerFactory for persistence unit 'default'
2025-05-22T15:19:58.550+05:30  INFO 3172 --- [customer] [Thread-103] com.zaxxer.hikari.HikariDataSource       : HikariPool-26 - Shutdown initiated...
2025-05-22T15:19:58.555+05:30  INFO 3172 --- [customer] [Thread-103] com.zaxxer.hikari.HikariDataSource       : HikariPool-26 - Shutdown completed.
2025-05-22T15:19:58.663+05:30  INFO 3172 --- [customer] [restartedMain] c.app.ClmsCustomerApiModuleApplication   : Starting ClmsCustomerApiModuleApplication using Java 17.0.8.1 with PID 3172 (C:\Users\Dell\git\CarLoan_Customer\CLMS-Customer-API-Module\target\classes started by Dell in C:\Users\Dell\git\CarLoan_Customer\CLMS-Customer-API-Module)
2025-05-22T15:19:58.663+05:30  INFO 3172 --- [customer] [restartedMain] c.app.ClmsCustomerApiModuleApplication   : No active profile set, falling back to 1 default profile: "default"
2025-05-22T15:19:58.874+05:30  INFO 3172 --- [customer] [restartedMain] .s.d.r.c.RepositoryConfigurationDelegate : Bootstrapping Spring Data JPA repositories in DEFAULT mode.
2025-05-22T15:19:58.882+05:30  INFO 3172 --- [customer] [restartedMain] .s.d.r.c.RepositoryConfigurationDelegate : Finished Spring Data repository scanning in 6 ms. Found 1 JPA repository interface.
2025-05-22T15:19:58.971+05:30  INFO 3172 --- [customer] [restartedMain] o.s.b.w.embedded.tomcat.TomcatWebServer  : Tomcat initialized with port 7777 (http)
2025-05-22T15:19:58.972+05:30  INFO 3172 --- [customer] [restartedMain] o.apache.catalina.core.StandardService   : Starting service [Tomcat]
2025-05-22T15:19:58.972+05:30  INFO 3172 --- [customer] [restartedMain] o.apache.catalina.core.StandardEngine    : Starting Servlet engine: [Apache Tomcat/10.1.40]
2025-05-22T15:19:58.990+05:30  INFO 3172 --- [customer] [restartedMain] o.a.c.c.C.[Tomcat].[localhost].[/]       : Initializing Spring embedded WebApplicationContext
2025-05-22T15:19:58.990+05:30  INFO 3172 --- [customer] [restartedMain] w.s.c.ServletWebServerApplicationContext : Root WebApplicationContext: initialization completed in 325 ms
2025-05-22T15:19:59.027+05:30  INFO 3172 --- [customer] [restartedMain] o.hibernate.jpa.internal.util.LogHelper  : HHH000204: Processing PersistenceUnitInfo [name: default]
2025-05-22T15:19:59.031+05:30  INFO 3172 --- [customer] [restartedMain] o.h.c.internal.RegionFactoryInitiator    : HHH000026: Second-level cache disabled
2025-05-22T15:19:59.040+05:30  INFO 3172 --- [customer] [restartedMain] o.s.o.j.p.SpringPersistenceUnitInfo      : No LoadTimeWeaver setup: ignoring JPA class transformer
2025-05-22T15:19:59.041+05:30  INFO 3172 --- [customer] [restartedMain] com.zaxxer.hikari.HikariDataSource       : HikariPool-27 - Starting...
2025-05-22T15:19:59.055+05:30  INFO 3172 --- [customer] [restartedMain] com.zaxxer.hikari.pool.HikariPool        : HikariPool-27 - Added connection com.mysql.cj.jdbc.ConnectionImpl@590f4269
2025-05-22T15:19:59.055+05:30  INFO 3172 --- [customer] [restartedMain] com.zaxxer.hikari.HikariDataSource       : HikariPool-27 - Start completed.
2025-05-22T15:19:59.057+05:30  WARN 3172 --- [customer] [restartedMain] org.hibernate.orm.deprecation            : HHH90000025: MySQLDialect does not need to be specified explicitly using 'hibernate.dialect' (remove the property setting and it will be selected by default)
2025-05-22T15:19:59.057+05:30  INFO 3172 --- [customer] [restartedMain] org.hibernate.orm.connections.pooling    : HHH10001005: Database info:
	Database JDBC URL [Connecting through datasource 'HikariDataSource (HikariPool-27)']
	Database driver: undefined/unknown
	Database version: 8.0.37
	Autocommit mode: undefined/unknown
	Isolation level: undefined/unknown
	Minimum pool size: undefined/unknown
	Maximum pool size: undefined/unknown
2025-05-22T15:19:59.127+05:30  INFO 3172 --- [customer] [restartedMain] o.h.e.t.j.p.i.JtaPlatformInitiator       : HHH000489: No JTA platform available (set 'hibernate.transaction.jta.platform' to enable JTA platform integration)
2025-05-22T15:19:59.159+05:30  INFO 3172 --- [customer] [restartedMain] j.LocalContainerEntityManagerFactoryBean : Initialized JPA EntityManagerFactory for persistence unit 'default'
2025-05-22T15:19:59.249+05:30  WARN 3172 --- [customer] [restartedMain] JpaBaseConfiguration$JpaWebConfiguration : spring.jpa.open-in-view is enabled by default. Therefore, database queries may be performed during view rendering. Explicitly configure spring.jpa.open-in-view to disable this warning
2025-05-22T15:19:59.270+05:30  INFO 3172 --- [customer] [restartedMain] o.s.v.b.OptionalValidatorFactoryBean     : Failed to set up a Bean Validation provider: jakarta.validation.NoProviderFoundException: Unable to create a Configuration, because no Jakarta Bean Validation provider could be found. Add a provider like Hibernate Validator (RI) to your classpath.
2025-05-22T15:19:59.383+05:30  INFO 3172 --- [customer] [restartedMain] o.s.b.d.a.OptionalLiveReloadServer       : LiveReload server is running on port 35729
2025-05-22T15:19:59.399+05:30  INFO 3172 --- [customer] [restartedMain] o.s.b.w.embedded.tomcat.TomcatWebServer  : Tomcat started on port 7777 (http) with context path '/'
2025-05-22T15:19:59.406+05:30  INFO 3172 --- [customer] [restartedMain] c.app.ClmsCustomerApiModuleApplication   : Started ClmsCustomerApiModuleApplication in 0.775 seconds (process running for 3146.867)
2025-05-22T15:19:59.408+05:30  INFO 3172 --- [customer] [restartedMain] .ConditionEvaluationDeltaLoggingListener : Condition evaluation unchanged
2025-05-22T15:20:14.217+05:30  INFO 3172 --- [customer] [File Watcher] rtingClassPathChangeChangedEventListener : Restarting due to 1 class path change (0 additions, 0 deletions, 1 modification)
2025-05-22T15:20:14.221+05:30  INFO 3172 --- [customer] [Thread-107] o.s.b.w.e.tomcat.GracefulShutdown        : Commencing graceful shutdown. Waiting for active requests to complete
2025-05-22T15:20:14.323+05:30  INFO 3172 --- [customer] [tomcat-shutdown] o.s.b.w.e.tomcat.GracefulShutdown        : Graceful shutdown complete
2025-05-22T15:20:14.325+05:30  INFO 3172 --- [customer] [Thread-107] j.LocalContainerEntityManagerFactoryBean : Closing JPA EntityManagerFactory for persistence unit 'default'
2025-05-22T15:20:14.326+05:30  INFO 3172 --- [customer] [Thread-107] com.zaxxer.hikari.HikariDataSource       : HikariPool-27 - Shutdown initiated...
2025-05-22T15:20:14.329+05:30  INFO 3172 --- [customer] [Thread-107] com.zaxxer.hikari.HikariDataSource       : HikariPool-27 - Shutdown completed.
2025-05-22T15:20:14.440+05:30  INFO 3172 --- [customer] [restartedMain] c.app.ClmsCustomerApiModuleApplication   : Starting ClmsCustomerApiModuleApplication using Java 17.0.8.1 with PID 3172 (C:\Users\Dell\git\CarLoan_Customer\CLMS-Customer-API-Module\target\classes started by Dell in C:\Users\Dell\git\CarLoan_Customer\CLMS-Customer-API-Module)
2025-05-22T15:20:14.440+05:30  INFO 3172 --- [customer] [restartedMain] c.app.ClmsCustomerApiModuleApplication   : No active profile set, falling back to 1 default profile: "default"
2025-05-22T15:20:14.689+05:30  INFO 3172 --- [customer] [restartedMain] .s.d.r.c.RepositoryConfigurationDelegate : Bootstrapping Spring Data JPA repositories in DEFAULT mode.
2025-05-22T15:20:14.700+05:30  INFO 3172 --- [customer] [restartedMain] .s.d.r.c.RepositoryConfigurationDelegate : Finished Spring Data repository scanning in 9 ms. Found 1 JPA repository interface.
2025-05-22T15:20:14.813+05:30  INFO 3172 --- [customer] [restartedMain] o.s.b.w.embedded.tomcat.TomcatWebServer  : Tomcat initialized with port 7777 (http)
2025-05-22T15:20:14.815+05:30  INFO 3172 --- [customer] [restartedMain] o.apache.catalina.core.StandardService   : Starting service [Tomcat]
2025-05-22T15:20:14.815+05:30  INFO 3172 --- [customer] [restartedMain] o.apache.catalina.core.StandardEngine    : Starting Servlet engine: [Apache Tomcat/10.1.40]
2025-05-22T15:20:14.836+05:30  INFO 3172 --- [customer] [restartedMain] o.a.c.c.C.[Tomcat].[localhost].[/]       : Initializing Spring embedded WebApplicationContext
2025-05-22T15:20:14.836+05:30  INFO 3172 --- [customer] [restartedMain] w.s.c.ServletWebServerApplicationContext : Root WebApplicationContext: initialization completed in 394 ms
2025-05-22T15:20:14.872+05:30  INFO 3172 --- [customer] [restartedMain] o.hibernate.jpa.internal.util.LogHelper  : HHH000204: Processing PersistenceUnitInfo [name: default]
2025-05-22T15:20:14.875+05:30  INFO 3172 --- [customer] [restartedMain] o.h.c.internal.RegionFactoryInitiator    : HHH000026: Second-level cache disabled
2025-05-22T15:20:14.887+05:30  INFO 3172 --- [customer] [restartedMain] o.s.o.j.p.SpringPersistenceUnitInfo      : No LoadTimeWeaver setup: ignoring JPA class transformer
2025-05-22T15:20:14.888+05:30  INFO 3172 --- [customer] [restartedMain] com.zaxxer.hikari.HikariDataSource       : HikariPool-28 - Starting...
2025-05-22T15:20:14.900+05:30  INFO 3172 --- [customer] [restartedMain] com.zaxxer.hikari.pool.HikariPool        : HikariPool-28 - Added connection com.mysql.cj.jdbc.ConnectionImpl@5b333d1
2025-05-22T15:20:14.901+05:30  INFO 3172 --- [customer] [restartedMain] com.zaxxer.hikari.HikariDataSource       : HikariPool-28 - Start completed.
2025-05-22T15:20:14.902+05:30  WARN 3172 --- [customer] [restartedMain] org.hibernate.orm.deprecation            : HHH90000025: MySQLDialect does not need to be specified explicitly using 'hibernate.dialect' (remove the property setting and it will be selected by default)
2025-05-22T15:20:14.903+05:30  INFO 3172 --- [customer] [restartedMain] org.hibernate.orm.connections.pooling    : HHH10001005: Database info:
	Database JDBC URL [Connecting through datasource 'HikariDataSource (HikariPool-28)']
	Database driver: undefined/unknown
	Database version: 8.0.37
	Autocommit mode: undefined/unknown
	Isolation level: undefined/unknown
	Minimum pool size: undefined/unknown
	Maximum pool size: undefined/unknown
2025-05-22T15:20:14.967+05:30  INFO 3172 --- [customer] [restartedMain] o.h.e.t.j.p.i.JtaPlatformInitiator       : HHH000489: No JTA platform available (set 'hibernate.transaction.jta.platform' to enable JTA platform integration)
2025-05-22T15:20:15.001+05:30  INFO 3172 --- [customer] [restartedMain] j.LocalContainerEntityManagerFactoryBean : Initialized JPA EntityManagerFactory for persistence unit 'default'
2025-05-22T15:20:15.094+05:30  WARN 3172 --- [customer] [restartedMain] JpaBaseConfiguration$JpaWebConfiguration : spring.jpa.open-in-view is enabled by default. Therefore, database queries may be performed during view rendering. Explicitly configure spring.jpa.open-in-view to disable this warning
2025-05-22T15:20:15.109+05:30  INFO 3172 --- [customer] [restartedMain] o.s.v.b.OptionalValidatorFactoryBean     : Failed to set up a Bean Validation provider: jakarta.validation.NoProviderFoundException: Unable to create a Configuration, because no Jakarta Bean Validation provider could be found. Add a provider like Hibernate Validator (RI) to your classpath.
2025-05-22T15:20:15.249+05:30  INFO 3172 --- [customer] [restartedMain] o.s.b.d.a.OptionalLiveReloadServer       : LiveReload server is running on port 35729
2025-05-22T15:20:15.268+05:30  INFO 3172 --- [customer] [restartedMain] o.s.b.w.embedded.tomcat.TomcatWebServer  : Tomcat started on port 7777 (http) with context path '/'
2025-05-22T15:20:15.274+05:30  INFO 3172 --- [customer] [restartedMain] c.app.ClmsCustomerApiModuleApplication   : Started ClmsCustomerApiModuleApplication in 0.863 seconds (process running for 3162.735)
2025-05-22T15:20:15.276+05:30  INFO 3172 --- [customer] [restartedMain] .ConditionEvaluationDeltaLoggingListener : Condition evaluation unchanged
2025-05-22T15:22:51.539+05:30  INFO 3172 --- [customer] [File Watcher] rtingClassPathChangeChangedEventListener : Restarting due to 1 class path change (0 additions, 0 deletions, 1 modification)
2025-05-22T15:22:51.543+05:30  INFO 3172 --- [customer] [Thread-111] o.s.b.w.e.tomcat.GracefulShutdown        : Commencing graceful shutdown. Waiting for active requests to complete
2025-05-22T15:22:51.599+05:30  INFO 3172 --- [customer] [tomcat-shutdown] o.s.b.w.e.tomcat.GracefulShutdown        : Graceful shutdown complete
2025-05-22T15:22:51.601+05:30  INFO 3172 --- [customer] [Thread-111] j.LocalContainerEntityManagerFactoryBean : Closing JPA EntityManagerFactory for persistence unit 'default'
2025-05-22T15:22:51.601+05:30  INFO 3172 --- [customer] [Thread-111] com.zaxxer.hikari.HikariDataSource       : HikariPool-28 - Shutdown initiated...
2025-05-22T15:22:51.604+05:30  INFO 3172 --- [customer] [Thread-111] com.zaxxer.hikari.HikariDataSource       : HikariPool-28 - Shutdown completed.
2025-05-22T15:22:51.694+05:30  INFO 3172 --- [customer] [restartedMain] c.app.ClmsCustomerApiModuleApplication   : Starting ClmsCustomerApiModuleApplication using Java 17.0.8.1 with PID 3172 (C:\Users\Dell\git\CarLoan_Customer\CLMS-Customer-API-Module\target\classes started by Dell in C:\Users\Dell\git\CarLoan_Customer\CLMS-Customer-API-Module)
2025-05-22T15:22:51.694+05:30  INFO 3172 --- [customer] [restartedMain] c.app.ClmsCustomerApiModuleApplication   : No active profile set, falling back to 1 default profile: "default"
2025-05-22T15:22:51.876+05:30  INFO 3172 --- [customer] [restartedMain] .s.d.r.c.RepositoryConfigurationDelegate : Bootstrapping Spring Data JPA repositories in DEFAULT mode.
2025-05-22T15:22:51.900+05:30  INFO 3172 --- [customer] [restartedMain] .s.d.r.c.RepositoryConfigurationDelegate : Finished Spring Data repository scanning in 22 ms. Found 1 JPA repository interface.
2025-05-22T15:22:52.050+05:30  INFO 3172 --- [customer] [restartedMain] o.s.b.w.embedded.tomcat.TomcatWebServer  : Tomcat initialized with port 7777 (http)
2025-05-22T15:22:52.050+05:30  INFO 3172 --- [customer] [restartedMain] o.apache.catalina.core.StandardService   : Starting service [Tomcat]
2025-05-22T15:22:52.050+05:30  INFO 3172 --- [customer] [restartedMain] o.apache.catalina.core.StandardEngine    : Starting Servlet engine: [Apache Tomcat/10.1.40]
2025-05-22T15:22:52.067+05:30  INFO 3172 --- [customer] [restartedMain] o.a.c.c.C.[Tomcat].[localhost].[/]       : Initializing Spring embedded WebApplicationContext
2025-05-22T15:22:52.067+05:30  INFO 3172 --- [customer] [restartedMain] w.s.c.ServletWebServerApplicationContext : Root WebApplicationContext: initialization completed in 371 ms
2025-05-22T15:22:52.092+05:30  INFO 3172 --- [customer] [restartedMain] o.hibernate.jpa.internal.util.LogHelper  : HHH000204: Processing PersistenceUnitInfo [name: default]
2025-05-22T15:22:52.094+05:30  INFO 3172 --- [customer] [restartedMain] o.h.c.internal.RegionFactoryInitiator    : HHH000026: Second-level cache disabled
2025-05-22T15:22:52.105+05:30  INFO 3172 --- [customer] [restartedMain] o.s.o.j.p.SpringPersistenceUnitInfo      : No LoadTimeWeaver setup: ignoring JPA class transformer
2025-05-22T15:22:52.106+05:30  INFO 3172 --- [customer] [restartedMain] com.zaxxer.hikari.HikariDataSource       : HikariPool-29 - Starting...
2025-05-22T15:22:52.116+05:30  INFO 3172 --- [customer] [restartedMain] com.zaxxer.hikari.pool.HikariPool        : HikariPool-29 - Added connection com.mysql.cj.jdbc.ConnectionImpl@53c52c09
2025-05-22T15:22:52.117+05:30  INFO 3172 --- [customer] [restartedMain] com.zaxxer.hikari.HikariDataSource       : HikariPool-29 - Start completed.
2025-05-22T15:22:52.118+05:30  WARN 3172 --- [customer] [restartedMain] org.hibernate.orm.deprecation            : HHH90000025: MySQLDialect does not need to be specified explicitly using 'hibernate.dialect' (remove the property setting and it will be selected by default)
2025-05-22T15:22:52.118+05:30  INFO 3172 --- [customer] [restartedMain] org.hibernate.orm.connections.pooling    : HHH10001005: Database info:
	Database JDBC URL [Connecting through datasource 'HikariDataSource (HikariPool-29)']
	Database driver: undefined/unknown
	Database version: 8.0.37
	Autocommit mode: undefined/unknown
	Isolation level: undefined/unknown
	Minimum pool size: undefined/unknown
	Maximum pool size: undefined/unknown
2025-05-22T15:22:52.164+05:30  INFO 3172 --- [customer] [restartedMain] o.h.e.t.j.p.i.JtaPlatformInitiator       : HHH000489: No JTA platform available (set 'hibernate.transaction.jta.platform' to enable JTA platform integration)
2025-05-22T15:22:52.189+05:30  INFO 3172 --- [customer] [restartedMain] j.LocalContainerEntityManagerFactoryBean : Initialized JPA EntityManagerFactory for persistence unit 'default'
2025-05-22T15:22:52.263+05:30  WARN 3172 --- [customer] [restartedMain] JpaBaseConfiguration$JpaWebConfiguration : spring.jpa.open-in-view is enabled by default. Therefore, database queries may be performed during view rendering. Explicitly configure spring.jpa.open-in-view to disable this warning
2025-05-22T15:22:52.281+05:30  INFO 3172 --- [customer] [restartedMain] o.s.v.b.OptionalValidatorFactoryBean     : Failed to set up a Bean Validation provider: jakarta.validation.NoProviderFoundException: Unable to create a Configuration, because no Jakarta Bean Validation provider could be found. Add a provider like Hibernate Validator (RI) to your classpath.
2025-05-22T15:22:52.379+05:30  INFO 3172 --- [customer] [restartedMain] o.s.b.d.a.OptionalLiveReloadServer       : LiveReload server is running on port 35729
2025-05-22T15:22:52.392+05:30  INFO 3172 --- [customer] [restartedMain] o.s.b.w.embedded.tomcat.TomcatWebServer  : Tomcat started on port 7777 (http) with context path '/'
2025-05-22T15:22:52.398+05:30  INFO 3172 --- [customer] [restartedMain] c.app.ClmsCustomerApiModuleApplication   : Started ClmsCustomerApiModuleApplication in 0.725 seconds (process running for 3319.859)
2025-05-22T15:22:52.407+05:30  INFO 3172 --- [customer] [restartedMain] .ConditionEvaluationDeltaLoggingListener : Condition evaluation unchanged
2025-05-22T15:23:14.817+05:30  INFO 3172 --- [customer] [http-nio-7777-exec-1] o.a.c.c.C.[Tomcat].[localhost].[/]       : Initializing Spring DispatcherServlet 'dispatcherServlet'
2025-05-22T15:23:14.817+05:30  INFO 3172 --- [customer] [http-nio-7777-exec-1] o.s.web.servlet.DispatcherServlet        : Initializing Servlet 'dispatcherServlet'
2025-05-22T15:23:14.818+05:30  INFO 3172 --- [customer] [http-nio-7777-exec-1] o.s.web.servlet.DispatcherServlet        : Completed initialization in 1 ms
2025-05-22T15:23:14.883+05:30  INFO 3172 --- [customer] [http-nio-7777-exec-1] com.app.serviceImp.CustomerServiceImp    : Customer Details is not Updated Something Went Wrong Java 8 date/time type `java.time.LocalDate` not supported by default: add Module "com.fasterxml.jackson.datatype:jackson-datatype-jsr310" to enable handling
 at [Source: REDACTED (`StreamReadFeature.INCLUDE_SOURCE_IN_LOCATION` disabled); line: 2, column: 16] (through reference chain: com.app.entity.Customer["dateOfBirth"])
2025-05-22T15:24:33.020+05:30  INFO 3172 --- [customer] [File Watcher] rtingClassPathChangeChangedEventListener : Restarting due to 1 class path change (0 additions, 0 deletions, 1 modification)
2025-05-22T15:24:33.020+05:30  INFO 3172 --- [customer] [Thread-115] o.s.b.w.e.tomcat.GracefulShutdown        : Commencing graceful shutdown. Waiting for active requests to complete
2025-05-22T15:24:33.065+05:30  INFO 3172 --- [customer] [tomcat-shutdown] o.s.b.w.e.tomcat.GracefulShutdown        : Graceful shutdown complete
2025-05-22T15:24:33.066+05:30  INFO 3172 --- [customer] [Thread-115] j.LocalContainerEntityManagerFactoryBean : Closing JPA EntityManagerFactory for persistence unit 'default'
2025-05-22T15:24:33.073+05:30  INFO 3172 --- [customer] [Thread-115] com.zaxxer.hikari.HikariDataSource       : HikariPool-29 - Shutdown initiated...
2025-05-22T15:24:33.076+05:30  INFO 3172 --- [customer] [Thread-115] com.zaxxer.hikari.HikariDataSource       : HikariPool-29 - Shutdown completed.
2025-05-22T15:24:33.153+05:30  INFO 3172 --- [customer] [restartedMain] c.app.ClmsCustomerApiModuleApplication   : Starting ClmsCustomerApiModuleApplication using Java 17.0.8.1 with PID 3172 (C:\Users\Dell\git\CarLoan_Customer\CLMS-Customer-API-Module\target\classes started by Dell in C:\Users\Dell\git\CarLoan_Customer\CLMS-Customer-API-Module)
2025-05-22T15:24:33.153+05:30  INFO 3172 --- [customer] [restartedMain] c.app.ClmsCustomerApiModuleApplication   : No active profile set, falling back to 1 default profile: "default"
2025-05-22T15:24:33.310+05:30  INFO 3172 --- [customer] [restartedMain] .s.d.r.c.RepositoryConfigurationDelegate : Bootstrapping Spring Data JPA repositories in DEFAULT mode.
2025-05-22T15:24:33.317+05:30  INFO 3172 --- [customer] [restartedMain] .s.d.r.c.RepositoryConfigurationDelegate : Finished Spring Data repository scanning in 6 ms. Found 1 JPA repository interface.
2025-05-22T15:24:33.388+05:30  INFO 3172 --- [customer] [restartedMain] o.s.b.w.embedded.tomcat.TomcatWebServer  : Tomcat initialized with port 7777 (http)
2025-05-22T15:24:33.389+05:30  INFO 3172 --- [customer] [restartedMain] o.apache.catalina.core.StandardService   : Starting service [Tomcat]
2025-05-22T15:24:33.389+05:30  INFO 3172 --- [customer] [restartedMain] o.apache.catalina.core.StandardEngine    : Starting Servlet engine: [Apache Tomcat/10.1.40]
2025-05-22T15:24:33.403+05:30  INFO 3172 --- [customer] [restartedMain] o.a.c.c.C.[Tomcat].[localhost].[/]       : Initializing Spring embedded WebApplicationContext
2025-05-22T15:24:33.403+05:30  INFO 3172 --- [customer] [restartedMain] w.s.c.ServletWebServerApplicationContext : Root WebApplicationContext: initialization completed in 248 ms
2025-05-22T15:24:33.437+05:30  INFO 3172 --- [customer] [restartedMain] o.hibernate.jpa.internal.util.LogHelper  : HHH000204: Processing PersistenceUnitInfo [name: default]
2025-05-22T15:24:33.439+05:30  INFO 3172 --- [customer] [restartedMain] o.h.c.internal.RegionFactoryInitiator    : HHH000026: Second-level cache disabled
2025-05-22T15:24:33.445+05:30  INFO 3172 --- [customer] [restartedMain] o.s.o.j.p.SpringPersistenceUnitInfo      : No LoadTimeWeaver setup: ignoring JPA class transformer
2025-05-22T15:24:33.446+05:30  INFO 3172 --- [customer] [restartedMain] com.zaxxer.hikari.HikariDataSource       : HikariPool-30 - Starting...
2025-05-22T15:24:33.457+05:30  INFO 3172 --- [customer] [restartedMain] com.zaxxer.hikari.pool.HikariPool        : HikariPool-30 - Added connection com.mysql.cj.jdbc.ConnectionImpl@18e199f6
2025-05-22T15:24:33.457+05:30  INFO 3172 --- [customer] [restartedMain] com.zaxxer.hikari.HikariDataSource       : HikariPool-30 - Start completed.
2025-05-22T15:24:33.458+05:30  WARN 3172 --- [customer] [restartedMain] org.hibernate.orm.deprecation            : HHH90000025: MySQLDialect does not need to be specified explicitly using 'hibernate.dialect' (remove the property setting and it will be selected by default)
2025-05-22T15:24:33.458+05:30  INFO 3172 --- [customer] [restartedMain] org.hibernate.orm.connections.pooling    : HHH10001005: Database info:
	Database JDBC URL [Connecting through datasource 'HikariDataSource (HikariPool-30)']
	Database driver: undefined/unknown
	Database version: 8.0.37
	Autocommit mode: undefined/unknown
	Isolation level: undefined/unknown
	Minimum pool size: undefined/unknown
	Maximum pool size: undefined/unknown
2025-05-22T15:24:33.505+05:30  INFO 3172 --- [customer] [restartedMain] o.h.e.t.j.p.i.JtaPlatformInitiator       : HHH000489: No JTA platform available (set 'hibernate.transaction.jta.platform' to enable JTA platform integration)
2025-05-22T15:24:33.526+05:30  INFO 3172 --- [customer] [restartedMain] j.LocalContainerEntityManagerFactoryBean : Initialized JPA EntityManagerFactory for persistence unit 'default'
2025-05-22T15:24:33.594+05:30  WARN 3172 --- [customer] [restartedMain] JpaBaseConfiguration$JpaWebConfiguration : spring.jpa.open-in-view is enabled by default. Therefore, database queries may be performed during view rendering. Explicitly configure spring.jpa.open-in-view to disable this warning
2025-05-22T15:24:33.607+05:30  INFO 3172 --- [customer] [restartedMain] o.s.v.b.OptionalValidatorFactoryBean     : Failed to set up a Bean Validation provider: jakarta.validation.NoProviderFoundException: Unable to create a Configuration, because no Jakarta Bean Validation provider could be found. Add a provider like Hibernate Validator (RI) to your classpath.
2025-05-22T15:24:33.715+05:30  INFO 3172 --- [customer] [restartedMain] o.s.b.d.a.OptionalLiveReloadServer       : LiveReload server is running on port 35729
2025-05-22T15:24:33.736+05:30  INFO 3172 --- [customer] [restartedMain] o.s.b.w.embedded.tomcat.TomcatWebServer  : Tomcat started on port 7777 (http) with context path '/'
2025-05-22T15:24:33.742+05:30  INFO 3172 --- [customer] [restartedMain] c.app.ClmsCustomerApiModuleApplication   : Started ClmsCustomerApiModuleApplication in 0.61 seconds (process running for 3421.203)
2025-05-22T15:24:33.744+05:30  INFO 3172 --- [customer] [restartedMain] .ConditionEvaluationDeltaLoggingListener : Condition evaluation unchanged
2025-05-22T15:26:25.266+05:30  INFO 3172 --- [customer] [http-nio-7777-exec-2] o.a.c.c.C.[Tomcat].[localhost].[/]       : Initializing Spring DispatcherServlet 'dispatcherServlet'
2025-05-22T15:26:25.266+05:30  INFO 3172 --- [customer] [http-nio-7777-exec-2] o.s.web.servlet.DispatcherServlet        : Initializing Servlet 'dispatcherServlet'
2025-05-22T15:26:25.267+05:30  INFO 3172 --- [customer] [http-nio-7777-exec-2] o.s.web.servlet.DispatcherServlet        : Completed initialization in 1 ms
2025-05-22T15:26:25.298+05:30  INFO 3172 --- [customer] [http-nio-7777-exec-2] com.app.serviceImp.CustomerServiceImp    : Customer Details is not Updated Something Went Wrong Java 8 date/time type `java.time.LocalDate` not supported by default: add Module "com.fasterxml.jackson.datatype:jackson-datatype-jsr310" to enable handling
 at [Source: REDACTED (`StreamReadFeature.INCLUDE_SOURCE_IN_LOCATION` disabled); line: 2, column: 15] (through reference chain: com.app.entity.Customer["dateOfBirth"])
2025-05-22T15:28:47.357+05:30  INFO 3172 --- [customer] [File Watcher] rtingClassPathChangeChangedEventListener : Restarting due to 11 class path changes (0 additions, 0 deletions, 11 modifications)
2025-05-22T15:28:47.360+05:30  INFO 3172 --- [customer] [Thread-119] o.s.b.w.e.tomcat.GracefulShutdown        : Commencing graceful shutdown. Waiting for active requests to complete
2025-05-22T15:28:47.420+05:30  INFO 3172 --- [customer] [tomcat-shutdown] o.s.b.w.e.tomcat.GracefulShutdown        : Graceful shutdown complete
2025-05-22T15:28:47.425+05:30  INFO 3172 --- [customer] [Thread-119] j.LocalContainerEntityManagerFactoryBean : Closing JPA EntityManagerFactory for persistence unit 'default'
2025-05-22T15:28:47.426+05:30  INFO 3172 --- [customer] [Thread-119] com.zaxxer.hikari.HikariDataSource       : HikariPool-30 - Shutdown initiated...
2025-05-22T15:28:47.437+05:30  INFO 3172 --- [customer] [Thread-119] com.zaxxer.hikari.HikariDataSource       : HikariPool-30 - Shutdown completed.
2025-05-22T15:28:47.572+05:30  INFO 3172 --- [customer] [restartedMain] c.app.ClmsCustomerApiModuleApplication   : Starting ClmsCustomerApiModuleApplication using Java 17.0.8.1 with PID 3172 (C:\Users\Dell\git\CarLoan_Customer\CLMS-Customer-API-Module\target\classes started by Dell in C:\Users\Dell\git\CarLoan_Customer\CLMS-Customer-API-Module)
2025-05-22T15:28:47.572+05:30  INFO 3172 --- [customer] [restartedMain] c.app.ClmsCustomerApiModuleApplication   : No active profile set, falling back to 1 default profile: "default"
2025-05-22T15:28:47.751+05:30  INFO 3172 --- [customer] [restartedMain] .s.d.r.c.RepositoryConfigurationDelegate : Bootstrapping Spring Data JPA repositories in DEFAULT mode.
2025-05-22T15:28:47.760+05:30  INFO 3172 --- [customer] [restartedMain] .s.d.r.c.RepositoryConfigurationDelegate : Finished Spring Data repository scanning in 7 ms. Found 1 JPA repository interface.
2025-05-22T15:28:47.825+05:30  INFO 3172 --- [customer] [restartedMain] o.s.b.w.embedded.tomcat.TomcatWebServer  : Tomcat initialized with port 7777 (http)
2025-05-22T15:28:47.826+05:30  INFO 3172 --- [customer] [restartedMain] o.apache.catalina.core.StandardService   : Starting service [Tomcat]
2025-05-22T15:28:47.826+05:30  INFO 3172 --- [customer] [restartedMain] o.apache.catalina.core.StandardEngine    : Starting Servlet engine: [Apache Tomcat/10.1.40]
2025-05-22T15:28:47.845+05:30  INFO 3172 --- [customer] [restartedMain] o.a.c.c.C.[Tomcat].[localhost].[/]       : Initializing Spring embedded WebApplicationContext
2025-05-22T15:28:47.845+05:30  INFO 3172 --- [customer] [restartedMain] w.s.c.ServletWebServerApplicationContext : Root WebApplicationContext: initialization completed in 270 ms
2025-05-22T15:28:47.868+05:30  INFO 3172 --- [customer] [restartedMain] o.hibernate.jpa.internal.util.LogHelper  : HHH000204: Processing PersistenceUnitInfo [name: default]
2025-05-22T15:28:47.870+05:30  INFO 3172 --- [customer] [restartedMain] o.h.c.internal.RegionFactoryInitiator    : HHH000026: Second-level cache disabled
2025-05-22T15:28:47.878+05:30  INFO 3172 --- [customer] [restartedMain] o.s.o.j.p.SpringPersistenceUnitInfo      : No LoadTimeWeaver setup: ignoring JPA class transformer
2025-05-22T15:28:47.878+05:30  INFO 3172 --- [customer] [restartedMain] com.zaxxer.hikari.HikariDataSource       : HikariPool-31 - Starting...
2025-05-22T15:28:47.887+05:30  INFO 3172 --- [customer] [restartedMain] com.zaxxer.hikari.pool.HikariPool        : HikariPool-31 - Added connection com.mysql.cj.jdbc.ConnectionImpl@a0130a2
2025-05-22T15:28:47.887+05:30  INFO 3172 --- [customer] [restartedMain] com.zaxxer.hikari.HikariDataSource       : HikariPool-31 - Start completed.
2025-05-22T15:28:47.889+05:30  WARN 3172 --- [customer] [restartedMain] org.hibernate.orm.deprecation            : HHH90000025: MySQLDialect does not need to be specified explicitly using 'hibernate.dialect' (remove the property setting and it will be selected by default)
2025-05-22T15:28:47.889+05:30  INFO 3172 --- [customer] [restartedMain] org.hibernate.orm.connections.pooling    : HHH10001005: Database info:
	Database JDBC URL [Connecting through datasource 'HikariDataSource (HikariPool-31)']
	Database driver: undefined/unknown
	Database version: 8.0.37
	Autocommit mode: undefined/unknown
	Isolation level: undefined/unknown
	Minimum pool size: undefined/unknown
	Maximum pool size: undefined/unknown
2025-05-22T15:28:47.932+05:30  INFO 3172 --- [customer] [restartedMain] o.h.e.t.j.p.i.JtaPlatformInitiator       : HHH000489: No JTA platform available (set 'hibernate.transaction.jta.platform' to enable JTA platform integration)
2025-05-22T15:28:47.954+05:30  INFO 3172 --- [customer] [restartedMain] j.LocalContainerEntityManagerFactoryBean : Initialized JPA EntityManagerFactory for persistence unit 'default'
2025-05-22T15:28:48.015+05:30  WARN 3172 --- [customer] [restartedMain] JpaBaseConfiguration$JpaWebConfiguration : spring.jpa.open-in-view is enabled by default. Therefore, database queries may be performed during view rendering. Explicitly configure spring.jpa.open-in-view to disable this warning
2025-05-22T15:28:48.031+05:30  INFO 3172 --- [customer] [restartedMain] o.s.v.b.OptionalValidatorFactoryBean     : Failed to set up a Bean Validation provider: jakarta.validation.NoProviderFoundException: Unable to create a Configuration, because no Jakarta Bean Validation provider could be found. Add a provider like Hibernate Validator (RI) to your classpath.
2025-05-22T15:28:48.119+05:30  INFO 3172 --- [customer] [restartedMain] o.s.b.d.a.OptionalLiveReloadServer       : LiveReload server is running on port 35729
2025-05-22T15:28:48.131+05:30  INFO 3172 --- [customer] [restartedMain] o.s.b.w.embedded.tomcat.TomcatWebServer  : Tomcat started on port 7777 (http) with context path '/'
2025-05-22T15:28:48.135+05:30  INFO 3172 --- [customer] [restartedMain] c.app.ClmsCustomerApiModuleApplication   : Started ClmsCustomerApiModuleApplication in 0.596 seconds (process running for 3675.596)
2025-05-22T15:28:48.138+05:30  INFO 3172 --- [customer] [restartedMain] .ConditionEvaluationDeltaLoggingListener : Condition evaluation unchanged
2025-05-22T15:28:54.430+05:30  INFO 3172 --- [customer] [RMI TCP Connection(65)-127.0.0.1] inMXBeanRegistrar$SpringApplicationAdmin : Application shutdown requested.
2025-05-22T15:28:54.431+05:30  INFO 3172 --- [customer] [RMI TCP Connection(65)-127.0.0.1] o.s.b.w.e.tomcat.GracefulShutdown        : Commencing graceful shutdown. Waiting for active requests to complete
2025-05-22T15:28:54.466+05:30  INFO 3172 --- [customer] [tomcat-shutdown] o.s.b.w.e.tomcat.GracefulShutdown        : Graceful shutdown complete
2025-05-22T15:28:54.468+05:30  INFO 3172 --- [customer] [RMI TCP Connection(65)-127.0.0.1] j.LocalContainerEntityManagerFactoryBean : Closing JPA EntityManagerFactory for persistence unit 'default'
2025-05-22T15:28:54.468+05:30  INFO 3172 --- [customer] [RMI TCP Connection(65)-127.0.0.1] com.zaxxer.hikari.HikariDataSource       : HikariPool-31 - Shutdown initiated...
2025-05-22T15:28:54.474+05:30  INFO 3172 --- [customer] [RMI TCP Connection(65)-127.0.0.1] com.zaxxer.hikari.HikariDataSource       : HikariPool-31 - Shutdown completed.
2025-05-22T15:28:56.953+05:30  INFO 6776 --- [customer] [restartedMain] c.app.ClmsCustomerApiModuleApplication   : Starting ClmsCustomerApiModuleApplication using Java 17.0.8.1 with PID 6776 (C:\Users\Dell\git\CarLoan_Customer\CLMS-Customer-API-Module\target\classes started by Dell in C:\Users\Dell\git\CarLoan_Customer\CLMS-Customer-API-Module)
2025-05-22T15:28:56.957+05:30  INFO 6776 --- [customer] [restartedMain] c.app.ClmsCustomerApiModuleApplication   : No active profile set, falling back to 1 default profile: "default"
2025-05-22T15:28:57.007+05:30  INFO 6776 --- [customer] [restartedMain] .e.DevToolsPropertyDefaultsPostProcessor : Devtools property defaults active! Set 'spring.devtools.add-properties' to 'false' to disable
2025-05-22T15:28:57.007+05:30  INFO 6776 --- [customer] [restartedMain] .e.DevToolsPropertyDefaultsPostProcessor : For additional web related logging consider setting the 'logging.level.web' property to 'DEBUG'
2025-05-22T15:28:57.732+05:30  INFO 6776 --- [customer] [restartedMain] .s.d.r.c.RepositoryConfigurationDelegate : Bootstrapping Spring Data JPA repositories in DEFAULT mode.
2025-05-22T15:28:57.786+05:30  INFO 6776 --- [customer] [restartedMain] .s.d.r.c.RepositoryConfigurationDelegate : Finished Spring Data repository scanning in 44 ms. Found 1 JPA repository interface.
2025-05-22T15:28:58.201+05:30  INFO 6776 --- [customer] [restartedMain] o.s.b.w.embedded.tomcat.TomcatWebServer  : Tomcat initialized with port 7777 (http)
2025-05-22T15:28:58.214+05:30  INFO 6776 --- [customer] [restartedMain] o.apache.catalina.core.StandardService   : Starting service [Tomcat]
2025-05-22T15:28:58.215+05:30  INFO 6776 --- [customer] [restartedMain] o.apache.catalina.core.StandardEngine    : Starting Servlet engine: [Apache Tomcat/10.1.40]
2025-05-22T15:28:58.266+05:30  INFO 6776 --- [customer] [restartedMain] o.a.c.c.C.[Tomcat].[localhost].[/]       : Initializing Spring embedded WebApplicationContext
2025-05-22T15:28:58.267+05:30  INFO 6776 --- [customer] [restartedMain] w.s.c.ServletWebServerApplicationContext : Root WebApplicationContext: initialization completed in 1259 ms
2025-05-22T15:28:58.424+05:30  INFO 6776 --- [customer] [restartedMain] o.hibernate.jpa.internal.util.LogHelper  : HHH000204: Processing PersistenceUnitInfo [name: default]
2025-05-22T15:28:58.475+05:30  INFO 6776 --- [customer] [restartedMain] org.hibernate.Version                    : HHH000412: Hibernate ORM core version 6.6.13.Final
2025-05-22T15:28:58.511+05:30  INFO 6776 --- [customer] [restartedMain] o.h.c.internal.RegionFactoryInitiator    : HHH000026: Second-level cache disabled
2025-05-22T15:28:58.756+05:30  INFO 6776 --- [customer] [restartedMain] o.s.o.j.p.SpringPersistenceUnitInfo      : No LoadTimeWeaver setup: ignoring JPA class transformer
2025-05-22T15:28:58.789+05:30  INFO 6776 --- [customer] [restartedMain] com.zaxxer.hikari.HikariDataSource       : HikariPool-1 - Starting...
2025-05-22T15:28:59.097+05:30  INFO 6776 --- [customer] [restartedMain] com.zaxxer.hikari.pool.HikariPool        : HikariPool-1 - Added connection com.mysql.cj.jdbc.ConnectionImpl@2624e16c
2025-05-22T15:28:59.100+05:30  INFO 6776 --- [customer] [restartedMain] com.zaxxer.hikari.HikariDataSource       : HikariPool-1 - Start completed.
2025-05-22T15:28:59.158+05:30  WARN 6776 --- [customer] [restartedMain] org.hibernate.orm.deprecation            : HHH90000025: MySQLDialect does not need to be specified explicitly using 'hibernate.dialect' (remove the property setting and it will be selected by default)
2025-05-22T15:28:59.180+05:30  INFO 6776 --- [customer] [restartedMain] org.hibernate.orm.connections.pooling    : HHH10001005: Database info:
	Database JDBC URL [Connecting through datasource 'HikariDataSource (HikariPool-1)']
	Database driver: undefined/unknown
	Database version: 8.0.37
	Autocommit mode: undefined/unknown
	Isolation level: undefined/unknown
	Minimum pool size: undefined/unknown
	Maximum pool size: undefined/unknown
2025-05-22T15:29:00.018+05:30  INFO 6776 --- [customer] [restartedMain] o.h.e.t.j.p.i.JtaPlatformInitiator       : HHH000489: No JTA platform available (set 'hibernate.transaction.jta.platform' to enable JTA platform integration)
2025-05-22T15:29:00.112+05:30  INFO 6776 --- [customer] [restartedMain] j.LocalContainerEntityManagerFactoryBean : Initialized JPA EntityManagerFactory for persistence unit 'default'
2025-05-22T15:29:00.477+05:30  WARN 6776 --- [customer] [restartedMain] JpaBaseConfiguration$JpaWebConfiguration : spring.jpa.open-in-view is enabled by default. Therefore, database queries may be performed during view rendering. Explicitly configure spring.jpa.open-in-view to disable this warning
2025-05-22T15:29:00.521+05:30  INFO 6776 --- [customer] [restartedMain] o.s.v.b.OptionalValidatorFactoryBean     : Failed to set up a Bean Validation provider: jakarta.validation.NoProviderFoundException: Unable to create a Configuration, because no Jakarta Bean Validation provider could be found. Add a provider like Hibernate Validator (RI) to your classpath.
2025-05-22T15:29:00.921+05:30  INFO 6776 --- [customer] [restartedMain] o.s.b.d.a.OptionalLiveReloadServer       : LiveReload server is running on port 35729
2025-05-22T15:29:00.965+05:30  INFO 6776 --- [customer] [restartedMain] o.s.b.w.embedded.tomcat.TomcatWebServer  : Tomcat started on port 7777 (http) with context path '/'
2025-05-22T15:29:00.979+05:30  INFO 6776 --- [customer] [restartedMain] c.app.ClmsCustomerApiModuleApplication   : Started ClmsCustomerApiModuleApplication in 4.43 seconds (process running for 5.183)
2025-05-22T15:29:12.684+05:30  INFO 6776 --- [customer] [http-nio-7777-exec-2] o.a.c.c.C.[Tomcat].[localhost].[/]       : Initializing Spring DispatcherServlet 'dispatcherServlet'
2025-05-22T15:29:12.685+05:30  INFO 6776 --- [customer] [http-nio-7777-exec-2] o.s.web.servlet.DispatcherServlet        : Initializing Servlet 'dispatcherServlet'
2025-05-22T15:29:12.688+05:30  INFO 6776 --- [customer] [http-nio-7777-exec-2] o.s.web.servlet.DispatcherServlet        : Completed initialization in 2 ms
2025-05-22T15:29:12.928+05:30  INFO 6776 --- [customer] [http-nio-7777-exec-2] com.app.serviceImp.CustomerServiceImp    : Customer Details is not Updated Something Went Wrong Java 8 date/time type `java.time.LocalDate` not supported by default: add Module "com.fasterxml.jackson.datatype:jackson-datatype-jsr310" to enable handling
 at [Source: REDACTED (`StreamReadFeature.INCLUDE_SOURCE_IN_LOCATION` disabled); line: 2, column: 15] (through reference chain: com.app.entity.Customer["dateOfBirth"])
2025-05-22T15:30:09.825+05:30  INFO 6776 --- [customer] [File Watcher] rtingClassPathChangeChangedEventListener : Restarting due to 1 class path change (0 additions, 0 deletions, 1 modification)
2025-05-22T15:30:09.835+05:30  INFO 6776 --- [customer] [Thread-5] o.s.b.w.e.tomcat.GracefulShutdown        : Commencing graceful shutdown. Waiting for active requests to complete
2025-05-22T15:30:09.899+05:30  INFO 6776 --- [customer] [tomcat-shutdown] o.s.b.w.e.tomcat.GracefulShutdown        : Graceful shutdown complete
2025-05-22T15:30:09.905+05:30  INFO 6776 --- [customer] [Thread-5] j.LocalContainerEntityManagerFactoryBean : Closing JPA EntityManagerFactory for persistence unit 'default'
2025-05-22T15:30:09.908+05:30  INFO 6776 --- [customer] [Thread-5] com.zaxxer.hikari.HikariDataSource       : HikariPool-1 - Shutdown initiated...
2025-05-22T15:30:09.915+05:30  INFO 6776 --- [customer] [Thread-5] com.zaxxer.hikari.HikariDataSource       : HikariPool-1 - Shutdown completed.
2025-05-22T15:30:10.013+05:30  INFO 6776 --- [customer] [restartedMain] c.app.ClmsCustomerApiModuleApplication   : Starting ClmsCustomerApiModuleApplication using Java 17.0.8.1 with PID 6776 (C:\Users\Dell\git\CarLoan_Customer\CLMS-Customer-API-Module\target\classes started by Dell in C:\Users\Dell\git\CarLoan_Customer\CLMS-Customer-API-Module)
2025-05-22T15:30:10.013+05:30  INFO 6776 --- [customer] [restartedMain] c.app.ClmsCustomerApiModuleApplication   : No active profile set, falling back to 1 default profile: "default"
2025-05-22T15:30:10.224+05:30  INFO 6776 --- [customer] [restartedMain] .s.d.r.c.RepositoryConfigurationDelegate : Bootstrapping Spring Data JPA repositories in DEFAULT mode.
2025-05-22T15:30:10.235+05:30  INFO 6776 --- [customer] [restartedMain] .s.d.r.c.RepositoryConfigurationDelegate : Finished Spring Data repository scanning in 10 ms. Found 1 JPA repository interface.
2025-05-22T15:30:10.335+05:30  INFO 6776 --- [customer] [restartedMain] o.s.b.w.embedded.tomcat.TomcatWebServer  : Tomcat initialized with port 7777 (http)
2025-05-22T15:30:10.336+05:30  INFO 6776 --- [customer] [restartedMain] o.apache.catalina.core.StandardService   : Starting service [Tomcat]
2025-05-22T15:30:10.336+05:30  INFO 6776 --- [customer] [restartedMain] o.apache.catalina.core.StandardEngine    : Starting Servlet engine: [Apache Tomcat/10.1.40]
2025-05-22T15:30:10.358+05:30  INFO 6776 --- [customer] [restartedMain] o.a.c.c.C.[Tomcat].[localhost].[/]       : Initializing Spring embedded WebApplicationContext
2025-05-22T15:30:10.358+05:30  INFO 6776 --- [customer] [restartedMain] w.s.c.ServletWebServerApplicationContext : Root WebApplicationContext: initialization completed in 344 ms
2025-05-22T15:30:10.396+05:30  INFO 6776 --- [customer] [restartedMain] o.hibernate.jpa.internal.util.LogHelper  : HHH000204: Processing PersistenceUnitInfo [name: default]
2025-05-22T15:30:10.399+05:30  INFO 6776 --- [customer] [restartedMain] o.h.c.internal.RegionFactoryInitiator    : HHH000026: Second-level cache disabled
2025-05-22T15:30:10.412+05:30  INFO 6776 --- [customer] [restartedMain] o.s.o.j.p.SpringPersistenceUnitInfo      : No LoadTimeWeaver setup: ignoring JPA class transformer
2025-05-22T15:30:10.413+05:30  INFO 6776 --- [customer] [restartedMain] com.zaxxer.hikari.HikariDataSource       : HikariPool-2 - Starting...
2025-05-22T15:30:10.430+05:30  INFO 6776 --- [customer] [restartedMain] com.zaxxer.hikari.pool.HikariPool        : HikariPool-2 - Added connection com.mysql.cj.jdbc.ConnectionImpl@21da4ceb
2025-05-22T15:30:10.431+05:30  INFO 6776 --- [customer] [restartedMain] com.zaxxer.hikari.HikariDataSource       : HikariPool-2 - Start completed.
2025-05-22T15:30:10.434+05:30  WARN 6776 --- [customer] [restartedMain] org.hibernate.orm.deprecation            : HHH90000025: MySQLDialect does not need to be specified explicitly using 'hibernate.dialect' (remove the property setting and it will be selected by default)
2025-05-22T15:30:10.435+05:30  INFO 6776 --- [customer] [restartedMain] org.hibernate.orm.connections.pooling    : HHH10001005: Database info:
	Database JDBC URL [Connecting through datasource 'HikariDataSource (HikariPool-2)']
	Database driver: undefined/unknown
	Database version: 8.0.37
	Autocommit mode: undefined/unknown
	Isolation level: undefined/unknown
	Minimum pool size: undefined/unknown
	Maximum pool size: undefined/unknown
2025-05-22T15:30:10.537+05:30  INFO 6776 --- [customer] [restartedMain] o.h.e.t.j.p.i.JtaPlatformInitiator       : HHH000489: No JTA platform available (set 'hibernate.transaction.jta.platform' to enable JTA platform integration)
2025-05-22T15:30:10.571+05:30  INFO 6776 --- [customer] [restartedMain] j.LocalContainerEntityManagerFactoryBean : Initialized JPA EntityManagerFactory for persistence unit 'default'
2025-05-22T15:30:10.677+05:30  WARN 6776 --- [customer] [restartedMain] JpaBaseConfiguration$JpaWebConfiguration : spring.jpa.open-in-view is enabled by default. Therefore, database queries may be performed during view rendering. Explicitly configure spring.jpa.open-in-view to disable this warning
2025-05-22T15:30:10.692+05:30  INFO 6776 --- [customer] [restartedMain] o.s.v.b.OptionalValidatorFactoryBean     : Failed to set up a Bean Validation provider: jakarta.validation.NoProviderFoundException: Unable to create a Configuration, because no Jakarta Bean Validation provider could be found. Add a provider like Hibernate Validator (RI) to your classpath.
2025-05-22T15:30:10.838+05:30  INFO 6776 --- [customer] [restartedMain] o.s.b.d.a.OptionalLiveReloadServer       : LiveReload server is running on port 35729
2025-05-22T15:30:10.852+05:30  INFO 6776 --- [customer] [restartedMain] o.s.b.w.embedded.tomcat.TomcatWebServer  : Tomcat started on port 7777 (http) with context path '/'
2025-05-22T15:30:10.857+05:30  INFO 6776 --- [customer] [restartedMain] c.app.ClmsCustomerApiModuleApplication   : Started ClmsCustomerApiModuleApplication in 0.877 seconds (process running for 75.061)
2025-05-22T15:30:10.860+05:30  INFO 6776 --- [customer] [restartedMain] .ConditionEvaluationDeltaLoggingListener : Condition evaluation unchanged
2025-05-22T15:30:15.661+05:30  INFO 6776 --- [customer] [http-nio-7777-exec-3] o.a.c.c.C.[Tomcat].[localhost].[/]       : Initializing Spring DispatcherServlet 'dispatcherServlet'
2025-05-22T15:30:15.662+05:30  INFO 6776 --- [customer] [http-nio-7777-exec-3] o.s.web.servlet.DispatcherServlet        : Initializing Servlet 'dispatcherServlet'
2025-05-22T15:30:15.664+05:30  INFO 6776 --- [customer] [http-nio-7777-exec-3] o.s.web.servlet.DispatcherServlet        : Completed initialization in 1 ms
2025-05-22T15:30:15.695+05:30 ERROR 6776 --- [customer] [http-nio-7777-exec-3] com.app.serviceImp.CustomerServiceImp    : Customer Details is not Updated Something Went Wrong Java 8 date/time type `java.time.LocalDate` not supported by default: add Module "com.fasterxml.jackson.datatype:jackson-datatype-jsr310" to enable handling
 at [Source: REDACTED (`StreamReadFeature.INCLUDE_SOURCE_IN_LOCATION` disabled); line: 2, column: 15] (through reference chain: com.app.entity.Customer["dateOfBirth"])
2025-05-22T15:35:02.303+05:30 ERROR 6776 --- [customer] [http-nio-7777-exec-6] com.app.serviceImp.CustomerServiceImp    : Customer Details is not Updated Something Went Wrong Java 8 date/time type `java.time.LocalDate` not supported by default: add Module "com.fasterxml.jackson.datatype:jackson-datatype-jsr310" to enable handling
 at [Source: REDACTED (`StreamReadFeature.INCLUDE_SOURCE_IN_LOCATION` disabled); line: 1, column: 16] (through reference chain: com.app.entity.Customer["dateOfBirth"])
2025-05-22T15:35:34.342+05:30  INFO 6776 --- [customer] [File Watcher] rtingClassPathChangeChangedEventListener : Restarting due to 11 class path changes (0 additions, 0 deletions, 11 modifications)
2025-05-22T15:35:34.348+05:30  INFO 6776 --- [customer] [Thread-7] o.s.b.w.e.tomcat.GracefulShutdown        : Commencing graceful shutdown. Waiting for active requests to complete
2025-05-22T15:35:34.399+05:30  INFO 6776 --- [customer] [tomcat-shutdown] o.s.b.w.e.tomcat.GracefulShutdown        : Graceful shutdown complete
2025-05-22T15:35:34.401+05:30  INFO 6776 --- [customer] [Thread-7] j.LocalContainerEntityManagerFactoryBean : Closing JPA EntityManagerFactory for persistence unit 'default'
2025-05-22T15:35:34.401+05:30  INFO 6776 --- [customer] [Thread-7] com.zaxxer.hikari.HikariDataSource       : HikariPool-2 - Shutdown initiated...
2025-05-22T15:35:34.407+05:30  INFO 6776 --- [customer] [Thread-7] com.zaxxer.hikari.HikariDataSource       : HikariPool-2 - Shutdown completed.
2025-05-22T15:35:34.512+05:30  INFO 6776 --- [customer] [restartedMain] c.app.ClmsCustomerApiModuleApplication   : Starting ClmsCustomerApiModuleApplication using Java 17.0.8.1 with PID 6776 (C:\Users\Dell\git\CarLoan_Customer\CLMS-Customer-API-Module\target\classes started by Dell in C:\Users\Dell\git\CarLoan_Customer\CLMS-Customer-API-Module)
2025-05-22T15:35:34.513+05:30  INFO 6776 --- [customer] [restartedMain] c.app.ClmsCustomerApiModuleApplication   : No active profile set, falling back to 1 default profile: "default"
2025-05-22T15:35:34.703+05:30  INFO 6776 --- [customer] [restartedMain] .s.d.r.c.RepositoryConfigurationDelegate : Bootstrapping Spring Data JPA repositories in DEFAULT mode.
2025-05-22T15:35:34.713+05:30  INFO 6776 --- [customer] [restartedMain] .s.d.r.c.RepositoryConfigurationDelegate : Finished Spring Data repository scanning in 8 ms. Found 1 JPA repository interface.
2025-05-22T15:35:34.803+05:30  INFO 6776 --- [customer] [restartedMain] o.s.b.w.embedded.tomcat.TomcatWebServer  : Tomcat initialized with port 7777 (http)
2025-05-22T15:35:34.803+05:30  INFO 6776 --- [customer] [restartedMain] o.apache.catalina.core.StandardService   : Starting service [Tomcat]
2025-05-22T15:35:34.804+05:30  INFO 6776 --- [customer] [restartedMain] o.apache.catalina.core.StandardEngine    : Starting Servlet engine: [Apache Tomcat/10.1.40]
2025-05-22T15:35:34.825+05:30  INFO 6776 --- [customer] [restartedMain] o.a.c.c.C.[Tomcat].[localhost].[/]       : Initializing Spring embedded WebApplicationContext
2025-05-22T15:35:34.825+05:30  INFO 6776 --- [customer] [restartedMain] w.s.c.ServletWebServerApplicationContext : Root WebApplicationContext: initialization completed in 310 ms
2025-05-22T15:35:34.867+05:30  INFO 6776 --- [customer] [restartedMain] o.hibernate.jpa.internal.util.LogHelper  : HHH000204: Processing PersistenceUnitInfo [name: default]
2025-05-22T15:35:34.870+05:30  INFO 6776 --- [customer] [restartedMain] o.h.c.internal.RegionFactoryInitiator    : HHH000026: Second-level cache disabled
2025-05-22T15:35:34.880+05:30  INFO 6776 --- [customer] [restartedMain] o.s.o.j.p.SpringPersistenceUnitInfo      : No LoadTimeWeaver setup: ignoring JPA class transformer
2025-05-22T15:35:34.882+05:30  INFO 6776 --- [customer] [restartedMain] com.zaxxer.hikari.HikariDataSource       : HikariPool-3 - Starting...
2025-05-22T15:35:34.896+05:30  INFO 6776 --- [customer] [restartedMain] com.zaxxer.hikari.pool.HikariPool        : HikariPool-3 - Added connection com.mysql.cj.jdbc.ConnectionImpl@13ec9fad
2025-05-22T15:35:34.897+05:30  INFO 6776 --- [customer] [restartedMain] com.zaxxer.hikari.HikariDataSource       : HikariPool-3 - Start completed.
2025-05-22T15:35:34.898+05:30  WARN 6776 --- [customer] [restartedMain] org.hibernate.orm.deprecation            : HHH90000025: MySQLDialect does not need to be specified explicitly using 'hibernate.dialect' (remove the property setting and it will be selected by default)
2025-05-22T15:35:34.898+05:30  INFO 6776 --- [customer] [restartedMain] org.hibernate.orm.connections.pooling    : HHH10001005: Database info:
	Database JDBC URL [Connecting through datasource 'HikariDataSource (HikariPool-3)']
	Database driver: undefined/unknown
	Database version: 8.0.37
	Autocommit mode: undefined/unknown
	Isolation level: undefined/unknown
	Minimum pool size: undefined/unknown
	Maximum pool size: undefined/unknown
2025-05-22T15:35:35.008+05:30  INFO 6776 --- [customer] [restartedMain] o.h.e.t.j.p.i.JtaPlatformInitiator       : HHH000489: No JTA platform available (set 'hibernate.transaction.jta.platform' to enable JTA platform integration)
2025-05-22T15:35:35.046+05:30  INFO 6776 --- [customer] [restartedMain] j.LocalContainerEntityManagerFactoryBean : Initialized JPA EntityManagerFactory for persistence unit 'default'
2025-05-22T15:35:35.144+05:30  WARN 6776 --- [customer] [restartedMain] JpaBaseConfiguration$JpaWebConfiguration : spring.jpa.open-in-view is enabled by default. Therefore, database queries may be performed during view rendering. Explicitly configure spring.jpa.open-in-view to disable this warning
2025-05-22T15:35:35.160+05:30  INFO 6776 --- [customer] [restartedMain] o.s.v.b.OptionalValidatorFactoryBean     : Failed to set up a Bean Validation provider: jakarta.validation.NoProviderFoundException: Unable to create a Configuration, because no Jakarta Bean Validation provider could be found. Add a provider like Hibernate Validator (RI) to your classpath.
2025-05-22T15:35:35.286+05:30  INFO 6776 --- [customer] [restartedMain] o.s.b.d.a.OptionalLiveReloadServer       : LiveReload server is running on port 35729
2025-05-22T15:35:35.302+05:30  INFO 6776 --- [customer] [restartedMain] o.s.b.w.embedded.tomcat.TomcatWebServer  : Tomcat started on port 7777 (http) with context path '/'
2025-05-22T15:35:35.308+05:30  INFO 6776 --- [customer] [restartedMain] c.app.ClmsCustomerApiModuleApplication   : Started ClmsCustomerApiModuleApplication in 0.836 seconds (process running for 399.512)
2025-05-22T15:35:35.309+05:30  INFO 6776 --- [customer] [restartedMain] .ConditionEvaluationDeltaLoggingListener : Condition evaluation unchanged
2025-05-22T15:36:16.903+05:30  INFO 6776 --- [customer] [File Watcher] rtingClassPathChangeChangedEventListener : Restarting due to 11 class path changes (0 additions, 0 deletions, 11 modifications)
2025-05-22T15:36:16.906+05:30  INFO 6776 --- [customer] [Thread-11] o.s.b.w.e.tomcat.GracefulShutdown        : Commencing graceful shutdown. Waiting for active requests to complete
2025-05-22T15:36:16.955+05:30  INFO 6776 --- [customer] [tomcat-shutdown] o.s.b.w.e.tomcat.GracefulShutdown        : Graceful shutdown complete
2025-05-22T15:36:16.958+05:30  INFO 6776 --- [customer] [Thread-11] j.LocalContainerEntityManagerFactoryBean : Closing JPA EntityManagerFactory for persistence unit 'default'
2025-05-22T15:36:16.958+05:30  INFO 6776 --- [customer] [Thread-11] com.zaxxer.hikari.HikariDataSource       : HikariPool-3 - Shutdown initiated...
2025-05-22T15:36:16.962+05:30  INFO 6776 --- [customer] [Thread-11] com.zaxxer.hikari.HikariDataSource       : HikariPool-3 - Shutdown completed.
2025-05-22T15:36:17.070+05:30  INFO 6776 --- [customer] [restartedMain] c.app.ClmsCustomerApiModuleApplication   : Starting ClmsCustomerApiModuleApplication using Java 17.0.8.1 with PID 6776 (C:\Users\Dell\git\CarLoan_Customer\CLMS-Customer-API-Module\target\classes started by Dell in C:\Users\Dell\git\CarLoan_Customer\CLMS-Customer-API-Module)
2025-05-22T15:36:17.071+05:30  INFO 6776 --- [customer] [restartedMain] c.app.ClmsCustomerApiModuleApplication   : No active profile set, falling back to 1 default profile: "default"
2025-05-22T15:36:17.276+05:30  INFO 6776 --- [customer] [restartedMain] .s.d.r.c.RepositoryConfigurationDelegate : Bootstrapping Spring Data JPA repositories in DEFAULT mode.
2025-05-22T15:36:17.287+05:30  INFO 6776 --- [customer] [restartedMain] .s.d.r.c.RepositoryConfigurationDelegate : Finished Spring Data repository scanning in 9 ms. Found 1 JPA repository interface.
2025-05-22T15:36:17.365+05:30  INFO 6776 --- [customer] [restartedMain] o.s.b.w.embedded.tomcat.TomcatWebServer  : Tomcat initialized with port 7777 (http)
2025-05-22T15:36:17.366+05:30  INFO 6776 --- [customer] [restartedMain] o.apache.catalina.core.StandardService   : Starting service [Tomcat]
2025-05-22T15:36:17.367+05:30  INFO 6776 --- [customer] [restartedMain] o.apache.catalina.core.StandardEngine    : Starting Servlet engine: [Apache Tomcat/10.1.40]
2025-05-22T15:36:17.385+05:30  INFO 6776 --- [customer] [restartedMain] o.a.c.c.C.[Tomcat].[localhost].[/]       : Initializing Spring embedded WebApplicationContext
2025-05-22T15:36:17.385+05:30  INFO 6776 --- [customer] [restartedMain] w.s.c.ServletWebServerApplicationContext : Root WebApplicationContext: initialization completed in 312 ms
2025-05-22T15:36:17.421+05:30  INFO 6776 --- [customer] [restartedMain] o.hibernate.jpa.internal.util.LogHelper  : HHH000204: Processing PersistenceUnitInfo [name: default]
2025-05-22T15:36:17.425+05:30  INFO 6776 --- [customer] [restartedMain] o.h.c.internal.RegionFactoryInitiator    : HHH000026: Second-level cache disabled
2025-05-22T15:36:17.432+05:30  INFO 6776 --- [customer] [restartedMain] o.s.o.j.p.SpringPersistenceUnitInfo      : No LoadTimeWeaver setup: ignoring JPA class transformer
2025-05-22T15:36:17.433+05:30  INFO 6776 --- [customer] [restartedMain] com.zaxxer.hikari.HikariDataSource       : HikariPool-4 - Starting...
2025-05-22T15:36:17.443+05:30  INFO 6776 --- [customer] [restartedMain] com.zaxxer.hikari.pool.HikariPool        : HikariPool-4 - Added connection com.mysql.cj.jdbc.ConnectionImpl@6d7e98e4
2025-05-22T15:36:17.444+05:30  INFO 6776 --- [customer] [restartedMain] com.zaxxer.hikari.HikariDataSource       : HikariPool-4 - Start completed.
2025-05-22T15:36:17.445+05:30  WARN 6776 --- [customer] [restartedMain] org.hibernate.orm.deprecation            : HHH90000025: MySQLDialect does not need to be specified explicitly using 'hibernate.dialect' (remove the property setting and it will be selected by default)
2025-05-22T15:36:17.445+05:30  INFO 6776 --- [customer] [restartedMain] org.hibernate.orm.connections.pooling    : HHH10001005: Database info:
	Database JDBC URL [Connecting through datasource 'HikariDataSource (HikariPool-4)']
	Database driver: undefined/unknown
	Database version: 8.0.37
	Autocommit mode: undefined/unknown
	Isolation level: undefined/unknown
	Minimum pool size: undefined/unknown
	Maximum pool size: undefined/unknown
2025-05-22T15:36:17.522+05:30  INFO 6776 --- [customer] [restartedMain] o.h.e.t.j.p.i.JtaPlatformInitiator       : HHH000489: No JTA platform available (set 'hibernate.transaction.jta.platform' to enable JTA platform integration)
2025-05-22T15:36:17.547+05:30  INFO 6776 --- [customer] [restartedMain] j.LocalContainerEntityManagerFactoryBean : Initialized JPA EntityManagerFactory for persistence unit 'default'
2025-05-22T15:36:17.636+05:30  WARN 6776 --- [customer] [restartedMain] JpaBaseConfiguration$JpaWebConfiguration : spring.jpa.open-in-view is enabled by default. Therefore, database queries may be performed during view rendering. Explicitly configure spring.jpa.open-in-view to disable this warning
2025-05-22T15:36:17.654+05:30  INFO 6776 --- [customer] [restartedMain] o.s.v.b.OptionalValidatorFactoryBean     : Failed to set up a Bean Validation provider: jakarta.validation.NoProviderFoundException: Unable to create a Configuration, because no Jakarta Bean Validation provider could be found. Add a provider like Hibernate Validator (RI) to your classpath.
2025-05-22T15:36:17.757+05:30  INFO 6776 --- [customer] [restartedMain] o.s.b.d.a.OptionalLiveReloadServer       : LiveReload server is running on port 35729
2025-05-22T15:36:17.769+05:30  INFO 6776 --- [customer] [restartedMain] o.s.b.w.embedded.tomcat.TomcatWebServer  : Tomcat started on port 7777 (http) with context path '/'
2025-05-22T15:36:17.775+05:30  INFO 6776 --- [customer] [restartedMain] c.app.ClmsCustomerApiModuleApplication   : Started ClmsCustomerApiModuleApplication in 0.749 seconds (process running for 441.979)
2025-05-22T15:36:17.777+05:30  INFO 6776 --- [customer] [restartedMain] .ConditionEvaluationDeltaLoggingListener : Condition evaluation unchanged
2025-05-22T15:38:31.054+05:30  INFO 6776 --- [customer] [RMI TCP Connection(13)-127.0.0.1] inMXBeanRegistrar$SpringApplicationAdmin : Application shutdown requested.
2025-05-22T15:38:31.055+05:30  INFO 6776 --- [customer] [RMI TCP Connection(13)-127.0.0.1] o.s.b.w.e.tomcat.GracefulShutdown        : Commencing graceful shutdown. Waiting for active requests to complete
2025-05-22T15:38:31.090+05:30  INFO 6776 --- [customer] [tomcat-shutdown] o.s.b.w.e.tomcat.GracefulShutdown        : Graceful shutdown complete
2025-05-22T15:38:31.092+05:30  INFO 6776 --- [customer] [RMI TCP Connection(13)-127.0.0.1] j.LocalContainerEntityManagerFactoryBean : Closing JPA EntityManagerFactory for persistence unit 'default'
2025-05-22T15:38:31.092+05:30  INFO 6776 --- [customer] [RMI TCP Connection(13)-127.0.0.1] com.zaxxer.hikari.HikariDataSource       : HikariPool-4 - Shutdown initiated...
2025-05-22T15:38:31.095+05:30  INFO 6776 --- [customer] [RMI TCP Connection(13)-127.0.0.1] com.zaxxer.hikari.HikariDataSource       : HikariPool-4 - Shutdown completed.
2025-05-22T15:39:07.810+05:30  INFO 2096 --- [customer] [main] .a.ClmsCustomerApiModuleApplicationTests : Starting ClmsCustomerApiModuleApplicationTests using Java 17.0.8.1 with PID 2096 (started by Dell in C:\Users\Dell\git\CarLoan_Customer\CLMS-Customer-API-Module)
2025-05-22T15:39:07.823+05:30  INFO 2096 --- [customer] [main] .a.ClmsCustomerApiModuleApplicationTests : No active profile set, falling back to 1 default profile: "default"
2025-05-22T15:39:09.058+05:30  INFO 2096 --- [customer] [main] .s.d.r.c.RepositoryConfigurationDelegate : Bootstrapping Spring Data JPA repositories in DEFAULT mode.
2025-05-22T15:39:09.136+05:30  INFO 2096 --- [customer] [main] .s.d.r.c.RepositoryConfigurationDelegate : Finished Spring Data repository scanning in 63 ms. Found 1 JPA repository interface.
2025-05-22T15:39:09.730+05:30  INFO 2096 --- [customer] [main] o.hibernate.jpa.internal.util.LogHelper  : HHH000204: Processing PersistenceUnitInfo [name: default]
2025-05-22T15:39:09.801+05:30  INFO 2096 --- [customer] [main] org.hibernate.Version                    : HHH000412: Hibernate ORM core version 6.6.13.Final
2025-05-22T15:39:09.853+05:30  INFO 2096 --- [customer] [main] o.h.c.internal.RegionFactoryInitiator    : HHH000026: Second-level cache disabled
2025-05-22T15:39:10.306+05:30  INFO 2096 --- [customer] [main] o.s.o.j.p.SpringPersistenceUnitInfo      : No LoadTimeWeaver setup: ignoring JPA class transformer
2025-05-22T15:39:10.347+05:30  INFO 2096 --- [customer] [main] com.zaxxer.hikari.HikariDataSource       : HikariPool-1 - Starting...
2025-05-22T15:39:10.779+05:30  INFO 2096 --- [customer] [main] com.zaxxer.hikari.pool.HikariPool        : HikariPool-1 - Added connection com.mysql.cj.jdbc.ConnectionImpl@1b317e7d
2025-05-22T15:39:10.782+05:30  INFO 2096 --- [customer] [main] com.zaxxer.hikari.HikariDataSource       : HikariPool-1 - Start completed.
2025-05-22T15:39:10.857+05:30  WARN 2096 --- [customer] [main] org.hibernate.orm.deprecation            : HHH90000025: MySQLDialect does not need to be specified explicitly using 'hibernate.dialect' (remove the property setting and it will be selected by default)
2025-05-22T15:39:10.888+05:30  INFO 2096 --- [customer] [main] org.hibernate.orm.connections.pooling    : HHH10001005: Database info:
	Database JDBC URL [Connecting through datasource 'HikariDataSource (HikariPool-1)']
	Database driver: undefined/unknown
	Database version: 8.0.37
	Autocommit mode: undefined/unknown
	Isolation level: undefined/unknown
	Minimum pool size: undefined/unknown
	Maximum pool size: undefined/unknown
2025-05-22T15:39:12.270+05:30  INFO 2096 --- [customer] [main] o.h.e.t.j.p.i.JtaPlatformInitiator       : HHH000489: No JTA platform available (set 'hibernate.transaction.jta.platform' to enable JTA platform integration)
2025-05-22T15:39:12.403+05:30  INFO 2096 --- [customer] [main] j.LocalContainerEntityManagerFactoryBean : Initialized JPA EntityManagerFactory for persistence unit 'default'
2025-05-22T15:39:13.171+05:30  WARN 2096 --- [customer] [main] JpaBaseConfiguration$JpaWebConfiguration : spring.jpa.open-in-view is enabled by default. Therefore, database queries may be performed during view rendering. Explicitly configure spring.jpa.open-in-view to disable this warning
2025-05-22T15:39:13.246+05:30  INFO 2096 --- [customer] [main] o.s.v.b.OptionalValidatorFactoryBean     : Failed to set up a Bean Validation provider: jakarta.validation.NoProviderFoundException: Unable to create a Configuration, because no Jakarta Bean Validation provider could be found. Add a provider like Hibernate Validator (RI) to your classpath.
2025-05-22T15:39:14.301+05:30  INFO 2096 --- [customer] [main] .a.ClmsCustomerApiModuleApplicationTests : Started ClmsCustomerApiModuleApplicationTests in 7.006 seconds (process running for 8.794)
2025-05-22T15:39:15.431+05:30  INFO 2096 --- [customer] [SpringApplicationShutdownHook] j.LocalContainerEntityManagerFactoryBean : Closing JPA EntityManagerFactory for persistence unit 'default'
2025-05-22T15:39:15.436+05:30  INFO 2096 --- [customer] [SpringApplicationShutdownHook] com.zaxxer.hikari.HikariDataSource       : HikariPool-1 - Shutdown initiated...
2025-05-22T15:39:15.455+05:30  INFO 2096 --- [customer] [SpringApplicationShutdownHook] com.zaxxer.hikari.HikariDataSource       : HikariPool-1 - Shutdown completed.
2025-05-22T15:42:47.964+05:30  INFO 10972 --- [customer] [restartedMain] c.app.ClmsCustomerApiModuleApplication   : Starting ClmsCustomerApiModuleApplication using Java 17.0.8.1 with PID 10972 (C:\Users\Dell\git\CarLoan_Customer\CLMS-Customer-API-Module\target\classes started by Dell in C:\Users\Dell\git\CarLoan_Customer\CLMS-Customer-API-Module)
2025-05-22T15:42:47.970+05:30  INFO 10972 --- [customer] [restartedMain] c.app.ClmsCustomerApiModuleApplication   : No active profile set, falling back to 1 default profile: "default"
2025-05-22T15:42:48.078+05:30  INFO 10972 --- [customer] [restartedMain] .e.DevToolsPropertyDefaultsPostProcessor : Devtools property defaults active! Set 'spring.devtools.add-properties' to 'false' to disable
2025-05-22T15:42:48.078+05:30  INFO 10972 --- [customer] [restartedMain] .e.DevToolsPropertyDefaultsPostProcessor : For additional web related logging consider setting the 'logging.level.web' property to 'DEBUG'
2025-05-22T15:42:50.653+05:30  INFO 10972 --- [customer] [restartedMain] .s.d.r.c.RepositoryConfigurationDelegate : Bootstrapping Spring Data JPA repositories in DEFAULT mode.
2025-05-22T15:42:50.718+05:30  INFO 10972 --- [customer] [restartedMain] .s.d.r.c.RepositoryConfigurationDelegate : Finished Spring Data repository scanning in 54 ms. Found 1 JPA repository interface.
2025-05-22T15:42:51.921+05:30  INFO 10972 --- [customer] [restartedMain] o.s.b.w.embedded.tomcat.TomcatWebServer  : Tomcat initialized with port 7777 (http)
2025-05-22T15:42:51.956+05:30  INFO 10972 --- [customer] [restartedMain] o.apache.catalina.core.StandardService   : Starting service [Tomcat]
2025-05-22T15:42:51.977+05:30  INFO 10972 --- [customer] [restartedMain] o.apache.catalina.core.StandardEngine    : Starting Servlet engine: [Apache Tomcat/10.1.40]
2025-05-22T15:42:52.302+05:30  INFO 10972 --- [customer] [restartedMain] o.a.c.c.C.[Tomcat].[localhost].[/]       : Initializing Spring embedded WebApplicationContext
2025-05-22T15:42:52.303+05:30  INFO 10972 --- [customer] [restartedMain] w.s.c.ServletWebServerApplicationContext : Root WebApplicationContext: initialization completed in 4224 ms
2025-05-22T15:42:52.976+05:30  INFO 10972 --- [customer] [restartedMain] o.hibernate.jpa.internal.util.LogHelper  : HHH000204: Processing PersistenceUnitInfo [name: default]
2025-05-22T15:42:53.220+05:30  INFO 10972 --- [customer] [restartedMain] org.hibernate.Version                    : HHH000412: Hibernate ORM core version 6.6.13.Final
2025-05-22T15:42:53.277+05:30  INFO 10972 --- [customer] [restartedMain] o.h.c.internal.RegionFactoryInitiator    : HHH000026: Second-level cache disabled
2025-05-22T15:42:53.686+05:30  INFO 10972 --- [customer] [restartedMain] o.s.o.j.p.SpringPersistenceUnitInfo      : No LoadTimeWeaver setup: ignoring JPA class transformer
2025-05-22T15:42:53.722+05:30  INFO 10972 --- [customer] [restartedMain] com.zaxxer.hikari.HikariDataSource       : HikariPool-1 - Starting...
2025-05-22T15:42:54.030+05:30  INFO 10972 --- [customer] [restartedMain] com.zaxxer.hikari.pool.HikariPool        : HikariPool-1 - Added connection com.mysql.cj.jdbc.ConnectionImpl@76db41f2
2025-05-22T15:42:54.035+05:30  INFO 10972 --- [customer] [restartedMain] com.zaxxer.hikari.HikariDataSource       : HikariPool-1 - Start completed.
2025-05-22T15:42:54.101+05:30  WARN 10972 --- [customer] [restartedMain] org.hibernate.orm.deprecation            : HHH90000025: MySQLDialect does not need to be specified explicitly using 'hibernate.dialect' (remove the property setting and it will be selected by default)
2025-05-22T15:42:54.126+05:30  INFO 10972 --- [customer] [restartedMain] org.hibernate.orm.connections.pooling    : HHH10001005: Database info:
	Database JDBC URL [Connecting through datasource 'HikariDataSource (HikariPool-1)']
	Database driver: undefined/unknown
	Database version: 8.0.37
	Autocommit mode: undefined/unknown
	Isolation level: undefined/unknown
	Minimum pool size: undefined/unknown
	Maximum pool size: undefined/unknown
2025-05-22T15:42:55.028+05:30  INFO 10972 --- [customer] [restartedMain] o.h.e.t.j.p.i.JtaPlatformInitiator       : HHH000489: No JTA platform available (set 'hibernate.transaction.jta.platform' to enable JTA platform integration)
2025-05-22T15:42:55.134+05:30  INFO 10972 --- [customer] [restartedMain] j.LocalContainerEntityManagerFactoryBean : Initialized JPA EntityManagerFactory for persistence unit 'default'
2025-05-22T15:42:55.513+05:30  WARN 10972 --- [customer] [restartedMain] JpaBaseConfiguration$JpaWebConfiguration : spring.jpa.open-in-view is enabled by default. Therefore, database queries may be performed during view rendering. Explicitly configure spring.jpa.open-in-view to disable this warning
2025-05-22T15:42:55.558+05:30  INFO 10972 --- [customer] [restartedMain] o.s.v.b.OptionalValidatorFactoryBean     : Failed to set up a Bean Validation provider: jakarta.validation.NoProviderFoundException: Unable to create a Configuration, because no Jakarta Bean Validation provider could be found. Add a provider like Hibernate Validator (RI) to your classpath.
2025-05-22T15:42:55.972+05:30  INFO 10972 --- [customer] [restartedMain] o.s.b.d.a.OptionalLiveReloadServer       : LiveReload server is running on port 35729
2025-05-22T15:42:56.015+05:30  INFO 10972 --- [customer] [restartedMain] o.s.b.w.embedded.tomcat.TomcatWebServer  : Tomcat started on port 7777 (http) with context path '/'
2025-05-22T15:42:56.027+05:30  INFO 10972 --- [customer] [restartedMain] c.app.ClmsCustomerApiModuleApplication   : Started ClmsCustomerApiModuleApplication in 8.919 seconds (process running for 11.851)
2025-05-22T15:43:02.598+05:30  INFO 10972 --- [customer] [http-nio-7777-exec-2] o.a.c.c.C.[Tomcat].[localhost].[/]       : Initializing Spring DispatcherServlet 'dispatcherServlet'
2025-05-22T15:43:02.598+05:30  INFO 10972 --- [customer] [http-nio-7777-exec-2] o.s.web.servlet.DispatcherServlet        : Initializing Servlet 'dispatcherServlet'
2025-05-22T15:43:02.600+05:30  INFO 10972 --- [customer] [http-nio-7777-exec-2] o.s.web.servlet.DispatcherServlet        : Completed initialization in 2 ms
2025-05-22T15:43:02.874+05:30 ERROR 10972 --- [customer] [http-nio-7777-exec-2] com.app.serviceImp.CustomerServiceImp    : Customer Details is not Updated Something Went Wrong Java 8 date/time type `java.time.LocalDate` not supported by default: add Module "com.fasterxml.jackson.datatype:jackson-datatype-jsr310" to enable handling
 at [Source: REDACTED (`StreamReadFeature.INCLUDE_SOURCE_IN_LOCATION` disabled); line: 1, column: 16] (through reference chain: com.app.entity.Customer["dateOfBirth"])
2025-05-22T15:45:44.398+05:30  INFO 10972 --- [customer] [File Watcher] rtingClassPathChangeChangedEventListener : Restarting due to 1 class path change (0 additions, 0 deletions, 1 modification)
2025-05-22T15:45:44.407+05:30  INFO 10972 --- [customer] [Thread-5] o.s.b.w.e.tomcat.GracefulShutdown        : Commencing graceful shutdown. Waiting for active requests to complete
2025-05-22T15:45:44.470+05:30  INFO 10972 --- [customer] [tomcat-shutdown] o.s.b.w.e.tomcat.GracefulShutdown        : Graceful shutdown complete
2025-05-22T15:45:44.475+05:30  INFO 10972 --- [customer] [Thread-5] j.LocalContainerEntityManagerFactoryBean : Closing JPA EntityManagerFactory for persistence unit 'default'
2025-05-22T15:45:44.481+05:30  INFO 10972 --- [customer] [Thread-5] com.zaxxer.hikari.HikariDataSource       : HikariPool-1 - Shutdown initiated...
2025-05-22T15:45:44.511+05:30  INFO 10972 --- [customer] [Thread-5] com.zaxxer.hikari.HikariDataSource       : HikariPool-1 - Shutdown completed.
